address,end,module,generated_name,provisional_name,name_source,confidence,replacement_status,notes
0x00100000,0x00100004,BOOT,sub_00100000,,ptr-table,medium,recomp,
0x00100004,0x00100010,BOOT,sub_00100004,,la-pair,medium,recomp,
0x00100010,0x001000C0,BOOT,sub_00100010,,elf-entry,high,recomp,
0x001000C0,0x001000C8,BOOT,sub_001000C0,,jal,high,recomp,
0x001000C8,0x001000D0,BOOT,sub_001000C8,,la-pair,medium,recomp,
0x001000D0,0x00100274,BOOT,sub_001000D0,ResolveRelocation,xff-abs-symbol+jal,high,recomp,
0x00100278,0x001004B8,BOOT,sub_00100278,DecodeSection,xff-abs-symbol+jal,high,recomp,
0x001004B8,0x0010058C,BOOT,sub_001004B8,RelocateElfInfoHeader,xff-abs-symbol+jal,high,recomp,
0x00100590,0x00100A54,BOOT,sub_00100590,OutputLinkerScriptFile,xff-abs-symbol+jal,high,recomp,
0x00100A58,0x00100AF4,BOOT,sub_00100A58,,jal,high,recomp,
0x00100AF4,0x00100BF8,BOOT,sub_00100AF4,loaderThreadJumpCode,xff-abs-label+la-pair,high,recomp,
0x00100BF8,0x00100C7C,BOOT,sub_00100BF8,LoaderSysJumpRecoverPointNoStateSetting,xff-abs-symbol,high,recomp,
0x00100C80,0x00100D48,BOOT,sub_00100C80,LoaderSysJumpRecoverPoint,xff-abs-symbol,high,recomp,
0x00100D48,0x00101190,BOOT,sub_00100D48,,jal,high,recomp,
0x00101190,0x001013C8,BOOT,sub_00101190,MoveElf,xff-abs-symbol,high,recomp,
0x001013C8,0x00101518,BOOT,sub_001013C8,,jal,high,recomp,
0x00101518,0x001016E4,BOOT,sub_00101518,LoaderSysRelocateOnlineElfInfo,xff-abs-symbol,high,recomp,
0x001016E8,0x001017FC,BOOT,sub_001016E8,RelocateCode,xff-abs-symbol,high,recomp,
0x00101800,0x001018B8,BOOT,sub_00101800,FreeDecodedSection,xff-abs-symbol,high,recomp,
0x001018B8,0x00101950,BOOT,sub_001018B8,RelocateSelfSymbol,xff-abs-symbol,high,recomp,
0x00101950,0x00101A30,BOOT,sub_00101950,DisposeRelocationElement,xff-abs-symbol,high,recomp,
0x00101A30,0x00101A44,BOOT,sub_00101A30,SetHeapStartPoint,xff-abs-symbol+jal,high,recomp,
0x00101A48,0x00101A50,BOOT,sub_00101A48,GetHeapCurrentPoint,xff-abs-symbol,high,recomp,
0x00101A50,0x00101AA0,BOOT,sub_00101A50,LoaderSysResetSystem,xff-abs-symbol,high,recomp,
0x00101AA0,0x00101AC0,BOOT,sub_00101AA0,,la-pair,medium,recomp,
0x00101AC0,0x00101AF0,BOOT,sub_00101AC0,,la-pair,medium,recomp,
0x00101AF0,0x00101B20,BOOT,sub_00101AF0,,la-pair,medium,recomp,
0x00101B20,0x00101B88,BOOT,sub_00101B20,_checkExistString,xff-abs-symbol,high,recomp,
0x00101B88,0x00101CC8,BOOT,sub_00101B88,,jal,high,recomp,
0x00101CC8,0x00101D90,BOOT,sub_00101CC8,_execProgWithThread,xff-abs-symbol+la-pair,high,recomp,
0x00101D90,0x00101EBC,BOOT,sub_00101D90,execProgWithThread,xff-abs-symbol+jal,high,recomp,
0x00101EC0,0x001020C0,BOOT,sub_00101EC0,,jal,high,recomp,
0x001020C0,0x001021CC,BOOT,sub_001020C0,InitException,xff-abs-symbol+jal,high,recomp,
0x001021D0,0x001021DC,BOOT,sub_001021D0,setCop0Epc,xff-abs-symbol,high,recomp,
0x001021E0,0x00102438,BOOT,sub_001021E0,,after-named,medium,recomp,
0x00102438,0x00102500,BOOT,sub_00102438,LoaderSysDeleteAllExternalIntcHandler,xff-abs-symbol+jal,high,recomp,
0x00102500,0x00102608,BOOT,sub_00102500,LoaderSysDeleteAllExternalSema,xff-abs-symbol+jal,high,recomp,
0x00102608,0x0010272C,BOOT,sub_00102608,LoaderSysExecuteRecoveryFirstProcess,xff-abs-symbol+jal,high,recomp,
0x00102730,0x0010278C,BOOT,sub_00102730,LoaderSysEntryExternalIntcHandlerList,xff-abs-symbol,high,recomp,
0x00102790,0x001027DC,BOOT,sub_00102790,LoaderSysEntryExternalThreadList,xff-abs-symbol+jal,high,recomp,
0x001027E0,0x0010282C,BOOT,sub_001027E0,LoaderSysEntryExternalSemaList,xff-abs-symbol,high,recomp,
0x00102830,0x001028A0,BOOT,sub_00102830,LoaderSysEntryExternalIopMemoryList,xff-abs-symbol,high,recomp,
0x001028A0,0x001028EC,BOOT,sub_001028A0,LoaderSysDeleteExternalIntcHandlerList,xff-abs-symbol,high,recomp,
0x001028F0,0x0010292C,BOOT,sub_001028F0,LoaderSysDeleteExternalThreadList,xff-abs-symbol+jal,high,recomp,
0x00102930,0x0010296C,BOOT,sub_00102930,LoaderSysDeleteExternalSemaList,xff-abs-symbol,high,recomp,
0x00102970,0x001029C4,BOOT,sub_00102970,LoaderSysDeleteExternalIopMemoryList,xff-abs-symbol,high,recomp,
0x001029C8,0x001029FC,BOOT,sub_001029C8,LoaderSysInitExternalIntcHandlerList,xff-abs-symbol+jal,high,recomp,
0x00102A00,0x00102A3C,BOOT,sub_00102A00,LoaderSysInitExternalSemaList,xff-abs-symbol+jal,high,recomp,
0x00102A40,0x00102A7C,BOOT,sub_00102A40,LoaderSysInitExternalThreadList,xff-abs-symbol+jal,high,recomp,
0x00102A80,0x00102AEC,BOOT,sub_00102A80,LoaderSysExternalThreadListCallBack,xff-abs-symbol,high,recomp,
0x00102AF0,0x00102B68,BOOT,sub_00102AF0,LoaderSysChangeExteranalThreadPriorityExceptMe,xff-abs-symbol,high,recomp,
0x00102B68,0x00102BD4,BOOT,sub_00102B68,LoaderSysDeleteAllExternalThread,xff-abs-symbol+jal,high,recomp,
0x00102BD8,0x00102C54,BOOT,sub_00102BD8,LoaderSysDeleteAllExternalThreadExceptMe,xff-abs-symbol,high,recomp,
0x00102C58,0x00102C8C,BOOT,sub_00102C58,LoaderSysInitExternalIopMemoryList,xff-abs-symbol+jal,high,recomp,
0x00102C90,0x00102CF4,BOOT,sub_00102C90,LoaderSysDeleteAllExternalIopMemory,xff-abs-symbol+jal,high,recomp,
0x00102CF8,0x00102D6C,BOOT,sub_00102CF8,LoaderSysPrintf,xff-abs-symbol+jal+la-pair,high,recomp,
0x00102D70,0x00102FDC,BOOT,sub_00102D70,LoaderSysLoadIopModuleFromEEBuffer,xff-abs-symbol,high,recomp,
0x00102FE0,0x00102FE8,BOOT,sub_00102FE0,LoaderSysCheckCDBootMode,xff-abs-symbol,high,recomp,
0x00102FE8,0x00103008,BOOT,sub_00102FE8,LoaderSysPutString,xff-abs-symbol,high,recomp,
0x00103008,0x0010301C,BOOT,sub_00103008,LoaderSysFOpen,xff-abs-symbol+jal,high,recomp,
0x00103020,0x00103034,BOOT,sub_00103020,LoaderSysFClose,xff-abs-symbol+jal,high,recomp,
0x00103038,0x0010304C,BOOT,sub_00103038,LoaderSysFSeek,xff-abs-symbol,high,recomp,
0x00103050,0x00103064,BOOT,sub_00103050,LoaderSysFSeek64,xff-abs-symbol,high,recomp,
0x00103068,0x0010307C,BOOT,sub_00103068,LoaderSysFRead,xff-abs-symbol+jal,high,recomp,
0x00103080,0x00103094,BOOT,sub_00103080,LoaderSysFWrite,xff-abs-symbol+jal,high,recomp,
0x00103098,0x001030AC,BOOT,sub_00103098,LoaderSysRemove,xff-abs-symbol,high,recomp,
0x001030B0,0x001030C4,BOOT,sub_001030B0,LoaderSysRmdir,xff-abs-symbol,high,recomp,
0x001030C8,0x001030DC,BOOT,sub_001030C8,LoaderSysMkdir,xff-abs-symbol,high,recomp,
0x001030E0,0x001030F4,BOOT,sub_001030E0,LoaderSysGetstat,xff-abs-symbol+jal,high,recomp,
0x001030F8,0x0010310C,BOOT,sub_001030F8,LoaderSysChstat,xff-abs-symbol,high,recomp,
0x00103110,0x00103258,BOOT,sub_00103110,LoaderSysGetMemoryInfo,xff-abs-symbol,high,recomp,
0x00103258,0x001032EC,BOOT,sub_00103258,LoaderSysDumpIopModuleIdentifiers,xff-abs-symbol,high,recomp,
0x001032F0,0x001032F8,BOOT,sub_001032F0,LoaderSysSendAbort,xff-abs-symbol+jal,high,recomp,
0x001032F8,0x00103300,BOOT,sub_001032F8,LoaderSysFlushPrint,xff-abs-symbol+jal,high,recomp,
0x00103300,0x0010333C,BOOT,sub_00103300,checkHookDesc,xff-abs-symbol,high,recomp,
0x00103340,0x001033B0,BOOT,sub_00103340,setNewIopIdentifier,xff-abs-symbol+jal,high,recomp,
0x001033B0,0x00103848,BOOT,sub_001033B0,,jal,high,recomp,
0x00103848,0x001039C4,BOOT,sub_00103848,loaderLoop,xff-abs-symbol+jal+la-pair,high,recomp,
0x001039C8,0x00103B30,BOOT,sub_001039C8,,jal+la-pair,high,recomp,
0x00103B30,0x00103B3C,BOOT,sub_00103B30,LoaderSysGetBootArg,xff-abs-symbol,high,recomp,
0x00103B40,0x00103C10,BOOT,sub_00103B40,LoaderSysLoadIopModule,xff-abs-symbol+jal,high,recomp,
0x00103C10,0x00103D14,BOOT,sub_00103C10,LoaderSysUnloadIopModuleByName,xff-abs-symbol+jal,high,recomp,
0x00103D18,0x00103D20,BOOT,sub_00103D18,LoaderSysHookPoint,xff-abs-symbol,high,recomp,
0x00103D20,0x00103DAC,BOOT,sub_00103D20,LoaderSysRebootIop,xff-abs-symbol,high,recomp,
0x00103DB0,0x00103E20,BOOT,sub_00103DB0,loaderExecResetCallback,xff-abs-symbol+jal,high,recomp,
0x00103E20,0x00103E7C,BOOT,sub_00103E20,loaderSetResetCallback,xff-abs-symbol+ptr-table,high,recomp,
0x00103E80,0x00103EC8,BOOT,sub_00103E80,memprintf,xff-abs-symbol,high,recomp,
0x00103EC8,0x00103F10,BOOT,sub_00103EC8,imemprintf,xff-abs-symbol,high,recomp,
0x00103F10,0x00103F18,BOOT,sub_00103F10,initmemprintf,xff-abs-symbol+jal,high,recomp,
0x00103F18,0x001042B0,BOOT,sub_00103F18,,jal,high,recomp,
0x001042B0,0x00104428,BOOT,sub_001042B0,,jal,high,recomp,
0x00104428,0x001045B4,BOOT,sub_00104428,LoaderSysInitTCP,xff-abs-symbol+ptr-table,high,recomp,
0x001045B8,0x001046EC,BOOT,sub_001045B8,padSysTickProc,xff-abs-symbol,high,recomp,
0x001046F0,0x0010476C,BOOT,sub_001046F0,padsysInit,xff-abs-symbol,high,recomp,
0x00104770,0x00104790,BOOT,sub_00104770,padSysGet,xff-abs-symbol,high,recomp,
0x00104790,0x001047EC,BOOT,sub_00104790,padSysReadForLoader,xff-abs-symbol+jal,high,recomp,
0x001047F0,0x00104850,BOOT,sub_001047F0,padSysVibSetAcrParam,xff-abs-symbol,high,recomp,
0x00104850,0x00104858,BOOT,sub_00104850,LoaderSysSetPowerOffCallBackFunc,xff-abs-symbol,high,recomp,
0x00104858,0x001048E4,BOOT,sub_00104858,PreparePowerOff,xff-abs-symbol+jal,high,recomp,
0x001048E8,0x00104998,BOOT,sub_001048E8,,la-pair,medium,recomp,
0x00104998,0x001049B0,BOOT,sub_00104998,,la-pair,medium,recomp,
0x001049B0,0x00104B60,BOOT,sub_001049B0,usbSerialSysPutString,xff-abs-symbol+jal+ptr-table,high,recomp,
0x00104B60,0x00104BCC,BOOT,sub_00104B60,usbSerialSysPrintf,xff-abs-symbol,high,recomp,
0x00104BD0,0x00104CE8,BOOT,sub_00104BD0,usbSerialSysInit,xff-abs-symbol,high,recomp,
0x00104CE8,0x00104D10,BOOT,sub_00104CE8,,after-named,medium,recomp,
0x00104D10,0x00104FDC,BOOT,sub_00104D10,PutFont,xff-abs-symbol+jal,high,recomp,
0x00104FE0,0x0010524C,BOOT,sub_00104FE0,_putString,xff-abs-symbol,high,recomp,
0x00105250,0x00105294,BOOT,sub_00105250,PutString,xff-abs-symbol+jal,high,recomp,
0x00105298,0x001052DC,BOOT,sub_00105298,PutStringS,xff-abs-symbol+jal,high,recomp,
0x001052E0,0x001054D0,BOOT,sub_001052E0,,j-tail,medium,recomp,
0x001054D0,0x001055E4,BOOT,sub_001054D0,Sync,xff-abs-symbol+jal,high,recomp,
0x001055E8,0x00105740,BOOT,sub_001055E8,ReinitDisp,xff-abs-symbol+jal,high,recomp,
0x00105740,0x00105C18,BOOT,sub_00105740,LoaderSysDrawSprite,xff-abs-symbol,high,recomp,
0x00105C18,0x00105C88,BOOT,sub_00105C18,ExecBaseProc,xff-abs-symbol+jal,high,recomp,
0x00105C88,0x00105C94,BOOT,sub_00105C88,SetLocate,xff-abs-symbol,high,recomp,
0x00105C98,0x00105D34,BOOT,sub_00105C98,ScrollDisplay,xff-abs-symbol,high,recomp,
0x00105D38,0x00105D9C,BOOT,sub_00105D38,ClearDisplay,xff-abs-symbol,high,recomp,
0x00105DA0,0x00105E1C,BOOT,sub_00105DA0,InitDisp,xff-abs-symbol+jal,high,recomp,
0x00105E20,0x00105E90,BOOT,sub_00105E20,RestoreNormalDrawEnvironment,xff-abs-symbol,high,recomp,
0x00105E90,0x00105F58,BOOT,sub_00105E90,SetTextureWithFrameBuffer,xff-abs-symbol,high,recomp,
0x00105F58,0x00106004,BOOT,sub_00105F58,SetTexDrawEnvironment,xff-abs-symbol,high,recomp,
0x00106008,0x001060D4,BOOT,sub_00106008,SetDrawnTextureEnvironment,xff-abs-symbol,high,recomp,
0x001060D8,0x0010619C,BOOT,sub_001060D8,SetDrawEnvironment,xff-abs-symbol,high,recomp,
0x001061A0,0x001062EC,BOOT,sub_001061A0,SetPrimColor,xff-abs-symbol,high,recomp,
0x001062F0,0x0010645C,BOOT,sub_001062F0,SetPrimColorTex,xff-abs-symbol,high,recomp,
0x00106460,0x00106494,BOOT,sub_00106460,PutChar,xff-abs-symbol,high,recomp,
0x001064C0,0x001064D0,BOOT,sub_001064C0,RFU000_FullReset,xff-abs-symbol,high,recomp,
0x001064D0,0x001064E0,BOOT,sub_001064D0,ResetEE,xff-abs-symbol,high,recomp,
0x001064E0,0x001064F0,BOOT,sub_001064E0,SetGsCrt,xff-abs-symbol,high,recomp,
0x001064F0,0x00106500,BOOT,sub_001064F0,RFU003,xff-abs-symbol,high,recomp,
0x00106500,0x00106510,BOOT,sub_00106500,_Exit,xff-abs-symbol,high,recomp,
0x00106510,0x00106520,BOOT,sub_00106510,RFU005,xff-abs-symbol,high,recomp,
0x00106520,0x00106530,BOOT,sub_00106520,_LoadExecPS2,xff-abs-symbol,high,recomp,
0x00106530,0x00106540,BOOT,sub_00106530,_ExecPS2,xff-abs-symbol+jal,high,recomp,
0x00106540,0x00106550,BOOT,sub_00106540,RFU008,xff-abs-symbol,high,recomp,
0x00106550,0x00106560,BOOT,sub_00106550,RFU009,xff-abs-symbol,high,recomp,
0x00106560,0x00106570,BOOT,sub_00106560,AddSbusIntcHandler,xff-abs-symbol,high,recomp,
0x00106570,0x00106580,BOOT,sub_00106570,RemoveSbusIntcHandler,xff-abs-symbol,high,recomp,
0x00106580,0x00106590,BOOT,sub_00106580,Interrupt2Iop,xff-abs-symbol,high,recomp,
0x00106590,0x001065A0,BOOT,sub_00106590,SetVTLBRefillHandler,xff-abs-symbol+jal,high,recomp,
0x001065A0,0x001065B0,BOOT,sub_001065A0,SetVCommonHandler,xff-abs-symbol+jal,high,recomp,
0x001065B0,0x001065C0,BOOT,sub_001065B0,SetVInterruptHandler,xff-abs-symbol,high,recomp,
0x001065C0,0x001065D0,BOOT,sub_001065C0,AddIntcHandler,xff-abs-symbol,high,recomp,
0x001065D0,0x001065E0,BOOT,sub_001065D0,AddIntcHandler2,xff-abs-symbol+jal,high,recomp,
0x001065E0,0x001065F0,BOOT,sub_001065E0,RemoveIntcHandler,xff-abs-symbol+jal,high,recomp,
0x001065F0,0x00106600,BOOT,sub_001065F0,AddDmacHandler,xff-abs-symbol+jal,high,recomp,
0x00106600,0x00106610,BOOT,sub_00106600,AddDmacHandler2,xff-abs-symbol,high,recomp,
0x00106610,0x00106620,BOOT,sub_00106610,RemoveDmacHandler,xff-abs-symbol+jal,high,recomp,
0x00106620,0x00106630,BOOT,sub_00106620,_EnableIntc,xff-abs-symbol+jal,high,recomp,
0x00106630,0x00106640,BOOT,sub_00106630,_DisableIntc,xff-abs-symbol+jal,high,recomp,
0x00106640,0x00106650,BOOT,sub_00106640,_EnableDmac,xff-abs-symbol+jal,high,recomp,
0x00106650,0x00106660,BOOT,sub_00106650,_DisableDmac,xff-abs-symbol+jal,high,recomp,
0x00106660,0x00106670,BOOT,sub_00106660,SetAlarm,xff-abs-symbol,high,recomp,
0x00106670,0x00106680,BOOT,sub_00106670,ReleaseAlarm,xff-abs-symbol,high,recomp,
0x00106680,0x00106690,BOOT,sub_00106680,_iEnableIntc,xff-abs-symbol+jal,high,recomp,
0x00106690,0x001066A0,BOOT,sub_00106690,_iDisableIntc,xff-abs-symbol+jal,high,recomp,
0x001066A0,0x001066B0,BOOT,sub_001066A0,_iEnableDmac,xff-abs-symbol+jal,high,recomp,
0x001066B0,0x001066C0,BOOT,sub_001066B0,_iDisableDmac,xff-abs-symbol+jal,high,recomp,
0x001066C0,0x001066D0,BOOT,sub_001066C0,iSetAlarm,xff-abs-symbol,high,recomp,
0x001066D0,0x001066E0,BOOT,sub_001066D0,iReleaseAlarm,xff-abs-symbol,high,recomp,
0x001066E0,0x001066F0,BOOT,sub_001066E0,CreateThread,xff-abs-symbol+jal,high,recomp,
0x001066F0,0x00106700,BOOT,sub_001066F0,DeleteThread,xff-abs-symbol+jal,high,recomp,
0x00106700,0x00106710,BOOT,sub_00106700,_StartThread,xff-abs-symbol+jal,high,recomp,
0x00106710,0x00106720,BOOT,sub_00106710,ExitThread,xff-abs-symbol,high,recomp,
0x00106720,0x00106730,BOOT,sub_00106720,ExitDeleteThread,xff-abs-symbol+jal,high,recomp,
0x00106730,0x00106740,BOOT,sub_00106730,TerminateThread,xff-abs-symbol+jal,high,recomp,
0x00106740,0x00106750,BOOT,sub_00106740,iTerminateThread,xff-abs-symbol,high,recomp,
0x00106750,0x00106760,BOOT,sub_00106750,DisableDispatchThread,xff-abs-symbol,high,recomp,
0x00106760,0x00106770,BOOT,sub_00106760,EnableDispatchThread,xff-abs-symbol,high,recomp,
0x00106770,0x00106780,BOOT,sub_00106770,ChangeThreadPriority,xff-abs-symbol+jal,high,recomp,
0x00106780,0x00106790,BOOT,sub_00106780,iChangeThreadPriority,xff-abs-symbol+jal,high,recomp,
0x00106790,0x001067A0,BOOT,sub_00106790,RotateThreadReadyQueue,xff-abs-symbol+jal,high,recomp,
0x001067A0,0x001067B0,BOOT,sub_001067A0,_iRotateThreadReadyQueue,xff-abs-symbol,high,recomp,
0x001067B0,0x001067C0,BOOT,sub_001067B0,ReleaseWaitThread,xff-abs-symbol,high,recomp,
0x001067C0,0x001067D0,BOOT,sub_001067C0,iReleaseWaitThread,xff-abs-symbol,high,recomp,
0x001067D0,0x001067E0,BOOT,sub_001067D0,GetThreadId,xff-abs-symbol+jal,high,recomp,
0x001067E0,0x001067F0,BOOT,sub_001067E0,ReferThreadStatus,xff-abs-symbol+jal,high,recomp,
0x001067F0,0x00106800,BOOT,sub_001067F0,iReferThreadStatus,xff-abs-symbol,high,recomp,
0x00106800,0x00106810,BOOT,sub_00106800,SleepThread,xff-abs-symbol+jal,high,recomp,
0x00106810,0x00106820,BOOT,sub_00106810,WakeupThread,xff-abs-symbol+jal,high,recomp,
0x00106820,0x00106830,BOOT,sub_00106820,_iWakeupThread,xff-abs-symbol+jal,high,recomp,
0x00106830,0x00106840,BOOT,sub_00106830,CancelWakeupThread,xff-abs-symbol+jal,high,recomp,
0x00106840,0x00106850,BOOT,sub_00106840,iCancelWakeupThread,xff-abs-symbol,high,recomp,
0x00106850,0x00106860,BOOT,sub_00106850,SuspendThread,xff-abs-symbol+jal,high,recomp,
0x00106860,0x00106870,BOOT,sub_00106860,_iSuspendThread,xff-abs-symbol+jal,high,recomp,
0x00106870,0x00106880,BOOT,sub_00106870,ResumeThread,xff-abs-symbol,high,recomp,
0x00106880,0x00106890,BOOT,sub_00106880,iResumeThread,xff-abs-symbol,high,recomp,
0x00106890,0x001068A0,BOOT,sub_00106890,JoinThread,xff-abs-symbol,high,recomp,
0x001068A0,0x001068B0,BOOT,sub_001068A0,RFU060,xff-abs-symbol,high,recomp,
0x001068B0,0x001068C0,BOOT,sub_001068B0,RFU061,xff-abs-symbol,high,recomp,
0x001068C0,0x001068D0,BOOT,sub_001068C0,EndOfHeap,xff-abs-symbol+jal,high,recomp,
0x001068D0,0x001068E0,BOOT,sub_001068D0,RFU063,xff-abs-symbol,high,recomp,
0x001068E0,0x001068F0,BOOT,sub_001068E0,CreateSema,xff-abs-symbol+jal,high,recomp,
0x001068F0,0x00106900,BOOT,sub_001068F0,DeleteSema,xff-abs-symbol+jal,high,recomp,
0x00106900,0x00106910,BOOT,sub_00106900,SignalSema,xff-abs-symbol+jal,high,recomp,
0x00106910,0x00106920,BOOT,sub_00106910,iSignalSema,xff-abs-symbol+jal,high,recomp,
0x00106920,0x00106930,BOOT,sub_00106920,WaitSema,xff-abs-symbol+jal,high,recomp,
0x00106930,0x00106940,BOOT,sub_00106930,PollSema,xff-abs-symbol+jal,high,recomp,
0x00106940,0x00106950,BOOT,sub_00106940,iPollSema,xff-abs-symbol,high,recomp,
0x00106950,0x00106960,BOOT,sub_00106950,ReferSemaStatus,xff-abs-symbol+jal,high,recomp,
0x00106960,0x00106970,BOOT,sub_00106960,iReferSemaStatus,xff-abs-symbol,high,recomp,
0x00106970,0x00106980,BOOT,sub_00106970,RFU073,xff-abs-symbol,high,recomp,
0x00106980,0x00106990,BOOT,sub_00106980,SetOsdConfigParam,xff-abs-symbol+jal,high,recomp,
0x00106990,0x001069A0,BOOT,sub_00106990,GetOsdConfigParam,xff-abs-symbol+jal,high,recomp,
0x001069A0,0x001069B0,BOOT,sub_001069A0,GetGsHParam,xff-abs-symbol,high,recomp,
0x001069B0,0x001069C0,BOOT,sub_001069B0,GetGsVParam,xff-abs-symbol,high,recomp,
0x001069C0,0x001069D0,BOOT,sub_001069C0,SetGsHParam,xff-abs-symbol,high,recomp,
0x001069D0,0x001069E0,BOOT,sub_001069D0,SetGsVParam,xff-abs-symbol,high,recomp,
0x001069E0,0x001069F0,BOOT,sub_001069E0,RFU080_CreateEventFlag,xff-abs-symbol,high,recomp,
0x001069F0,0x00106A00,BOOT,sub_001069F0,RFU081_DeleteEventFlag,xff-abs-symbol,high,recomp,
0x00106A00,0x00106A10,BOOT,sub_00106A00,RFU082_SetEventFlag,xff-abs-symbol,high,recomp,
0x00106A10,0x00106A20,BOOT,sub_00106A10,RFU083_iSetEventFlag,xff-abs-symbol,high,recomp,
0x00106A20,0x00106A30,BOOT,sub_00106A20,RFU084_ClearEventFlag,xff-abs-symbol,high,recomp,
0x00106A30,0x00106A40,BOOT,sub_00106A30,RFU085_iClearEventFlag,xff-abs-symbol,high,recomp,
0x00106A40,0x00106A50,BOOT,sub_00106A40,RFU086_WaitEvnetFlag,xff-abs-symbol,high,recomp,
0x00106A50,0x00106A60,BOOT,sub_00106A50,RFU087_PollEvnetFlag,xff-abs-symbol,high,recomp,
0x00106A60,0x00106A70,BOOT,sub_00106A60,RFU088_iPollEvnetFlag,xff-abs-symbol,high,recomp,
0x00106A70,0x00106A80,BOOT,sub_00106A70,RFU089_ReferEventFlagStatus,xff-abs-symbol,high,recomp,
0x00106A80,0x00106A90,BOOT,sub_00106A80,RFU090_iReferEventFlagStatus,xff-abs-symbol,high,recomp,
0x00106A90,0x00106AA0,BOOT,sub_00106A90,RFU091,xff-abs-symbol,high,recomp,
0x00106AA0,0x00106AB0,BOOT,sub_00106AA0,EnableIntcHandler,xff-abs-symbol,high,recomp,
0x00106AB0,0x00106AC0,BOOT,sub_00106AB0,iEnableIntcHandler,xff-abs-symbol,high,recomp,
0x00106AC0,0x00106AD0,BOOT,sub_00106AC0,DisableIntcHandler,xff-abs-symbol,high,recomp,
0x00106AD0,0x00106AE0,BOOT,sub_00106AD0,iDisableIntcHandler,xff-abs-symbol,high,recomp,
0x00106AE0,0x00106AF0,BOOT,sub_00106AE0,EnableDmacHandler,xff-abs-symbol,high,recomp,
0x00106AF0,0x00106B00,BOOT,sub_00106AF0,iEnableDmacHandler,xff-abs-symbol,high,recomp,
0x00106B00,0x00106B10,BOOT,sub_00106B00,DisableDmacHandler,xff-abs-symbol,high,recomp,
0x00106B10,0x00106B20,BOOT,sub_00106B10,iDisableDmacHandler,xff-abs-symbol,high,recomp,
0x00106B20,0x00106B30,BOOT,sub_00106B20,KSeg0,xff-abs-symbol,high,recomp,
0x00106B30,0x00106B40,BOOT,sub_00106B30,EnableCache,xff-abs-symbol,high,recomp,
0x00106B40,0x00106B50,BOOT,sub_00106B40,DisableCache,xff-abs-symbol,high,recomp,
0x00106B50,0x00106B60,BOOT,sub_00106B50,GetCop0,xff-abs-symbol,high,recomp,
0x00106B60,0x00106B70,BOOT,sub_00106B60,FlushCache,xff-abs-symbol+jal,high,recomp,
0x00106B70,0x00106B80,BOOT,sub_00106B70,CpuConfig,xff-abs-symbol,high,recomp,
0x00106B80,0x00106B90,BOOT,sub_00106B80,iGetCop0,xff-abs-symbol+jal,high,recomp,
0x00106B90,0x00106BA0,BOOT,sub_00106B90,iFlushCache,xff-abs-symbol,high,recomp,
0x00106BA0,0x00106BB0,BOOT,sub_00106BA0,iCpuConfig,xff-abs-symbol,high,recomp,
0x00106BB0,0x00106BC0,BOOT,sub_00106BB0,sceSifStopDma,xff-abs-symbol+jal,high,recomp,
0x00106BC0,0x00106BD0,BOOT,sub_00106BC0,SetCPUTimerHandler,xff-abs-symbol,high,recomp,
0x00106BD0,0x00106BE0,BOOT,sub_00106BD0,SetCPUTimer,xff-abs-symbol,high,recomp,
0x00106BE0,0x00106BF0,BOOT,sub_00106BE0,SetOsdConfigParam2,xff-abs-symbol,high,recomp,
0x00106BF0,0x00106C00,BOOT,sub_00106BF0,GetOsdConfigParam2,xff-abs-symbol,high,recomp,
0x00106C00,0x00106C10,BOOT,sub_00106C00,GsGetIMR,xff-abs-symbol,high,recomp,
0x00106C10,0x00106C20,BOOT,sub_00106C10,iGsGetIMR,xff-abs-symbol,high,recomp,
0x00106C20,0x00106C30,BOOT,sub_00106C20,GsPutIMR,xff-abs-symbol+jal,high,recomp,
0x00106C30,0x00106C40,BOOT,sub_00106C30,iGsPutIMR,xff-abs-symbol,high,recomp,
0x00106C40,0x00106C50,BOOT,sub_00106C40,SetPgifHandler,xff-abs-symbol,high,recomp,
0x00106C50,0x00106C60,BOOT,sub_00106C50,SetVSyncFlag,xff-abs-symbol+jal,high,recomp,
0x00106C60,0x00106C70,BOOT,sub_00106C60,RFU116,xff-abs-symbol,high,recomp,
0x00106C70,0x00106C80,BOOT,sub_00106C70,_print,xff-abs-symbol,high,recomp,
0x00106C80,0x00106C90,BOOT,sub_00106C80,sceSifDmaStat,xff-abs-symbol+jal,high,recomp,
0x00106C90,0x00106CA0,BOOT,sub_00106C90,isceSifDmaStat,xff-abs-symbol,high,recomp,
0x00106CA0,0x00106CB0,BOOT,sub_00106CA0,sceSifSetDma,xff-abs-symbol+jal,high,recomp,
0x00106CB0,0x00106CC0,BOOT,sub_00106CB0,isceSifSetDma,xff-abs-symbol+jal,high,recomp,
0x00106CC0,0x00106CD0,BOOT,sub_00106CC0,sceSifSetDChain,xff-abs-symbol+jal,high,recomp,
0x00106CD0,0x00106CE0,BOOT,sub_00106CD0,isceSifSetDChain,xff-abs-symbol+jal,high,recomp,
0x00106CE0,0x00106CF0,BOOT,sub_00106CE0,sceSifSetReg,xff-abs-symbol+jal,high,recomp,
0x00106CF0,0x00106D00,BOOT,sub_00106CF0,sceSifGetReg,xff-abs-symbol+jal,high,recomp,
0x00106D00,0x00106D10,BOOT,sub_00106D00,_ExecOSD,xff-abs-symbol,high,recomp,
0x00106D10,0x00106D20,BOOT,sub_00106D10,Deci2Call,xff-abs-symbol+jal,high,recomp,
0x00106D20,0x00106D30,BOOT,sub_00106D20,PSMode,xff-abs-symbol,high,recomp,
0x00106D30,0x00106D40,BOOT,sub_00106D30,MachineType,xff-abs-symbol,high,recomp,
0x00106D40,0x00106D50,BOOT,sub_00106D40,GetMemorySize,xff-abs-symbol+jal,high,recomp,
0x00106D50,0x00106D60,BOOT,sub_00106D50,_InitTLB,xff-abs-symbol+jal,high,recomp,
0x00106D60,0x00106D70,BOOT,sub_00106D60,QueryIntrContext,xff-abs-symbol+jal,high,recomp,
0x00106D70,0x00106DD8,BOOT,sub_00106D70,DisableIntc,xff-abs-symbol+jal,high,recomp,
0x00106DD8,0x00106E40,BOOT,sub_00106DD8,EnableIntc,xff-abs-symbol+jal,high,recomp,
0x00106E40,0x00106EA8,BOOT,sub_00106E40,DisableDmac,xff-abs-symbol+jal,high,recomp,
0x00106EA8,0x00106F10,BOOT,sub_00106EA8,EnableDmac,xff-abs-symbol+jal,high,recomp,
0x00106F10,0x00106F30,BOOT,sub_00106F10,iEnableIntc,xff-abs-symbol,high,recomp,
0x00106F30,0x00106F50,BOOT,sub_00106F30,iDisableIntc,xff-abs-symbol,high,recomp,
0x00106F50,0x00106F70,BOOT,sub_00106F50,iEnableDmac,xff-abs-symbol,high,recomp,
0x00106F70,0x00106F90,BOOT,sub_00106F70,iDisableDmac,xff-abs-symbol,high,recomp,
0x00106F90,0x00107068,BOOT,sub_00106F90,,la-pair,medium,recomp,
0x00107068,0x00107154,BOOT,sub_00107068,InitThread,xff-abs-symbol+jal,high,recomp,
0x00107158,0x001071EC,BOOT,sub_00107158,iWakeupThread,xff-abs-symbol,high,recomp,
0x001071F0,0x0010726C,BOOT,sub_001071F0,iRotateThreadReadyQueue,xff-abs-symbol,high,recomp,
0x00107270,0x00107308,BOOT,sub_00107270,iSuspendThread,xff-abs-symbol,high,recomp,
0x00107308,0x001073D0,BOOT,sub_00107308,DelayThread,xff-abs-symbol+jal,high,recomp,
0x001073D0,0x00107548,BOOT,sub_001073D0,StartThread,xff-abs-symbol+jal,high,recomp,
0x00107548,0x00107570,BOOT,sub_00107548,,la-pair,medium,recomp,
0x00107570,0x001075A8,BOOT,sub_00107570,,jal,high,recomp,
0x001075A8,0x00107658,BOOT,sub_001075A8,,jal,high,recomp,
0x00107658,0x00107690,BOOT,sub_00107658,,jal,high,recomp,
0x00107690,0x00107720,BOOT,sub_00107690,,jal,high,recomp,
0x00107720,0x001078F8,BOOT,sub_00107720,,jal,high,recomp,
0x001078F8,0x00108610,BOOT,sub_001078F8,,jal,high,recomp,
0x00108610,0x00108668,BOOT,sub_00108610,,la-pair,medium,recomp,
0x00108668,0x00108690,BOOT,sub_00108668,,la-pair,medium,recomp,
0x00108690,0x001086B8,BOOT,sub_00108690,,la-pair,medium,recomp,
0x001086B8,0x00108708,BOOT,sub_001086B8,,jal,high,recomp,
0x00108708,0x00108740,BOOT,sub_00108708,sceVsnprintf,xff-abs-symbol,high,recomp,
0x00108740,0x00108788,BOOT,sub_00108740,sceSnprintf,xff-abs-symbol,high,recomp,
0x00108788,0x001087F8,BOOT,sub_00108788,sceVprintf,xff-abs-symbol,high,recomp,
0x001087F8,0x00108878,BOOT,sub_001087F8,scePrintf,xff-abs-symbol+jal,high,recomp,
0x00108878,0x001088F8,BOOT,sub_00108878,kprintf,xff-abs-symbol+jal,high,recomp,
0x001088F8,0x00108A94,BOOT,sub_001088F8,sceSifInitRpc,xff-abs-symbol+jal,high,recomp,
0x00108A98,0x00108ABC,BOOT,sub_00108A98,sceSifExitRpc,xff-abs-symbol+jal,high,recomp,
0x00108AC0,0x00108B68,BOOT,sub_00108AC0,,jal,high,recomp,
0x00108B68,0x00108B88,BOOT,sub_00108B68,,jal,high,recomp,
0x00108B88,0x00108BB8,BOOT,sub_00108B88,,jal,high,recomp,
0x00108BB8,0x00108BF8,BOOT,sub_00108BB8,,jal,high,recomp,
0x00108BF8,0x00108CC8,BOOT,sub_00108BF8,,la-pair,medium,recomp,
0x00108CC8,0x00108D08,BOOT,sub_00108CC8,,la-pair,medium,recomp,
0x00108D08,0x00108DD8,BOOT,sub_00108D08,,la-pair,medium,recomp,
0x00108DD8,0x00108F3C,BOOT,sub_00108DD8,sceSifGetOtherData,xff-abs-symbol,high,recomp,
0x00108F40,0x00108F90,BOOT,sub_00108F40,,jal,high,recomp,
0x00108F90,0x00108FD0,BOOT,sub_00108F90,,la-pair,medium,recomp,
0x00108FD0,0x001090A0,BOOT,sub_00108FD0,,la-pair,medium,recomp,
0x001090A0,0x001091EC,BOOT,sub_001090A0,sceSifBindRpc,xff-abs-symbol+jal,high,recomp,
0x001091F0,0x00109280,BOOT,sub_001091F0,,la-pair,medium,recomp,
0x00109280,0x00109480,BOOT,sub_00109280,sceSifCallRpc,xff-abs-symbol+jal,high,recomp,
0x00109480,0x001094BC,BOOT,sub_00109480,sceSifCheckStatRpc,xff-abs-symbol+jal,high,recomp,
0x001094C0,0x00109554,BOOT,sub_001094C0,sceSifSetRpcQueue,xff-abs-symbol,high,recomp,
0x00109558,0x00109628,BOOT,sub_00109558,sceSifRegisterRpc,xff-abs-symbol,high,recomp,
0x00109628,0x001096BC,BOOT,sub_00109628,sceSifRemoveRpc,xff-abs-symbol,high,recomp,
0x001096C0,0x00109750,BOOT,sub_001096C0,sceSifRemoveRpcQueue,xff-abs-symbol,high,recomp,
0x00109750,0x001097A8,BOOT,sub_00109750,sceSifGetNextRequest,xff-abs-symbol+jal,high,recomp,
0x001097A8,0x0010996C,BOOT,sub_001097A8,sceSifExecRequest,xff-abs-symbol+jal,high,recomp,
0x00109970,0x001099B0,BOOT,sub_00109970,sceSifRpcLoop,xff-abs-symbol,high,recomp,
0x001099B0,0x00109A20,BOOT,sub_001099B0,,jal,high,recomp,
0x00109A20,0x00109AA0,BOOT,sub_00109A20,,jal,high,recomp,
0x00109AA0,0x00109B28,BOOT,sub_00109AA0,,jal,high,recomp,
0x00109B28,0x00109C18,BOOT,sub_00109B28,,jal,high,recomp,
0x00109C18,0x00109C88,BOOT,sub_00109C18,,jal,high,recomp,
0x00109C88,0x0010A040,BOOT,sub_00109C88,,la-pair,medium,recomp,
0x0010A040,0x0010A098,BOOT,sub_0010A040,,jal,high,recomp,
0x0010A098,0x0010A0C8,BOOT,sub_0010A098,,jal,high,recomp,
0x0010A0C8,0x0010A0D8,BOOT,sub_0010A0C8,,jal,high,recomp,
0x0010A0D8,0x0010A178,BOOT,sub_0010A0D8,scePowerOffHandler,xff-abs-symbol,high,recomp,
0x0010A178,0x0010A1C0,BOOT,sub_0010A178,,la-pair,medium,recomp,
0x0010A1C0,0x0010A3C8,BOOT,sub_0010A1C0,sceFsInit,xff-abs-symbol+jal,high,recomp,
0x0010A3C8,0x0010A458,BOOT,sub_0010A3C8,,jal,high,recomp,
0x0010A458,0x0010A48C,BOOT,sub_0010A458,sceFsReset,xff-abs-symbol+jal,high,recomp,
0x0010A490,0x0010A5D0,BOOT,sub_0010A490,sceFsSetIopBuf,xff-abs-symbol,high,recomp,
0x0010A5D0,0x0010A6C0,BOOT,sub_0010A5D0,sceFsSetIopPrio,xff-abs-symbol,high,recomp,
0x0010A6C0,0x0010A950,BOOT,sub_0010A6C0,sceOpen,xff-abs-symbol+jal,high,recomp,
0x0010A950,0x0010AAC8,BOOT,sub_0010A950,sceClose,xff-abs-symbol+jal,high,recomp,
0x0010AAC8,0x0010AD04,BOOT,sub_0010AAC8,sceLseek,xff-abs-symbol,high,recomp,
0x0010AD08,0x0010AF74,BOOT,sub_0010AD08,sceRead,xff-abs-symbol+jal,high,recomp,
0x0010AF78,0x0010B238,BOOT,sub_0010AF78,sceWrite,xff-abs-symbol,high,recomp,
0x0010B238,0x0010B5C0,BOOT,sub_0010B238,sceIoctl,xff-abs-symbol,high,recomp,
0x0010B5C0,0x0010B7A8,BOOT,sub_0010B5C0,sceIoctl2,xff-abs-symbol,high,recomp,
0x0010B7A8,0x0010B958,BOOT,sub_0010B7A8,,jal,high,recomp,
0x0010B958,0x0010B974,BOOT,sub_0010B958,sceRemove,xff-abs-symbol,high,recomp,
0x0010B978,0x0010BB30,BOOT,sub_0010B978,sceMkdir,xff-abs-symbol,high,recomp,
0x0010BB30,0x0010BB4C,BOOT,sub_0010BB30,sceRmdir,xff-abs-symbol,high,recomp,
0x0010BB50,0x0010BDD0,BOOT,sub_0010BB50,sceFormat,xff-abs-symbol,high,recomp,
0x0010BDD0,0x0010BEFC,BOOT,sub_0010BDD0,sceAddDrv,xff-abs-symbol,high,recomp,
0x0010BF00,0x0010BF1C,BOOT,sub_0010BF00,sceDelDrv,xff-abs-symbol,high,recomp,
0x0010BF20,0x0010BFE8,BOOT,sub_0010BF20,sceDopen,xff-abs-symbol,high,recomp,
0x0010BFE8,0x0010C14C,BOOT,sub_0010BFE8,sceDclose,xff-abs-symbol,high,recomp,
0x0010C150,0x0010C2A4,BOOT,sub_0010C150,sceDread,xff-abs-symbol,high,recomp,
0x0010C2A8,0x0010C45C,BOOT,sub_0010C2A8,sceGetstat,xff-abs-symbol,high,recomp,
0x0010C460,0x0010C6AC,BOOT,sub_0010C460,sceChstat,xff-abs-symbol,high,recomp,
0x0010C6B0,0x0010C8B8,BOOT,sub_0010C6B0,sceRename,xff-abs-symbol,high,recomp,
0x0010C8B8,0x0010C8D4,BOOT,sub_0010C8B8,sceChdir,xff-abs-symbol,high,recomp,
0x0010C8D8,0x0010CA84,BOOT,sub_0010C8D8,sceSync,xff-abs-symbol,high,recomp,
0x0010CA88,0x0010CD08,BOOT,sub_0010CA88,sceMount,xff-abs-symbol,high,recomp,
0x0010CD08,0x0010CD24,BOOT,sub_0010CD08,sceUmount,xff-abs-symbol,high,recomp,
0x0010CD28,0x0010CF64,BOOT,sub_0010CD28,sceLseek64,xff-abs-symbol,high,recomp,
0x0010CF68,0x0010D210,BOOT,sub_0010CF68,sceDevctl,xff-abs-symbol+jal,high,recomp,
0x0010D210,0x0010D408,BOOT,sub_0010D210,sceSymlink,xff-abs-symbol,high,recomp,
0x0010D408,0x0010D5E8,BOOT,sub_0010D408,sceReadlink,xff-abs-symbol,high,recomp,
0x0010D5E8,0x0010D670,BOOT,sub_0010D5E8,sceSifInitIopHeap,xff-abs-symbol+jal,high,recomp,
0x0010D670,0x0010D6E0,BOOT,sub_0010D670,sceSifAllocIopHeap,xff-abs-symbol,high,recomp,
0x0010D6E0,0x0010D760,BOOT,sub_0010D6E0,sceSifAllocSysMemory,xff-abs-symbol+jal,high,recomp,
0x0010D760,0x0010D7D8,BOOT,sub_0010D760,sceSifFreeSysMemory,xff-abs-symbol+jal,high,recomp,
0x0010D7D8,0x0010D7F4,BOOT,sub_0010D7D8,sceSifFreeIopHeap,xff-abs-symbol+jal,high,recomp,
0x0010D7F8,0x0010D8E8,BOOT,sub_0010D7F8,sceSifLoadIopHeap,xff-abs-symbol,high,recomp,
0x0010D8E8,0x0010D958,BOOT,sub_0010D8E8,sceSifQueryMemSize,xff-abs-symbol,high,recomp,
0x0010D958,0x0010D9C8,BOOT,sub_0010D958,sceSifQueryMaxFreeMemSize,xff-abs-symbol,high,recomp,
0x0010D9C8,0x0010DA38,BOOT,sub_0010D9C8,sceSifQueryTotalFreeMemSize,xff-abs-symbol,high,recomp,
0x0010DA38,0x0010DAB4,BOOT,sub_0010DA38,sceSifQueryBlockTopAddress,xff-abs-symbol,high,recomp,
0x0010DAB8,0x0010DB34,BOOT,sub_0010DAB8,sceSifQueryBlockSize,xff-abs-symbol,high,recomp,
0x0010DB38,0x0010DC38,BOOT,sub_0010DB38,,jal,high,recomp,
0x0010DC38,0x0010DCC8,BOOT,sub_0010DC38,,jal,high,recomp,
0x0010DCC8,0x0010DD00,BOOT,sub_0010DCC8,sceSifLoadFileReset,xff-abs-symbol+jal,high,recomp,
0x0010DD00,0x0010DF08,BOOT,sub_0010DD00,,jal,high,recomp,
0x0010DF08,0x0010E110,BOOT,sub_0010DF08,sceSifStopModule,xff-abs-symbol+jal,high,recomp,
0x0010E110,0x0010E1A0,BOOT,sub_0010E110,sceSifUnloadModule,xff-abs-symbol+jal,high,recomp,
0x0010E1A0,0x0010E240,BOOT,sub_0010E1A0,sceSifSearchModuleByName,xff-abs-symbol+jal,high,recomp,
0x0010E240,0x0010E2D0,BOOT,sub_0010E240,sceSifSearchModuleByAddress,xff-abs-symbol,high,recomp,
0x0010E2D0,0x0010E2EC,BOOT,sub_0010E2D0,sceSifLoadModuleBuffer,xff-abs-symbol+jal,high,recomp,
0x0010E2F0,0x0010E30C,BOOT,sub_0010E2F0,sceSifLoadStartModuleBuffer,xff-abs-symbol,high,recomp,
0x0010E310,0x0010E538,BOOT,sub_0010E310,,jal,high,recomp,
0x0010E538,0x0010E558,BOOT,sub_0010E538,sceSifLoadModule,xff-abs-symbol+jal,high,recomp,
0x0010E558,0x0010E574,BOOT,sub_0010E558,sceSifLoadStartModule,xff-abs-symbol,high,recomp,
0x0010E578,0x0010E680,BOOT,sub_0010E578,,jal,high,recomp,
0x0010E680,0x0010E69C,BOOT,sub_0010E680,sceSifLoadElfPart,xff-abs-symbol,high,recomp,
0x0010E6A0,0x0010E6C8,BOOT,sub_0010E6A0,sceSifLoadElf,xff-abs-symbol,high,recomp,
0x0010E6C8,0x0010E7B4,BOOT,sub_0010E6C8,sceSifGetIopAddr,xff-abs-symbol,high,recomp,
0x0010E7B8,0x0010E894,BOOT,sub_0010E7B8,sceSifSetIopAddr,xff-abs-symbol,high,recomp,
0x0010E898,0x0010E9EC,BOOT,sub_0010E898,sceSifResetIop,xff-abs-symbol+jal,high,recomp,
0x0010E9F0,0x0010EA18,BOOT,sub_0010E9F0,sceSifIsAliveIop,xff-abs-symbol,high,recomp,
0x0010EA18,0x0010EA68,BOOT,sub_0010EA18,sceSifSyncIop,xff-abs-symbol+jal,high,recomp,
0x0010EA68,0x0010EB78,BOOT,sub_0010EA68,sceSifRebootIop,xff-abs-symbol+jal,high,recomp,
0x0010EB78,0x0010EBD8,BOOT,sub_0010EB78,SetTLBHandler,xff-abs-symbol,high,recomp,
0x0010EBD8,0x0010EC5C,BOOT,sub_0010EBD8,SetDebugHandler,xff-abs-symbol+jal,high,recomp,
0x0010EC60,0x0010ECA8,BOOT,sub_0010EC60,,jal,high,recomp,
0x0010ECA8,0x0010ECB8,BOOT,sub_0010ECA8,,jal,high,recomp,
0x0010ECB8,0x0010ECC8,BOOT,sub_0010ECB8,,jal,high,recomp,
0x0010ECC8,0x0010ED8C,BOOT,sub_0010ECC8,InitTLBFunctions,xff-abs-symbol+jal,high,recomp,
0x0010ED90,0x0010EDA0,BOOT,sub_0010ED90,PutTLBEntry,xff-abs-symbol,high,recomp,
0x0010EDA0,0x0010EDB0,BOOT,sub_0010EDA0,iPutTLBEntry,xff-abs-symbol,high,recomp,
0x0010EDB0,0x0010EDC0,BOOT,sub_0010EDB0,,jal,high,recomp,
0x0010EDC0,0x0010EDF0,BOOT,sub_0010EDC0,SetTLBEntry,xff-abs-symbol,high,recomp,
0x0010EDF0,0x0010EE00,BOOT,sub_0010EDF0,iSetTLBEntry,xff-abs-symbol,high,recomp,
0x0010EE00,0x0010EE10,BOOT,sub_0010EE00,GetTLBEntry,xff-abs-symbol,high,recomp,
0x0010EE10,0x0010EE20,BOOT,sub_0010EE10,iGetTLBEntry,xff-abs-symbol,high,recomp,
0x0010EE20,0x0010EE30,BOOT,sub_0010EE20,ProbeTLBEntry,xff-abs-symbol,high,recomp,
0x0010EE30,0x0010EE40,BOOT,sub_0010EE30,iProbeTLBEntry,xff-abs-symbol,high,recomp,
0x0010EE40,0x0010EE50,BOOT,sub_0010EE40,ExpandScratchPad,xff-abs-symbol,high,recomp,
0x0010EE50,0x0010EE90,BOOT,sub_0010EE50,InitTLB,xff-abs-symbol,high,recomp,
0x0010EE90,0x0010F0C0,BOOT,sub_0010EE90,,jal,high,recomp,
0x0010F0C0,0x0010F1DC,BOOT,sub_0010F0C0,_kTLBException,xff-abs-symbol+la-pair,high,recomp,
0x0010F200,0x0010F2F4,BOOT,sub_0010F200,_kExitTLBHandler,xff-abs-symbol+ptr-table,high,recomp,
0x0010F300,0x0010F41C,BOOT,sub_0010F300,_kDebugException,xff-abs-symbol+la-pair,high,recomp,
0x0010F420,0x0010F470,BOOT,sub_0010F420,DIntr,xff-abs-symbol+jal,high,recomp,
0x0010F470,0x0010F488,BOOT,sub_0010F470,EIntr,xff-abs-symbol+jal,high,recomp,
0x0010F488,0x0010F4E8,BOOT,sub_0010F488,,jal,high,recomp,
0x0010F4E8,0x0010F4F4,BOOT,sub_0010F4E8,__sceKernlGetEhSemaId,xff-abs-symbol,high,recomp,
0x0010F4F8,0x0010F580,BOOT,sub_0010F4F8,,jal,high,recomp,
0x0010F580,0x0010F590,BOOT,sub_0010F580,,jal,high,recomp,
0x0010F590,0x0010F5C4,BOOT,sub_0010F590,GetSystemCallEntry,xff-abs-symbol,high,recomp,
0x0010F5C8,0x0010F6C8,BOOT,sub_0010F5C8,,jal,high,recomp,
0x0010F6C8,0x0010F6D8,BOOT,sub_0010F6C8,,jal,high,recomp,
0x0010F6D8,0x0010F72C,BOOT,sub_0010F6D8,_InitSys,xff-abs-symbol+jal,high,recomp,
0x0010F730,0x0010F740,BOOT,sub_0010F730,,jal,high,recomp,
0x0010F740,0x0010F788,BOOT,sub_0010F740,,jal,high,recomp,
0x0010F788,0x0010F798,BOOT,sub_0010F788,,jal,high,recomp,
0x0010F798,0x0010F800,BOOT,sub_0010F798,,jal,high,recomp,
0x0010F800,0x0010F8AC,BOOT,sub_0010F800,InitExecPS2,xff-abs-symbol+jal,high,recomp,
0x0010F8B0,0x0010F8F0,BOOT,sub_0010F8B0,,jal,high,recomp,
0x0010F8F0,0x0010F900,BOOT,sub_0010F8F0,,jal,high,recomp,
0x0010F900,0x0010FA18,BOOT,sub_0010F900,,jal,high,recomp,
0x0010FA18,0x0010FA20,BOOT,sub_0010FA18,,jal,high,recomp,
0x0010FA20,0x0010FA90,BOOT,sub_0010FA20,ExecPS2,xff-abs-symbol,high,recomp,
0x0010FA90,0x0010FAD8,BOOT,sub_0010FA90,LoadExecPS2,xff-abs-symbol,high,recomp,
0x0010FAD8,0x0010FB00,BOOT,sub_0010FAD8,Exit,xff-abs-symbol+jal,high,recomp,
0x0010FB00,0x0010FB4C,BOOT,sub_0010FB00,ExecOSD,xff-abs-symbol,high,recomp,
0x0010FB50,0x0010FB60,BOOT,sub_0010FB50,,jal,high,recomp,
0x0010FB60,0x0010FBA8,BOOT,sub_0010FB60,,jal,high,recomp,
0x0010FBA8,0x0010FBB8,BOOT,sub_0010FBA8,,jal,high,recomp,
0x0010FBB8,0x0010FC8C,BOOT,sub_0010FBB8,InitAlarm,xff-abs-symbol+jal,high,recomp,
0x0010FC90,0x0010FD00,BOOT,sub_0010FC90,SetT2,xff-abs-symbol,high,recomp,
0x0010FD00,0x0010FD10,BOOT,sub_0010FD00,SetT2_COUNT,xff-abs-symbol+jal,high,recomp,
0x0010FD10,0x0010FD20,BOOT,sub_0010FD10,SetT2_MODE,xff-abs-symbol+jal,high,recomp,
0x0010FD20,0x0010FD30,BOOT,sub_0010FD20,SetT2_COMP,xff-abs-symbol+jal,high,recomp,
0x0010FD30,0x0010FE84,BOOT,sub_0010FD30,InitTimer,xff-abs-symbol+jal,high,recomp,
0x0010FE88,0x0010FF40,BOOT,sub_0010FE88,EndTimer,xff-abs-symbol,high,recomp,
0x0010FF40,0x0010FF6C,BOOT,sub_0010FF40,GetTimerPreScaleFactor,xff-abs-symbol,high,recomp,
0x0010FF70,0x00110000,BOOT,sub_0010FF70,StartTimerSystemTime,xff-abs-symbol+jal,high,recomp,
0x00110000,0x0011007C,BOOT,sub_00110000,StopTimerSystemTime,xff-abs-symbol,high,recomp,
0x00110080,0x00110210,BOOT,sub_00110080,,jal,high,recomp,
0x00110210,0x00110298,BOOT,sub_00110210,,jal,high,recomp,
0x00110298,0x001102D0,BOOT,sub_00110298,,jal,high,recomp,
0x001102D0,0x00110578,BOOT,sub_001102D0,,la-pair,medium,recomp,
0x00110578,0x001105C4,BOOT,sub_00110578,iGetTimerSystemTime,xff-abs-symbol+jal,high,recomp,
0x001105C8,0x00110644,BOOT,sub_001105C8,GetTimerSystemTime,xff-abs-symbol,high,recomp,
0x00110648,0x001106B8,BOOT,sub_00110648,iAllocTimerCounter,xff-abs-symbol+jal,high,recomp,
0x001106B8,0x00110700,BOOT,sub_001106B8,AllocTimerCounter,xff-abs-symbol+jal,high,recomp,
0x00110700,0x001107A0,BOOT,sub_00110700,iFreeTimerCounter,xff-abs-symbol+jal,high,recomp,
0x001107A0,0x001107EC,BOOT,sub_001107A0,FreeTimerCounter,xff-abs-symbol+jal,high,recomp,
0x001107F0,0x00110840,BOOT,sub_001107F0,iGetTimerUsedUnusedCounters,xff-abs-symbol+jal,high,recomp,
0x00110840,0x0011089C,BOOT,sub_00110840,GetTimerUsedUnusedCounters,xff-abs-symbol,high,recomp,
0x001108A0,0x0011094C,BOOT,sub_001108A0,iStartTimerCounter,xff-abs-symbol+jal,high,recomp,
0x00110950,0x0011099C,BOOT,sub_00110950,StartTimerCounter,xff-abs-symbol+jal,high,recomp,
0x001109A0,0x00110A64,BOOT,sub_001109A0,iStopTimerCounter,xff-abs-symbol+jal,high,recomp,
0x00110A68,0x00110AB4,BOOT,sub_00110A68,StopTimerCounter,xff-abs-symbol,high,recomp,
0x00110AB8,0x00110B84,BOOT,sub_00110AB8,SetTimerCount,xff-abs-symbol,high,recomp,
0x00110B88,0x00110BD0,BOOT,sub_00110B88,iGetTimerBaseTime,xff-abs-symbol+jal,high,recomp,
0x00110BD0,0x00110C1C,BOOT,sub_00110BD0,GetTimerBaseTime,xff-abs-symbol,high,recomp,
0x00110C20,0x00110C8C,BOOT,sub_00110C20,iGetTimerCount,xff-abs-symbol+jal,high,recomp,
0x00110C90,0x00110CDC,BOOT,sub_00110C90,GetTimerCount,xff-abs-symbol,high,recomp,
0x00110CE0,0x00110DD4,BOOT,sub_00110CE0,iSetTimerHandler,xff-abs-symbol+jal,high,recomp,
0x00110DD8,0x00110E54,BOOT,sub_00110DD8,SetTimerHandler,xff-abs-symbol+jal,high,recomp,
0x00110E58,0x00110F00,BOOT,sub_00110E58,TimerBusClock2USec,xff-abs-symbol,high,recomp,
0x00110F00,0x00110F70,BOOT,sub_00110F00,TimerUSec2BusClock,xff-abs-symbol+jal,high,recomp,
0x00110F70,0x00110FC4,BOOT,sub_00110F70,TimerBusClock2Freq,xff-abs-symbol,high,recomp,
0x00110FC8,0x00110FFC,BOOT,sub_00110FC8,TimerFreq2BusClock,xff-abs-symbol,high,recomp,
0x00111000,0x0011104C,BOOT,sub_00111000,_InitAlarm,xff-abs-symbol+jal,high,recomp,
0x00111050,0x001110B0,BOOT,sub_00111050,,la-pair,medium,recomp,
0x001110B0,0x001111DC,BOOT,sub_001110B0,SetTimerAlarm,xff-abs-symbol+jal,high,recomp,
0x001111E0,0x001112D0,BOOT,sub_001111E0,iSetTimerAlarm,xff-abs-symbol,high,recomp,
0x001112D0,0x00111378,BOOT,sub_001112D0,ReleaseTimerAlarm,xff-abs-symbol,high,recomp,
0x00111378,0x001113F0,BOOT,sub_00111378,iReleaseTimerAlarm,xff-abs-symbol,high,recomp,
0x001113F0,0x00111414,BOOT,sub_001113F0,sceSifInitRebootNotify,xff-abs-symbol,high,recomp,
0x00111418,0x00111494,BOOT,sub_00111418,sceSifSetRebootNotifyBuffer,xff-abs-symbol,high,recomp,
0x00111498,0x00111550,BOOT,sub_00111498,sceSifAddRebootNotifyHandler,xff-abs-symbol,high,recomp,
0x00111550,0x001115A4,BOOT,sub_00111550,sceSifRemoveRebootNotifyHandler,xff-abs-symbol,high,recomp,
0x001115A8,0x00111650,BOOT,sub_001115A8,sceSifExecNotifyHandler,xff-abs-symbol+jal,high,recomp,
0x00111650,0x0011165C,BOOT,sub_00111650,sceResetttyinit,xff-abs-symbol+jal,high,recomp,
0x00111660,0x001116F0,BOOT,sub_00111660,VSync,xff-abs-symbol+jal,high,recomp,
0x001116F0,0x00111794,BOOT,sub_001116F0,VSync2,xff-abs-symbol+jal,high,recomp,
0x00111798,0x00111814,BOOT,sub_00111798,write,xff-abs-symbol+jal,high,recomp,
0x00111818,0x0011188C,BOOT,sub_00111818,read,xff-abs-symbol+jal,high,recomp,
0x00111890,0x001118B8,BOOT,sub_00111890,open,xff-abs-symbol,high,recomp,
0x001118B8,0x001118C0,BOOT,sub_001118B8,close,xff-abs-symbol+jal,high,recomp,
0x001118C0,0x001118C8,BOOT,sub_001118C0,ioctl,xff-abs-symbol,high,recomp,
0x001118C8,0x001118D0,BOOT,sub_001118C8,lseek,xff-abs-symbol+jal,high,recomp,
0x001118D0,0x0011197C,BOOT,sub_001118D0,sbrk,xff-abs-symbol+jal,high,recomp,
0x00111980,0x00111988,BOOT,sub_00111980,isatty,xff-abs-symbol+jal,high,recomp,
0x00111988,0x0011199C,BOOT,sub_00111988,fstat,xff-abs-symbol+jal,high,recomp,
0x001119A0,0x001119A8,BOOT,sub_001119A0,getpid,xff-abs-symbol,high,recomp,
0x001119A8,0x001119D0,BOOT,sub_001119A8,kill,xff-abs-symbol+jal,high,recomp,
0x001119D0,0x001119F8,BOOT,sub_001119D0,stat,xff-abs-symbol,high,recomp,
0x001119F8,0x00111A20,BOOT,sub_001119F8,unlink,xff-abs-symbol,high,recomp,
0x00111A20,0x00111A64,BOOT,sub_00111A20,sceDeci2Open,xff-abs-symbol+jal,high,recomp,
0x00111A68,0x00111A8C,BOOT,sub_00111A68,sceDeci2Close,xff-abs-symbol,high,recomp,
0x00111A90,0x00111AC0,BOOT,sub_00111A90,sceDeci2ReqSend,xff-abs-symbol+jal,high,recomp,
0x00111AC0,0x00111AE4,BOOT,sub_00111AC0,sceDeci2Poll,xff-abs-symbol+jal,high,recomp,
0x00111AE8,0x00111B18,BOOT,sub_00111AE8,sceDeci2GrpOpen,xff-abs-symbol,high,recomp,
0x00111B18,0x00111B3C,BOOT,sub_00111B18,sceDeci2GrpClose,xff-abs-symbol,high,recomp,
0x00111B40,0x00111B74,BOOT,sub_00111B40,sceDeci2ExRecv,xff-abs-symbol+jal,high,recomp,
0x00111B78,0x00111BAC,BOOT,sub_00111B78,sceDeci2ExSend,xff-abs-symbol+jal,high,recomp,
0x00111BB0,0x00111BE0,BOOT,sub_00111BB0,sceDeci2ExReqSend,xff-abs-symbol,high,recomp,
0x00111BE0,0x00111C04,BOOT,sub_00111BE0,sceDeci2ExLock,xff-abs-symbol,high,recomp,
0x00111C08,0x00111C2C,BOOT,sub_00111C08,sceDeci2ExUnLock,xff-abs-symbol,high,recomp,
0x00111C30,0x00111C54,BOOT,sub_00111C30,kputs,xff-abs-symbol+jal,high,recomp,
0x00111C58,0x00111C80,BOOT,sub_00111C58,,jal,high,recomp,
0x00111C80,0x00111CC0,BOOT,sub_00111C80,,jal,high,recomp,
0x00111CC0,0x00111D00,BOOT,sub_00111CC0,,jal,high,recomp,
0x00111D00,0x00111E98,BOOT,sub_00111D00,,la-pair,medium,recomp,
0x00111E98,0x0011200C,BOOT,sub_00111E98,sceTtyWrite,xff-abs-symbol+jal,high,recomp,
0x00112010,0x001120E0,BOOT,sub_00112010,sceTtyRead,xff-abs-symbol+jal,high,recomp,
0x001120E0,0x0011219C,BOOT,sub_001120E0,sceTtyInit,xff-abs-symbol+jal,high,recomp,
0x001121A0,0x001121C0,BOOT,sub_001121A0,,la-pair,medium,recomp,
0x001121C0,0x001121D0,BOOT,sub_001121C0,,la-pair,medium,recomp,
0x001121D0,0x001121E8,BOOT,sub_001121D0,sceSifGetSreg,xff-abs-symbol+jal,high,recomp,
0x001121E8,0x00112204,BOOT,sub_001121E8,sceSifSetSreg,xff-abs-symbol,high,recomp,
0x00112208,0x00112214,BOOT,sub_00112208,sceSifGetDataTable,xff-abs-symbol,high,recomp,
0x00112218,0x00112498,BOOT,sub_00112218,sceSifInitCmd,xff-abs-symbol+jal,high,recomp,
0x00112498,0x001124CC,BOOT,sub_00112498,sceSifExitCmd,xff-abs-symbol+jal,high,recomp,
0x001124D0,0x001124E8,BOOT,sub_001124D0,sceSifSetCmdBuffer,xff-abs-symbol,high,recomp,
0x001124E8,0x00112500,BOOT,sub_001124E8,sceSifSetSysCmdBuffer,xff-abs-symbol,high,recomp,
0x00112500,0x00112578,BOOT,sub_00112500,sceSifAddCmdHandler,xff-abs-symbol+jal,high,recomp,
0x00112578,0x001125C4,BOOT,sub_00112578,sceSifRemoveCmdHandler,xff-abs-symbol+jal,high,recomp,
0x001125C8,0x00112700,BOOT,sub_001125C8,,jal,high,recomp,
0x00112700,0x0011273C,BOOT,sub_00112700,sceSifSendCmd,xff-abs-symbol+jal,high,recomp,
0x00112740,0x0011277C,BOOT,sub_00112740,isceSifSendCmd,xff-abs-symbol+jal,high,recomp,
0x00112780,0x001128C8,BOOT,sub_00112780,,la-pair,medium,recomp,
0x001128C8,0x00112978,BOOT,sub_001128C8,sceSifWriteBackDCache,xff-abs-symbol+jal,high,recomp,
0x00112978,0x00112988,BOOT,sub_00112978,sceVif1PkInit,xff-abs-symbol+jal,high,recomp,
0x00112988,0x00112998,BOOT,sub_00112988,sceVif1PkReset,xff-abs-symbol+jal,high,recomp,
0x00112998,0x001129F0,BOOT,sub_00112998,sceVif1PkTerminate,xff-abs-symbol+jal,high,recomp,
0x001129F0,0x00112A48,BOOT,sub_001129F0,sceVif1PkCnt,xff-abs-symbol+jal,high,recomp,
0x00112A48,0x00112AA0,BOOT,sub_00112A48,sceVif1PkEnd,xff-abs-symbol+jal,high,recomp,
0x00112AA0,0x00112AF8,BOOT,sub_00112AA0,sceVif1PkOpenDirectCode,xff-abs-symbol+jal,high,recomp,
0x00112AF8,0x00112B24,BOOT,sub_00112AF8,sceVif1PkCloseDirectCode,xff-abs-symbol+jal,high,recomp,
0x00112B28,0x00112B40,BOOT,sub_00112B28,sceVif1PkOpenGifTag,xff-abs-symbol+jal,high,recomp,
0x00112B40,0x00112BE4,BOOT,sub_00112B40,sceVif1PkCloseGifTag,xff-abs-symbol+jal,high,recomp,
0x00112BE8,0x00112C64,BOOT,sub_00112BE8,sceVif1PkAlign,xff-abs-symbol+jal,high,recomp,
0x00112C68,0x00112C90,BOOT,sub_00112C68,sceVif1PkAddGsData,xff-abs-symbol+jal,high,recomp,
0x00112C90,0x00112E20,BOOT,sub_00112C90,sceGsResetGraph,xff-abs-symbol+jal,high,recomp,
0x00112E20,0x00112E2C,BOOT,sub_00112E20,sceGsGetGParam,xff-abs-symbol+jal,high,recomp,
0x00112E30,0x00112E98,BOOT,sub_00112E30,sceGsResetPath,xff-abs-symbol+jal,high,recomp,
0x00112E98,0x0011307C,BOOT,sub_00112E98,sceGsSetDefDrawEnv,xff-abs-symbol+jal,high,recomp,
0x00113080,0x00113168,BOOT,sub_00113080,sceGsPutDrawEnv,xff-abs-symbol+jal,high,recomp,
0x00113168,0x00113400,BOOT,sub_00113168,sceGsSetDefDBuff,xff-abs-symbol+jal,high,recomp,
0x00113400,0x0011345C,BOOT,sub_00113400,sceGsSwapDBuff,xff-abs-symbol+jal,high,recomp,
0x00113460,0x001134F4,BOOT,sub_00113460,sceGsSyncV,xff-abs-symbol+jal,high,recomp,
0x001134F8,0x0011380C,BOOT,sub_001134F8,sceGsSyncPath,xff-abs-symbol+jal,high,recomp,
0x00113810,0x0011391C,BOOT,sub_00113810,sceGsSetDefTexEnv,xff-abs-symbol+jal,high,recomp,
0x00113920,0x0011397C,BOOT,sub_00113920,sceGsSetDefAlphaEnv,xff-abs-symbol+jal,high,recomp,
0x00113980,0x00113A08,BOOT,sub_00113980,sceGsSetHalfOffset,xff-abs-symbol+jal,high,recomp,
0x00113A08,0x00113AA8,BOOT,sub_00113A08,,jal,high,recomp,
0x00113AA8,0x00113AB8,BOOT,sub_00113AA8,,jal,high,recomp,
0x00113AB8,0x00113E2C,BOOT,sub_00113AB8,sceGsSetDefDispEnv,xff-abs-symbol+jal,high,recomp,
0x00113E30,0x00113EEC,BOOT,sub_00113E30,sceGsPutDispEnv,xff-abs-symbol+jal,high,recomp,
0x00113EF0,0x00113FB8,BOOT,sub_00113EF0,sceGszbufaddr,xff-abs-symbol+jal,high,recomp,
0x00113FB8,0x001140BC,BOOT,sub_00113FB8,sceGsSetDefClear,xff-abs-symbol+jal,high,recomp,
0x001140C0,0x00114130,BOOT,sub_001140C0,,jal,high,recomp,
0x00114130,0x001141B8,BOOT,sub_00114130,,jal,high,recomp,
0x001141B8,0x001141E0,BOOT,sub_001141B8,,jal,high,recomp,
0x001141E0,0x00114218,BOOT,sub_001141E0,,jal,high,recomp,
0x00114218,0x00114240,BOOT,sub_00114218,sceDmaGetChan,xff-abs-symbol+jal,high,recomp,
0x00114240,0x0011431C,BOOT,sub_00114240,sceDmaReset,xff-abs-symbol+jal,high,recomp,
0x00114320,0x001144F8,BOOT,sub_00114320,sceDmaPutEnv,xff-abs-symbol+jal,high,recomp,
0x001144F8,0x00114530,BOOT,sub_001144F8,sceDmaGetEnv,xff-abs-symbol,high,recomp,
0x00114530,0x00114544,BOOT,sub_00114530,sceDmaPutStallAddr,xff-abs-symbol,high,recomp,
0x00114548,0x001145B0,BOOT,sub_00114548,sceDmaSend,xff-abs-symbol+jal,high,recomp,
0x001145B0,0x00114624,BOOT,sub_001145B0,sceDmaSendN,xff-abs-symbol,high,recomp,
0x00114628,0x0011469C,BOOT,sub_00114628,sceDmaSendI,xff-abs-symbol,high,recomp,
0x001146A0,0x001146E8,BOOT,sub_001146A0,sceDmaRecv,xff-abs-symbol,high,recomp,
0x001146E8,0x00114764,BOOT,sub_001146E8,sceDmaRecvN,xff-abs-symbol,high,recomp,
0x00114768,0x001147E8,BOOT,sub_00114768,sceDmaRecvI,xff-abs-symbol,high,recomp,
0x001147E8,0x00114820,BOOT,sub_001147E8,sceDmaSync,xff-abs-symbol+jal,high,recomp,
0x00114820,0x00114854,BOOT,sub_00114820,sceDmaWatch,xff-abs-symbol,high,recomp,
0x00114858,0x001148F0,BOOT,sub_00114858,sceDmaPause,xff-abs-symbol+jal,high,recomp,
0x001148F0,0x00114904,BOOT,sub_001148F0,sceDmaRestart,xff-abs-symbol,high,recomp,
0x00114908,0x00114948,BOOT,sub_00114908,scePad2Init,xff-abs-symbol+jal,high,recomp,
0x00114948,0x001149B0,BOOT,sub_00114948,scePad2End,xff-abs-symbol,high,recomp,
0x001149B0,0x00114AB8,BOOT,sub_001149B0,scePad2CreateSocket,xff-abs-symbol+jal,high,recomp,
0x00114AB8,0x00114B0C,BOOT,sub_00114AB8,scePad2DeleteSocket,xff-abs-symbol+jal,high,recomp,
0x00114B10,0x00114BE4,BOOT,sub_00114B10,scePad2Read,xff-abs-symbol+jal,high,recomp,
0x00114BE8,0x00114CB4,BOOT,sub_00114BE8,scePad2GetButtonProfile,xff-abs-symbol+jal,high,recomp,
0x00114CB8,0x00114DF8,BOOT,sub_00114CB8,scePad2GetState,xff-abs-symbol+jal,high,recomp,
0x00114DF8,0x00114ED8,BOOT,sub_00114DF8,scePad2GetButtonInfo,xff-abs-symbol,high,recomp,
0x00114ED8,0x00114F50,BOOT,sub_00114ED8,,jal,high,recomp,
0x00114F50,0x00114FA8,BOOT,sub_00114F50,,jal,high,recomp,
0x00114FA8,0x00115010,BOOT,sub_00114FA8,,jal,high,recomp,
0x00115010,0x00115078,BOOT,sub_00115010,,jal,high,recomp,
0x00115078,0x001150D8,BOOT,sub_00115078,,jal,high,recomp,
0x001150D8,0x00115188,BOOT,sub_001150D8,,jal,high,recomp,
0x00115188,0x001151BC,BOOT,sub_00115188,scePad2StateIntToStr,xff-abs-symbol,high,recomp,
0x001151C0,0x00115240,BOOT,sub_001151C0,sceVibGetProfile,xff-abs-symbol,high,recomp,
0x00115240,0x0011532C,BOOT,sub_00115240,sceVibSetActParam,xff-abs-symbol+jal,high,recomp,
0x00115330,0x00115388,BOOT,sub_00115330,,jal,high,recomp,
0x00115388,0x00115628,BOOT,sub_00115388,sceDbcInit,xff-abs-symbol+jal,high,recomp,
0x00115628,0x00115670,BOOT,sub_00115628,sceDbcEnd,xff-abs-symbol,high,recomp,
0x00115670,0x001156D0,BOOT,sub_00115670,,after-named,medium,recomp,
0x001156D0,0x0011573C,BOOT,sub_001156D0,sceDbcSetWorkAddr,xff-abs-symbol+jal,high,recomp,
0x00115740,0x00115870,BOOT,sub_00115740,sceDbcCreateSocket,xff-abs-symbol+jal,high,recomp,
0x00115870,0x0011592C,BOOT,sub_00115870,sceDbcDeleteSocket,xff-abs-symbol+jal,high,recomp,
0x00115930,0x00115A9C,BOOT,sub_00115930,sceDbcGetDepNumber,xff-abs-symbol+jal,high,recomp,
0x00115AA0,0x00115B94,BOOT,sub_00115AA0,sceDbcGetConnection,xff-abs-symbol+jal,high,recomp,
0x00115B98,0x00115C44,BOOT,sub_00115B98,sceDbcInitSocket,xff-abs-symbol,high,recomp,
0x00115C48,0x00115CF4,BOOT,sub_00115C48,sceDbcResetSocket,xff-abs-symbol,high,recomp,
0x00115CF8,0x00115DA4,BOOT,sub_00115CF8,sceDbcGetDeviceStatus,xff-abs-symbol,high,recomp,
0x00115DA8,0x00115E68,BOOT,sub_00115DA8,sceDbcSearchPortSpecific,xff-abs-symbol+jal,high,recomp,
0x00115E68,0x00115FF4,BOOT,sub_00115E68,sceDbcSRData,xff-abs-symbol,high,recomp,
0x00115FF8,0x00116128,BOOT,sub_00115FF8,sceDbcSendData,xff-abs-symbol,high,recomp,
0x00116128,0x001162D8,BOOT,sub_00116128,sceDbcSendData2,xff-abs-symbol+jal,high,recomp,
0x001162D8,0x00116430,BOOT,sub_001162D8,sceDbcSendData3,xff-abs-symbol+jal,high,recomp,
0x00116430,0x00116554,BOOT,sub_00116430,sceDbcReceiveData,xff-abs-symbol+jal,high,recomp,
0x00116558,0x00116580,BOOT,sub_00116558,,jal,high,recomp,
0x00116580,0x001165E8,BOOT,sub_00116580,sceCdCallback,xff-abs-symbol,high,recomp,
0x001165E8,0x00116688,BOOT,sub_001165E8,_sceCd_cd_callback,xff-abs-symbol,high,recomp,
0x00116688,0x00116758,BOOT,sub_00116688,_sceCd_cbLoop,xff-abs-symbol+la-pair,high,recomp,
0x00116758,0x001167F4,BOOT,sub_00116758,sceCdInitEeCB,xff-abs-symbol,high,recomp,
0x001167F8,0x001168B0,BOOT,sub_001167F8,_sceCd_cd_read_intr,xff-abs-symbol,high,recomp,
0x001168B0,0x00116998,BOOT,sub_001168B0,,jal,high,recomp,
0x00116998,0x00116A38,BOOT,sub_00116998,,jal,high,recomp,
0x00116A38,0x00116AB8,BOOT,sub_00116A38,sceCdPOffCallback,xff-abs-symbol+jal,high,recomp,
0x00116AB8,0x00116B10,BOOT,sub_00116AB8,,la-pair,medium,recomp,
0x00116B10,0x00116B88,BOOT,sub_00116B10,,jal,high,recomp,
0x00116B88,0x00116E84,BOOT,sub_00116B88,sceCdLayerSearchFile,xff-abs-symbol+jal,high,recomp,
0x00116E88,0x00116EA4,BOOT,sub_00116E88,sceCdSearchFile,xff-abs-symbol,high,recomp,
0x00116EA8,0x00117000,BOOT,sub_00116EA8,_sceCd_ncmd_prechk,xff-abs-symbol+jal,high,recomp,
0x00117000,0x00117098,BOOT,sub_00117000,sceCdNcmdDiskReady,xff-abs-symbol,high,recomp,
0x00117098,0x00117138,BOOT,sub_00117098,sceCdSync,xff-abs-symbol+jal,high,recomp,
0x00117138,0x001171A4,BOOT,sub_00117138,sceCdSyncS,xff-abs-symbol+jal,high,recomp,
0x001171A8,0x00117300,BOOT,sub_001171A8,_sceCd_scmd_prechk,xff-abs-symbol+jal,high,recomp,
0x00117300,0x001173B0,BOOT,sub_00117300,_sceCdSC,xff-abs-symbol,high,recomp,
0x001173B0,0x00117698,BOOT,sub_001173B0,sceCdInit,xff-abs-symbol+jal,high,recomp,
0x00117698,0x001178B0,BOOT,sub_00117698,sceCdDiskReady_old,xff-abs-symbol+jal,high,recomp,
0x001178B0,0x00117AD0,BOOT,sub_001178B0,sceCdDiskReady,xff-abs-symbol,high,recomp,
0x00117AD0,0x00117B84,BOOT,sub_00117AD0,sceCdPowerOff,xff-abs-symbol+jal,high,recomp,
0x00117B88,0x00117C58,BOOT,sub_00117B88,sceCdMmode,xff-abs-symbol+jal,high,recomp,
0x00117C58,0x00117C7C,BOOT,sub_00117C58,sceCdChgSys,xff-abs-symbol,high,recomp,
0x00117C80,0x00117D68,BOOT,sub_00117C80,sceSifMInitRpc,xff-abs-symbol+jal,high,recomp,
0x00117D68,0x00117D90,BOOT,sub_00117D68,,la-pair,medium,recomp,
0x00117D90,0x00117DC0,BOOT,sub_00117D90,sceSifMExitRpc,xff-abs-symbol,high,recomp,
0x00117DC0,0x00117E68,BOOT,sub_00117DC0,,jal,high,recomp,
0x00117E68,0x00117E88,BOOT,sub_00117E68,,jal,high,recomp,
0x00117E88,0x00117FA8,BOOT,sub_00117E88,,la-pair,medium,recomp,
0x00117FA8,0x00117FCC,BOOT,sub_00117FA8,sceSifMBindRpc,xff-abs-symbol,high,recomp,
0x00117FD0,0x001181A0,BOOT,sub_00117FD0,sceSifMBindRpcParam,xff-abs-symbol+jal,high,recomp,
0x001181A0,0x001182DC,BOOT,sub_001181A0,sceSifMUnBindRpc,xff-abs-symbol,high,recomp,
0x001182E0,0x00118550,BOOT,sub_001182E0,sceSifMCallRpc,xff-abs-symbol,high,recomp,
0x00118550,0x001186F8,BOOT,sub_00118550,sceMc2Init,xff-abs-symbol+ptr-table,high,recomp,
0x001186F8,0x001187D0,BOOT,sub_001186F8,sceMc2End,xff-abs-symbol+jal,high,recomp,
0x001187D0,0x00118860,BOOT,sub_001187D0,sceMc2CreateSocket,xff-abs-symbol,high,recomp,
0x00118860,0x001188DC,BOOT,sub_00118860,sceMc2DeleteSocket,xff-abs-symbol,high,recomp,
0x001188E0,0x0011898C,BOOT,sub_001188E0,sceMc2SearchSocket,xff-abs-symbol,high,recomp,
0x00118990,0x001189C8,BOOT,sub_00118990,sceMc2ChangeThreadPriority,xff-abs-symbol,high,recomp,
0x001189C8,0x00118A00,BOOT,sub_001189C8,sceMc2iChangeThreadPriority,xff-abs-symbol,high,recomp,
0x00118A00,0x00118AB0,BOOT,sub_00118A00,sceMc2FormatAsync,xff-abs-symbol+jal,high,recomp,
0x00118AB0,0x00118B60,BOOT,sub_00118AB0,sceMc2UnformatAsync,xff-abs-symbol+jal,high,recomp,
0x00118B60,0x00118C20,BOOT,sub_00118B60,sceMc2GetInfoAsync,xff-abs-symbol+jal,high,recomp,
0x00118C20,0x00118D20,BOOT,sub_00118C20,sceMc2SearchFileAsync,xff-abs-symbol+jal,high,recomp,
0x00118D20,0x00118DD0,BOOT,sub_00118D20,sceMc2GetDirAllAsync,xff-abs-symbol,high,recomp,
0x00118DD0,0x00118EF0,BOOT,sub_00118DD0,sceMc2ReadFileAsync,xff-abs-symbol+jal,high,recomp,
0x00118EF0,0x00119010,BOOT,sub_00118EF0,sceMc2WriteFileAsync,xff-abs-symbol+jal,high,recomp,
0x00119010,0x00119108,BOOT,sub_00119010,sceMc2CreateFileAsync,xff-abs-symbol+jal,high,recomp,
0x00119108,0x001191F0,BOOT,sub_00119108,sceMc2DeleteAsync,xff-abs-symbol+jal,high,recomp,
0x001191F0,0x00119320,BOOT,sub_001191F0,sceMc2GetDirAsync,xff-abs-symbol+jal,high,recomp,
0x00119320,0x00119418,BOOT,sub_00119320,sceMc2MkdirAsync,xff-abs-symbol+jal,high,recomp,
0x00119418,0x00119518,BOOT,sub_00119418,sceMc2ChdirAsync,xff-abs-symbol+jal,high,recomp,
0x00119518,0x00119618,BOOT,sub_00119518,sceMc2ChmodAsync,xff-abs-symbol+jal,high,recomp,
0x00119618,0x00119734,BOOT,sub_00119618,sceMc2RenameAsync,xff-abs-symbol+jal,high,recomp,
0x00119738,0x00119820,BOOT,sub_00119738,sceMc2GetEntSpaceAsync,xff-abs-symbol+jal,high,recomp,
0x00119820,0x00119A38,BOOT,sub_00119820,,la-pair,medium,recomp,
0x00119A38,0x00119AE0,BOOT,sub_00119A38,,jal,high,recomp,
0x00119AE0,0x00119B04,BOOT,sub_00119AE0,sceMc2CheckAsync,xff-abs-symbol,high,recomp,
0x00119B08,0x00119B2C,BOOT,sub_00119B08,sceMc2Sync,xff-abs-symbol+jal,high,recomp,
0x00119B30,0x00119B6C,BOOT,sub_00119B30,sceMc2GetInfo,xff-abs-symbol,high,recomp,
0x00119B70,0x00119BAC,BOOT,sub_00119B70,sceMc2Format,xff-abs-symbol,high,recomp,
0x00119BB0,0x00119BEC,BOOT,sub_00119BB0,sceMc2Unformat,xff-abs-symbol,high,recomp,
0x00119BF0,0x00119C2C,BOOT,sub_00119BF0,sceMc2ReadFile,xff-abs-symbol,high,recomp,
0x00119C30,0x00119C6C,BOOT,sub_00119C30,sceMc2WriteFile,xff-abs-symbol,high,recomp,
0x00119C70,0x00119CAC,BOOT,sub_00119C70,sceMc2CreateFile,xff-abs-symbol,high,recomp,
0x00119CB0,0x00119CEC,BOOT,sub_00119CB0,sceMc2Delete,xff-abs-symbol,high,recomp,
0x00119CF0,0x00119D2C,BOOT,sub_00119CF0,sceMc2Rename,xff-abs-symbol,high,recomp,
0x00119D30,0x00119D6C,BOOT,sub_00119D30,sceMc2Mkdir,xff-abs-symbol,high,recomp,
0x00119D70,0x00119DAC,BOOT,sub_00119D70,sceMc2Chdir,xff-abs-symbol,high,recomp,
0x00119DB0,0x00119DEC,BOOT,sub_00119DB0,sceMc2GetDir,xff-abs-symbol,high,recomp,
0x00119DF0,0x00119E2C,BOOT,sub_00119DF0,sceMc2Chmod,xff-abs-symbol,high,recomp,
0x00119E30,0x00119E6C,BOOT,sub_00119E30,sceMc2SearchFile,xff-abs-symbol,high,recomp,
0x00119E70,0x00119EAC,BOOT,sub_00119E70,sceMc2GetEntSpace,xff-abs-symbol,high,recomp,
0x00119EB0,0x00119F10,BOOT,sub_00119EB0,,jal,high,recomp,
0x00119F10,0x00119F80,BOOT,sub_00119F10,,jal,high,recomp,
0x00119F80,0x0011A090,BOOT,sub_00119F80,,jal,high,recomp,
0x0011A090,0x0011A210,BOOT,sub_0011A090,,jal,high,recomp,
0x0011A210,0x0011A330,BOOT,sub_0011A210,,jal,high,recomp,
0x0011A330,0x0011A378,BOOT,sub_0011A330,,jal,high,recomp,
0x0011A378,0x0011A500,BOOT,sub_0011A378,,jal,high,recomp,
0x0011A500,0x0011A560,BOOT,sub_0011A500,_sceMcFatInit,xff-abs-symbol+jal,high,recomp,
0x0011A560,0x0011A5C8,BOOT,sub_0011A560,_sceMcFatInit2,xff-abs-symbol+jal,high,recomp,
0x0011A5C8,0x0011A6E8,BOOT,sub_0011A5C8,,jal,high,recomp,
0x0011A6E8,0x0011A778,BOOT,sub_0011A6E8,,jal,high,recomp,
0x0011A778,0x0011A890,BOOT,sub_0011A778,,jal,high,recomp,
0x0011A890,0x0011A8D8,BOOT,sub_0011A890,,jal,high,recomp,
0x0011A8D8,0x0011A940,BOOT,sub_0011A8D8,,jal,high,recomp,
0x0011A940,0x0011AA70,BOOT,sub_0011A940,,jal,high,recomp,
0x0011AA70,0x0011ABA0,BOOT,sub_0011AA70,,jal,high,recomp,
0x0011ABA0,0x0011AC78,BOOT,sub_0011ABA0,,jal,high,recomp,
0x0011AC78,0x0011ADF8,BOOT,sub_0011AC78,,jal,high,recomp,
0x0011ADF8,0x0011AE88,BOOT,sub_0011ADF8,,jal,high,recomp,
0x0011AE88,0x0011AEE0,BOOT,sub_0011AE88,,jal,high,recomp,
0x0011AEE0,0x0011B278,BOOT,sub_0011AEE0,_sceMcFatGetInfo,xff-abs-symbol+jal,high,recomp,
0x0011B278,0x0011BBA4,BOOT,sub_0011B278,_sceMcFatFormat,xff-abs-symbol+jal,high,recomp,
0x0011BBA8,0x0011BCA8,BOOT,sub_0011BBA8,_sceMcFatUnFormat,xff-abs-symbol+jal,high,recomp,
0x0011BCA8,0x0011BD50,BOOT,sub_0011BCA8,,jal,high,recomp,
0x0011BD50,0x0011BDB0,BOOT,sub_0011BD50,,jal,high,recomp,
0x0011BDB0,0x0011C028,BOOT,sub_0011BDB0,,jal,high,recomp,
0x0011C028,0x0011C478,BOOT,sub_0011C028,,jal,high,recomp,
0x0011C478,0x0011C620,BOOT,sub_0011C478,,jal,high,recomp,
0x0011C620,0x0011C750,BOOT,sub_0011C620,,jal,high,recomp,
0x0011C750,0x0011CC20,BOOT,sub_0011C750,,jal,high,recomp,
0x0011CC20,0x0011CD50,BOOT,sub_0011CC20,,jal,high,recomp,
0x0011CD50,0x0011CE40,BOOT,sub_0011CD50,_sceMcFatSearchFile,xff-abs-symbol+jal,high,recomp,
0x0011CE40,0x0011D3CC,BOOT,sub_0011CE40,_sceMcFatCreateFile,xff-abs-symbol+jal,high,recomp,
0x0011D3D0,0x0011D5D8,BOOT,sub_0011D3D0,_sceMcFatReadFile,xff-abs-symbol+jal,high,recomp,
0x0011D5D8,0x0011DBB4,BOOT,sub_0011D5D8,_sceMcFatWriteFile,xff-abs-symbol+jal,high,recomp,
0x0011DBB8,0x0011DDE8,BOOT,sub_0011DBB8,_sceMcFatDeleteFile,xff-abs-symbol+jal,high,recomp,
0x0011DDE8,0x0011DF0C,BOOT,sub_0011DDE8,_sceMcFatChDir,xff-abs-symbol+jal,high,recomp,
0x0011DF10,0x0011E42C,BOOT,sub_0011DF10,_sceMcFatGetDir,xff-abs-symbol+jal,high,recomp,
0x0011E430,0x0011E5B8,BOOT,sub_0011E430,_sceMcFatSetAttr,xff-abs-symbol+jal,high,recomp,
0x0011E5B8,0x0011E734,BOOT,sub_0011E5B8,_sceMcFatRename,xff-abs-symbol+jal,high,recomp,
0x0011E738,0x0011E7FC,BOOT,sub_0011E738,_sceMcFatGetEntSpace,xff-abs-symbol+jal,high,recomp,
0x0011E800,0x0011E834,BOOT,sub_0011E800,_sceMcpInit,xff-abs-symbol+jal,high,recomp,
0x0011E838,0x0011E854,BOOT,sub_0011E838,_sceMcpGetCardSpec,xff-abs-symbol+jal,high,recomp,
0x0011E858,0x0011E874,BOOT,sub_0011E858,_sceMcpCheckNewCard,xff-abs-symbol+jal,high,recomp,
0x0011E878,0x0011E894,BOOT,sub_0011E878,_sceMcpAuthentication,xff-abs-symbol+jal,high,recomp,
0x0011E898,0x0011E9AC,BOOT,sub_0011E898,_sceMcpReadSysInfo,xff-abs-symbol+jal,high,recomp,
0x0011E9B0,0x0011EACC,BOOT,sub_0011E9B0,_sceMcpWriteSysInfo,xff-abs-symbol+jal,high,recomp,
0x0011EAD0,0x0011EB10,BOOT,sub_0011EAD0,_sceMcpReadClust,xff-abs-symbol+jal,high,recomp,
0x0011EB10,0x0011EB50,BOOT,sub_0011EB10,_sceMcpWriteClust,xff-abs-symbol+jal,high,recomp,
0x0011EB50,0x0011EBC0,BOOT,sub_0011EB50,_sceMcpFlushCache,xff-abs-symbol+jal,high,recomp,
0x0011EBC0,0x0011EF54,BOOT,sub_0011EBC0,_sceMcpWriteUserClustOnCache,xff-abs-symbol+jal,high,recomp,
0x0011EF58,0x0011F098,BOOT,sub_0011EF58,_sceMcpReadUserClustOnCache,xff-abs-symbol+jal,high,recomp,
0x0011F098,0x0011F0B4,BOOT,sub_0011F098,_sceMcpReadUserClust,xff-abs-symbol+jal,high,recomp,
0x0011F0B8,0x0011F0D4,BOOT,sub_0011F0B8,_sceMcpWriteUserClust,xff-abs-symbol+jal,high,recomp,
0x0011F0D8,0x0011F120,BOOT,sub_0011F0D8,_sceMcpIsSpeckOutBlock,xff-abs-symbol+jal,high,recomp,
0x0011F120,0x0011F168,BOOT,sub_0011F120,_sceMcpIsSpeckOutClust,xff-abs-symbol+jal,high,recomp,
0x0011F168,0x0011F2DC,BOOT,sub_0011F168,_sceMcpMakeSpecoutBlock,xff-abs-symbol+jal,high,recomp,
0x0011F2E0,0x0011F2F8,BOOT,sub_0011F2E0,_SceMcComGetSysInfo,xff-abs-symbol,high,recomp,
0x0011F2F8,0x0011F3C8,BOOT,sub_0011F2F8,,jal,high,recomp,
0x0011F3C8,0x0011F450,BOOT,sub_0011F3C8,,jal,high,recomp,
0x0011F450,0x0011F4E0,BOOT,sub_0011F450,_sceMcCoreInit,xff-abs-symbol+jal,high,recomp,
0x0011F4E0,0x0011F554,BOOT,sub_0011F4E0,_sceMcCoreEnd,xff-abs-symbol+jal,high,recomp,
0x0011F558,0x0011F580,BOOT,sub_0011F558,_sceMcCoreSetWriteBackHole,xff-abs-symbol+jal,high,recomp,
0x0011F580,0x0011F5BC,BOOT,sub_0011F580,_sceMcCoreSetCardSpec,xff-abs-symbol+jal,high,recomp,
0x0011F5C0,0x0011F794,BOOT,sub_0011F5C0,_sceMcCoreGetCardSpec,xff-abs-symbol+jal,high,recomp,
0x0011F798,0x0011F898,BOOT,sub_0011F798,_sceMcCoreCheckNewCard,xff-abs-symbol+jal,high,recomp,
0x0011F898,0x0011F970,BOOT,sub_0011F898,_sceMcCoreClearNewCardFlag,xff-abs-symbol+jal,high,recomp,
0x0011F970,0x0011FA5C,BOOT,sub_0011F970,_sceMcCoreAuthentication,xff-abs-symbol+jal,high,recomp,
0x0011FA60,0x0011FB98,BOOT,sub_0011FA60,_sceMcCoreWriteBack,xff-abs-symbol+jal,high,recomp,
0x0011FB98,0x0011FC9C,BOOT,sub_0011FB98,_sceMcCoreReadClock,xff-abs-symbol+jal,high,recomp,
0x0011FCA0,0x0011FE34,BOOT,sub_0011FCA0,_sceMcCoreReadPage2,xff-abs-symbol+jal,high,recomp,
0x0011FE38,0x0011FE54,BOOT,sub_0011FE38,_sceMcCoreReadPage,xff-abs-symbol+jal,high,recomp,
0x0011FE58,0x0011FFE8,BOOT,sub_0011FE58,_sceMcCoreWritePage,xff-abs-symbol+jal,high,recomp,
0x0011FFE8,0x0012011C,BOOT,sub_0011FFE8,_sceMcCoreWriteSameData,xff-abs-symbol,high,recomp,
0x00120120,0x00120250,BOOT,sub_00120120,_sceMcCoreBlockErase,xff-abs-symbol+jal,high,recomp,
0x00120250,0x00120288,BOOT,sub_00120250,_sceMcCoreGetConnection,xff-abs-symbol+jal,high,recomp,
0x00120288,0x001202C0,BOOT,sub_00120288,,jal,high,recomp,
0x001202C0,0x001203E0,BOOT,sub_001202C0,_sceMcCoreCreateSocket,xff-abs-symbol+jal,high,recomp,
0x001203E0,0x00120410,BOOT,sub_001203E0,_sceMcCoreCheckSocket,xff-abs-symbol+jal,high,recomp,
0x00120410,0x00120478,BOOT,sub_00120410,_sceMcCoreDeleteSocket,xff-abs-symbol+jal,high,recomp,
0x00120478,0x001204BC,BOOT,sub_00120478,_sceMcCoreChangeSocketTypeDbc2Mc,xff-abs-symbol+jal,high,recomp,
0x001204C0,0x001204F0,BOOT,sub_001204C0,_sceMcCoreChangeSocketTypeMc2Dbc,xff-abs-symbol+jal,high,recomp,
0x001204F0,0x00120B84,BOOT,sub_001204F0,__divdi3,xff-abs-symbol+jal,high,recomp,
0x00120B88,0x00121218,BOOT,sub_00120B88,__moddi3,xff-abs-symbol+jal,high,recomp,
0x00121218,0x00121794,BOOT,sub_00121218,__udivdi3,xff-abs-symbol+jal,high,recomp,
0x00121798,0x00121D00,BOOT,sub_00121798,__umoddi3,xff-abs-symbol+jal,high,recomp,
0x00121D00,0x00121DE8,BOOT,sub_00121D00,__floatdisf,xff-abs-symbol+jal,high,recomp,
0x00121DE8,0x00121F00,BOOT,sub_00121DE8,__fixunsdfdi,xff-abs-symbol+jal,high,recomp,
0x00121F00,0x00122028,BOOT,sub_00121F00,__fixunssfdi,xff-abs-symbol+jal,high,recomp,
0x00122028,0x001220B4,BOOT,sub_00122028,__do_global_dtors,xff-abs-symbol+la-pair,high,recomp,
0x001220B8,0x00122178,BOOT,sub_001220B8,__do_global_ctors,xff-abs-symbol,high,recomp,
0x00122178,0x001221B0,BOOT,sub_00122178,__main,xff-abs-symbol+jal,high,recomp,
0x001221B0,0x001221EC,BOOT,sub_001221B0,fptodp,xff-abs-symbol+jal,high,recomp,
0x001221F0,0x00122450,BOOT,sub_001221F0,,jal,high,recomp,
0x00122450,0x001224A8,BOOT,sub_00122450,dpadd,xff-abs-symbol+jal,high,recomp,
0x001224A8,0x0012250C,BOOT,sub_001224A8,dpsub,xff-abs-symbol+jal,high,recomp,
0x00122510,0x00122794,BOOT,sub_00122510,dpmul,xff-abs-symbol+jal,high,recomp,
0x00122798,0x001228D8,BOOT,sub_00122798,dpdiv,xff-abs-symbol+jal,high,recomp,
0x001228D8,0x00122924,BOOT,sub_001228D8,dpcmp,xff-abs-symbol+jal,high,recomp,
0x00122928,0x001229E0,BOOT,sub_00122928,litodp,xff-abs-symbol+jal,high,recomp,
0x001229E0,0x00122A0C,BOOT,sub_001229E0,__make_dp,xff-abs-symbol+jal,high,recomp,
0x00122A10,0x00122A64,BOOT,sub_00122A10,dptofp,xff-abs-symbol+jal,high,recomp,
0x00122A68,0x00122B08,BOOT,sub_00122A68,dptoul,xff-abs-symbol+jal,high,recomp,
0x00122B08,0x00122B50,BOOT,sub_00122B08,,jal,high,recomp,
0x00122B50,0x00122BA8,BOOT,sub_00122B50,,jal,high,recomp,
0x00122BA8,0x00122CA0,BOOT,sub_00122BA8,,jal,high,recomp,
0x00122CA0,0x00123218,BOOT,sub_00122CA0,,jal,high,recomp,
0x00123218,0x00123280,BOOT,sub_00123218,__register_frame_info,xff-abs-symbol+jal,high,recomp,
0x00123280,0x001232B0,BOOT,sub_00123280,__register_frame,xff-abs-symbol,high,recomp,
0x001232B0,0x00123318,BOOT,sub_001232B0,__register_frame_info_table,xff-abs-symbol,high,recomp,
0x00123318,0x00123348,BOOT,sub_00123318,__register_frame_table,xff-abs-symbol,high,recomp,
0x00123348,0x00123404,BOOT,sub_00123348,__deregister_frame_info,xff-abs-symbol+jal,high,recomp,
0x00123408,0x00123428,BOOT,sub_00123408,__deregister_frame,xff-abs-symbol,high,recomp,
0x00123428,0x00123468,BOOT,sub_00123428,,jal,high,recomp,
0x00123468,0x001234F8,BOOT,sub_00123468,,jal,high,recomp,
0x001234F8,0x00123550,BOOT,sub_001234F8,,jal,high,recomp,
0x00123550,0x001236B8,BOOT,sub_00123550,,jal,high,recomp,
0x001236B8,0x00123860,BOOT,sub_001236B8,,jal,high,recomp,
0x00123860,0x00123970,BOOT,sub_00123860,,jal,high,recomp,
0x00123970,0x00123A90,BOOT,sub_00123970,,jal,high,recomp,
0x00123A90,0x00123EE0,BOOT,sub_00123A90,,jal,high,recomp,
0x00123EE0,0x00124098,BOOT,sub_00123EE0,__frame_state_for,xff-abs-symbol,high,recomp,
0x00124098,0x0012410C,BOOT,sub_00124098,__muldi3,xff-abs-symbol+jal,high,recomp,
0x00124110,0x001241B8,BOOT,sub_00124110,__floatdidf,xff-abs-symbol+jal,high,recomp,
0x001241B8,0x00124214,BOOT,sub_001241B8,__unpack_f,xff-abs-symbol+jal,high,recomp,
0x00124218,0x00124244,BOOT,sub_00124218,__make_fp,xff-abs-symbol+jal,high,recomp,
0x00124248,0x00124320,BOOT,sub_00124248,__pack_d,xff-abs-symbol+jal,high,recomp,
0x00124320,0x001243DC,BOOT,sub_00124320,__unpack_d,xff-abs-symbol+jal,high,recomp,
0x001243E0,0x00124500,BOOT,sub_001243E0,__fpcmp_parts_d,xff-abs-symbol+jal,high,recomp,
0x00124500,0x001245B4,BOOT,sub_00124500,__pack_f,xff-abs-symbol+jal,high,recomp,
0x001245B8,0x001245D0,BOOT,sub_001245B8,abort,xff-abs-symbol+jal,high,recomp,
0x001245D0,0x00124670,BOOT,sub_001245D0,atexit,xff-abs-symbol,high,recomp,
0x00124670,0x00124698,BOOT,sub_00124670,atoi,xff-abs-symbol+jal,high,recomp,
0x00124698,0x001246A4,BOOT,sub_00124698,__errno,xff-abs-symbol+jal,high,recomp,
0x001246A8,0x001246FC,BOOT,sub_001246A8,malloc,xff-abs-symbol+jal,high,recomp,
0x00124700,0x00124748,BOOT,sub_00124700,free,xff-abs-symbol+jal,high,recomp,
0x00124748,0x001249A0,BOOT,sub_00124748,,jal,high,recomp,
0x001249A0,0x001250C8,BOOT,sub_001249A0,_malloc_r,xff-abs-symbol+jal,high,recomp,
0x001250C8,0x0012515C,BOOT,sub_001250C8,memcmp,xff-abs-symbol+jal,high,recomp,
0x0012515C,0x0012520C,BOOT,sub_0012515C,memcpy,xff-abs-symbol+jal,high,recomp,
0x0012520C,0x00125310,BOOT,sub_0012520C,memmove,xff-abs-symbol+jal,high,recomp,
0x00125310,0x001253D0,BOOT,sub_00125310,memset,xff-abs-symbol+jal,high,recomp,
0x001253D0,0x0012544C,BOOT,sub_001253D0,__malloc_lock,xff-abs-symbol+jal,high,recomp,
0x00125450,0x0012549C,BOOT,sub_00125450,__malloc_unlock,xff-abs-symbol+jal,high,recomp,
0x001254A0,0x001254FC,BOOT,sub_001254A0,_printf_r,xff-abs-symbol,high,recomp,
0x00125500,0x00125570,BOOT,sub_00125500,printf,xff-abs-symbol+jal,high,recomp,
0x00125570,0x001255C8,BOOT,sub_00125570,_sbrk_r,xff-abs-symbol+jal,high,recomp,
0x001255C8,0x00125638,BOOT,sub_001255C8,_init_signal_r,xff-abs-symbol+jal,high,recomp,
0x00125638,0x001256B8,BOOT,sub_00125638,_signal_r,xff-abs-symbol,high,recomp,
0x001256B8,0x00125790,BOOT,sub_001256B8,_raise_r,xff-abs-symbol,high,recomp,
0x00125790,0x00125828,BOOT,sub_00125790,__sigtramp_r,xff-abs-symbol,high,recomp,
0x00125828,0x00125848,BOOT,sub_00125828,raise,xff-abs-symbol+jal,high,recomp,
0x00125848,0x0012586C,BOOT,sub_00125848,signal,xff-abs-symbol,high,recomp,
0x00125870,0x0012588C,BOOT,sub_00125870,_init_signal,xff-abs-symbol,high,recomp,
0x00125890,0x001258B0,BOOT,sub_00125890,__sigtramp,xff-abs-symbol,high,recomp,
0x001258B0,0x0012590C,BOOT,sub_001258B0,_kill_r,xff-abs-symbol,high,recomp,
0x00125910,0x00125924,BOOT,sub_00125910,_getpid_r,xff-abs-symbol+jal,high,recomp,
0x00125928,0x001259B0,BOOT,sub_00125928,_sprintf_r,xff-abs-symbol,high,recomp,
0x001259B0,0x00125A40,BOOT,sub_001259B0,sprintf,xff-abs-symbol+jal,high,recomp,
0x00125A40,0x00125A48,BOOT,sub_00125A40,,la-pair,medium,recomp,
0x00125A48,0x00125AF0,BOOT,sub_00125A48,sscanf,xff-abs-symbol+jal,high,recomp,
0x00125AF0,0x00125C1C,BOOT,sub_00125AF0,strcat,xff-abs-symbol+jal,high,recomp,
0x00125C1C,0x00125DAC,BOOT,sub_00125C1C,strchr,xff-abs-symbol+jal,high,recomp,
0x00125DAC,0x00125EF0,BOOT,sub_00125DAC,strcmp,xff-abs-symbol+jal,high,recomp,
0x00125EF0,0x00126004,BOOT,sub_00125EF0,strcpy,xff-abs-symbol+jal,high,recomp,
0x00126004,0x0012613C,BOOT,sub_00126004,strlen,xff-abs-symbol+jal,high,recomp,
0x00126140,0x001262F8,BOOT,sub_00126140,strncmp,xff-abs-symbol+jal,high,recomp,
0x001262F8,0x001264B4,BOOT,sub_001262F8,strncpy,xff-abs-symbol+jal,high,recomp,
0x001264B8,0x00126508,BOOT,sub_001264B8,strrchr,xff-abs-symbol+jal,high,recomp,
0x00126508,0x00126740,BOOT,sub_00126508,_strtol_r,xff-abs-symbol,high,recomp,
0x00126740,0x0012676C,BOOT,sub_00126740,strtol,xff-abs-symbol+jal+la-pair,high,recomp,
0x00126770,0x001267B8,BOOT,sub_00126770,,jal,high,recomp,
0x001267B8,0x00126870,BOOT,sub_001267B8,,jal,high,recomp,
0x00126870,0x001268E4,BOOT,sub_00126870,vfprintf,xff-abs-symbol+jal,high,recomp,
0x001268E8,0x00127F58,BOOT,sub_001268E8,_vfprintf_r,xff-abs-symbol+jal,high,recomp,
0x00127F58,0x00128058,BOOT,sub_00127F58,,jal,high,recomp,
0x00128058,0x00128118,BOOT,sub_00128058,,la-pair,medium,recomp,
0x00128118,0x001281F8,BOOT,sub_00128118,,jal,high,recomp,
0x001281F8,0x00128E84,BOOT,sub_001281F8,__svfscanf,xff-abs-symbol+jal,high,recomp,
0x00128E88,0x00128F88,BOOT,sub_00128E88,__sccl,xff-abs-symbol+jal,high,recomp,
0x00128F88,0x00128FDC,BOOT,sub_00128F88,vsprintf,xff-abs-symbol+jal,high,recomp,
0x00128FE0,0x00129034,BOOT,sub_00128FE0,vsprintf_r,xff-abs-symbol,high,recomp,
0x00129038,0x00129144,BOOT,sub_00129038,__swsetup,xff-abs-symbol+jal,high,recomp,
0x00129148,0x00129160,BOOT,sub_00129148,atof,xff-abs-symbol+jal,high,recomp,
0x00129160,0x0012917C,BOOT,sub_00129160,atol,xff-abs-symbol+jal,high,recomp,
0x00129180,0x001293B0,BOOT,sub_00129180,,jal,high,recomp,
0x001293B0,0x0012A614,BOOT,sub_001293B0,_dtoa_r,xff-abs-symbol+jal,high,recomp,
0x0012A618,0x0012A72C,BOOT,sub_0012A618,fflush,xff-abs-symbol+jal+la-pair,high,recomp,
0x0012A730,0x0012A790,BOOT,sub_0012A730,,jal,high,recomp,
0x0012A790,0x0012A808,BOOT,sub_0012A790,__sfmoreglue,xff-abs-symbol+jal,high,recomp,
0x0012A808,0x0012A900,BOOT,sub_0012A808,__sfp,xff-abs-symbol,high,recomp,
0x0012A900,0x0012A91C,BOOT,sub_0012A900,_cleanup_r,xff-abs-symbol+la-pair,high,recomp,
0x0012A920,0x0012A93C,BOOT,sub_0012A920,_cleanup,xff-abs-symbol,high,recomp,
0x0012A940,0x0012A9CC,BOOT,sub_0012A940,__sinit,xff-abs-symbol+jal,high,recomp,
0x0012A9D0,0x0012AAEC,BOOT,sub_0012A9D0,fread,xff-abs-symbol+jal,high,recomp,
0x0012AAF0,0x0012ADE4,BOOT,sub_0012AAF0,_free_r,xff-abs-symbol+jal,high,recomp,
0x0012ADE8,0x0012AF54,BOOT,sub_0012ADE8,_malloc_trim_r,xff-abs-symbol+jal,high,recomp,
0x0012AF58,0x0012B338,BOOT,sub_0012AF58,__sfvwrite,xff-abs-symbol+jal,high,recomp,
0x0012B338,0x0012B3CC,BOOT,sub_0012B338,_fwalk,xff-abs-symbol+jal,high,recomp,
0x0012B3D0,0x0012B45C,BOOT,sub_0012B3D0,_setlocale_r,xff-abs-symbol,high,recomp,
0x0012B460,0x0012B46C,BOOT,sub_0012B460,_localeconv_r,xff-abs-symbol,high,recomp,
0x0012B470,0x0012B494,BOOT,sub_0012B470,setlocale,xff-abs-symbol,high,recomp,
0x0012B498,0x0012B4B4,BOOT,sub_0012B498,localeconv,xff-abs-symbol+jal,high,recomp,
0x0012B4B8,0x0012B60C,BOOT,sub_0012B4B8,__smakebuf,xff-abs-symbol+jal,high,recomp,
0x0012B610,0x0012B644,BOOT,sub_0012B610,_mbtowc_r,xff-abs-symbol+jal,high,recomp,
0x0012B644,0x0012B724,BOOT,sub_0012B644,memchr,xff-abs-symbol+jal,high,recomp,
0x0012B728,0x0012B7CC,BOOT,sub_0012B728,_Balloc,xff-abs-symbol+jal,high,recomp,
0x0012B7D0,0x0012B7FC,BOOT,sub_0012B7D0,_Bfree,xff-abs-symbol+jal,high,recomp,
0x0012B800,0x0012B908,BOOT,sub_0012B800,_multadd,xff-abs-symbol+jal,high,recomp,
0x0012B908,0x0012BA38,BOOT,sub_0012B908,_s2b,xff-abs-symbol+jal,high,recomp,
0x0012BA38,0x0012BAB8,BOOT,sub_0012BA38,_hi0bits,xff-abs-symbol+jal,high,recomp,
0x0012BAB8,0x0012BB74,BOOT,sub_0012BAB8,_lo0bits,xff-abs-symbol+jal,high,recomp,
0x0012BB78,0x0012BBB0,BOOT,sub_0012BB78,_i2b,xff-abs-symbol+jal,high,recomp,
0x0012BBB0,0x0012BDBC,BOOT,sub_0012BBB0,_multiply,xff-abs-symbol+jal,high,recomp,
0x0012BDC0,0x0012BEBC,BOOT,sub_0012BDC0,_pow5mult,xff-abs-symbol+jal,high,recomp,
0x0012BEC0,0x0012C018,BOOT,sub_0012BEC0,_lshift,xff-abs-symbol+jal,high,recomp,
0x0012C018,0x0012C080,BOOT,sub_0012C018,__mcmp,xff-abs-symbol+jal,high,recomp,
0x0012C080,0x0012C210,BOOT,sub_0012C080,__mdiff,xff-abs-symbol+jal,high,recomp,
0x0012C210,0x0012C2E0,BOOT,sub_0012C210,_ulp,xff-abs-symbol+jal,high,recomp,
0x0012C2E0,0x0012C478,BOOT,sub_0012C2E0,_b2d,xff-abs-symbol+jal,high,recomp,
0x0012C478,0x0012C5FC,BOOT,sub_0012C478,_d2b,xff-abs-symbol+jal,high,recomp,
0x0012C600,0x0012C6CC,BOOT,sub_0012C600,_ratio,xff-abs-symbol+jal,high,recomp,
0x0012C6D0,0x0012C740,BOOT,sub_0012C6D0,_mprec_log10,xff-abs-symbol,high,recomp,
0x0012C740,0x0012C778,BOOT,sub_0012C740,,la-pair,medium,recomp,
0x0012C778,0x0012C8F4,BOOT,sub_0012C778,__srefill,xff-abs-symbol+jal,high,recomp,
0x0012C8F8,0x0012C940,BOOT,sub_0012C8F8,isinf,xff-abs-symbol+jal,high,recomp,
0x0012C940,0x0012C97C,BOOT,sub_0012C940,isnan,xff-abs-symbol+jal,high,recomp,
0x0012C980,0x0012C9E4,BOOT,sub_0012C980,__sread,xff-abs-symbol+la-pair,high,recomp,
0x0012C9E8,0x0012CA68,BOOT,sub_0012C9E8,__swrite,xff-abs-symbol+la-pair,high,recomp,
0x0012CA68,0x0012CACC,BOOT,sub_0012CA68,__sseek,xff-abs-symbol+la-pair,high,recomp,
0x0012CAD0,0x0012CAEC,BOOT,sub_0012CAD0,__sclose,xff-abs-symbol+la-pair,high,recomp,
0x0012CAF0,0x0012DA04,BOOT,sub_0012CAF0,_strtod_r,xff-abs-symbol,high,recomp,
0x0012DA08,0x0012DA2C,BOOT,sub_0012DA08,strtod,xff-abs-symbol+jal,high,recomp,
0x0012DA30,0x0012DA58,BOOT,sub_0012DA30,strtodf,xff-abs-symbol,high,recomp,
0x0012DA58,0x0012DC84,BOOT,sub_0012DA58,_strtoul_r,xff-abs-symbol,high,recomp,
0x0012DC88,0x0012DCB4,BOOT,sub_0012DC88,strtoul,xff-abs-symbol+la-pair,high,recomp,
0x0012DCB8,0x0012DDA0,BOOT,sub_0012DCB8,__submore,xff-abs-symbol+jal,high,recomp,
0x0012DDA0,0x0012DF28,BOOT,sub_0012DDA0,ungetc,xff-abs-symbol+jal,high,recomp,
0x0012DF28,0x0012DF88,BOOT,sub_0012DF28,_write_r,xff-abs-symbol+jal,high,recomp,
0x0012DF88,0x0012E03C,BOOT,sub_0012DF88,_calloc_r,xff-abs-symbol+jal,high,recomp,
0x0012E040,0x0012E098,BOOT,sub_0012E040,_close_r,xff-abs-symbol,high,recomp,
0x0012E098,0x0012E0F4,BOOT,sub_0012E098,_fstat_r,xff-abs-symbol+jal,high,recomp,
0x0012E0F8,0x0012E158,BOOT,sub_0012E0F8,_lseek_r,xff-abs-symbol+jal,high,recomp,
0x0012E158,0x0012E1B8,BOOT,sub_0012E158,_read_r,xff-abs-symbol+jal,high,recomp,
0x0012E1B8,0x0012E758,BOOT,sub_0012E1B8,_realloc_r,xff-abs-symbol+jal,high,recomp,
0x0012E758,0x0012E7FC,BOOT,sub_0012E758,_sceSDC,xff-abs-symbol+jal,high,recomp,
0x0012E800,0x0012E87C,BOOT,sub_0012E800,SyncDCache,xff-abs-symbol+jal,high,recomp,
0x0012E880,0x0012E894,BOOT,sub_0012E880,iSyncDCache,xff-abs-symbol,high,recomp,
0x0012E898,0x0012E93C,BOOT,sub_0012E898,_sceIDC,xff-abs-symbol+jal,high,recomp,
0x0012E940,0x0012E9BC,BOOT,sub_0012E940,InvalidDCache,xff-abs-symbol,high,recomp,
0x0012E9C0,0x0012E9D4,BOOT,sub_0012E9C0,iInvalidDCache,xff-abs-symbol,high,recomp,
0x0012E9D8,0x0012EA50,BOOT,sub_0012E9D8,__fixdfdi,xff-abs-symbol+jal,high,recomp,
0x0012EA50,0x0012EAEC,BOOT,sub_0012EA50,dptoli,xff-abs-symbol+jal,high,recomp,
0x001A7530,0x001A755C,KERNEL,sub_001A7530,_iosAssert,xff-symbol,high,recomp,
0x001A7560,0x001A77A8,KERNEL,sub_001A7560,,reloc-jal,high,recomp,
0x001A77A8,0x001A7B18,KERNEL,sub_001A77A8,iosCdStRead,xff-symbol,high,recomp,
0x001A7B18,0x001A7CFC,KERNEL,sub_001A7B18,iosIopRead,xff-symbol,high,recomp,
0x001A7D00,0x001A7D2C,KERNEL,sub_001A7D00,iosCdStStart,xff-symbol,high,recomp,
0x001A7D30,0x001A7D38,KERNEL,sub_001A7D30,iosCdStStop,xff-symbol,high,recomp,
0x001A7D38,0x001A7D58,KERNEL,sub_001A7D38,iosCdStSkip,xff-symbol,high,recomp,
0x001A7D58,0x001A7DAC,KERNEL,sub_001A7D58,iosCdStSectorAlignSkip,xff-symbol,high,recomp,
0x001A7DB0,0x001A7DC4,KERNEL,sub_001A7DB0,iosCdSetErrorCallback,xff-symbol+reloc-jal,high,recomp,
0x001A7DC8,0x001A7DF8,KERNEL,sub_001A7DC8,iosCdSetMode,xff-symbol,high,recomp,
0x001A7DF8,0x001A7ED4,KERNEL,sub_001A7DF8,iosCdStInit,xff-symbol,high,recomp,
0x001A7ED8,0x001A7F34,KERNEL,sub_001A7ED8,iosCdInit,xff-symbol+reloc-jal,high,recomp,
0x001A7F38,0x001A7F40,KERNEL,sub_001A7F38,iosInitDebPc,xff-symbol,high,recomp,
0x001A7F40,0x001A7F48,KERNEL,sub_001A7F40,iosStopPc,xff-symbol,high,recomp,
0x001A7F48,0x001A7F50,KERNEL,sub_001A7F48,iosDebPcVsyncCounterCheck,xff-symbol+reloc-jal,high,recomp,
0x001A7F50,0x001A7F58,KERNEL,sub_001A7F50,iosGetCnt0Pc,xff-symbol,high,recomp,
0x001A7F58,0x001A7F60,KERNEL,sub_001A7F58,iosGetCnt1Pc,xff-symbol,high,recomp,
0x001A7F60,0x001A7F68,KERNEL,sub_001A7F60,InitDebPc,xff-symbol,high,recomp,
0x001A7F68,0x001A7F8C,KERNEL,sub_001A7F68,iosWaitIdleThread,xff-symbol+reloc-jal,high,recomp,
0x001A7F90,0x001A7FE8,KERNEL,sub_001A7F90,iosCreateIdleThread,xff-symbol+reloc-jal,high,recomp,
0x001A7FE8,0x001A7FF8,KERNEL,sub_001A7FE8,iosGetClock,xff-symbol,high,recomp,
0x001A7FF8,0x001A8068,KERNEL,sub_001A7FF8,iosGetClockSecond,xff-symbol,high,recomp,
0x001A8068,0x001A8098,KERNEL,sub_001A8068,,reloc-la,high,recomp,
0x001A8098,0x001A80CC,KERNEL,sub_001A8098,iosInit,xff-symbol+reloc-jal,high,recomp,
0x001A80D0,0x001A8190,KERNEL,sub_001A80D0,iosAddIntcHandler,xff-symbol+reloc-jal,high,recomp,
0x001A8190,0x001A81CC,KERNEL,sub_001A8190,iosCreateSema,xff-symbol+reloc-jal,high,recomp,
0x001A81D0,0x001A81F8,KERNEL,sub_001A81D0,iosDeleteSema,xff-symbol,high,recomp,
0x001A81F8,0x001A82A8,KERNEL,sub_001A81F8,iosInitIntrSystem,xff-symbol+reloc-jal,high,recomp,
0x001A82A8,0x001A82BC,KERNEL,sub_001A82A8,iosGetTCount,xff-symbol+reloc-jal,high,recomp,
0x001A82C0,0x001A82E4,KERNEL,sub_001A82C0,iosGetTCountExtension,xff-symbol+reloc-jal,high,recomp,
0x001A82E8,0x001A83C0,KERNEL,sub_001A82E8,iosGetSecondFromTCount,xff-symbol+reloc-jal,high,recomp,
0x001A83C0,0x001A83EC,KERNEL,sub_001A83C0,iosResetCpuRapCounter,xff-symbol+reloc-jal,high,recomp,
0x001A83F0,0x001A8464,KERNEL,sub_001A83F0,iosGetCpuRapCountPar1Int,xff-symbol+reloc-jal,high,recomp,
0x001A8468,0x001A84E0,KERNEL,sub_001A8468,iosDI,xff-symbol+reloc-jal,high,recomp,
0x001A84E0,0x001A8550,KERNEL,sub_001A84E0,iosEI,xff-symbol+reloc-j,high,recomp,
0x001A8550,0x001A85E8,KERNEL,sub_001A8550,iosLoaderResetEntry,xff-symbol+reloc-jal,high,recomp,
0x001A85E8,0x001A8620,KERNEL,sub_001A85E8,,reloc-la,high,recomp,
0x001A8620,0x001A8670,KERNEL,sub_001A8620,,reloc-la,high,recomp,
0x001A8670,0x001A86E0,KERNEL,sub_001A8670,iosEE2IopRequest,xff-symbol+reloc-jal,high,recomp,
0x001A86E0,0x001A86E8,KERNEL,sub_001A86E0,iosEE2IopEndChk,xff-symbol+reloc-jal,high,recomp,
0x001A86E8,0x001A86F0,KERNEL,sub_001A86E8,iosCreateIopMgr,xff-symbol+reloc-j,high,recomp,
0x001A86F0,0x001A8958,KERNEL,sub_001A86F0,,reloc-jal,high,recomp,
0x001A8958,0x001A8B58,KERNEL,sub_001A8958,,reloc-jal+reloc-j,high,recomp,
0x001A8B58,0x001A9008,KERNEL,sub_001A8B58,,reloc-jal,high,recomp,
0x001A9008,0x001A9748,KERNEL,sub_001A9008,,reloc-jal,high,recomp,
0x001A9748,0x001A9BD8,KERNEL,sub_001A9748,,reloc-jal,high,recomp,
0x001A9BD8,0x001A9F60,KERNEL,sub_001A9BD8,,reloc-jal,high,recomp,
0x001A9F60,0x001AA1B0,KERNEL,sub_001A9F60,,reloc-jal,high,recomp,
0x001AA1B0,0x001AA3F0,KERNEL,sub_001AA1B0,,reloc-jal,high,recomp,
0x001AA3F0,0x001AA678,KERNEL,sub_001AA3F0,,reloc-j,medium,recomp,
0x001AA678,0x001AA720,KERNEL,sub_001AA678,,reloc-jal,high,recomp,
0x001AA720,0x001AAA28,KERNEL,sub_001AA720,,reloc-jal+reloc-j,high,recomp,
0x001AAA28,0x001AAC08,KERNEL,sub_001AAA28,,reloc-jal,high,recomp,
0x001AAC08,0x001AAC24,KERNEL,sub_001AAC08,iosWaitMalloc,xff-symbol,high,recomp,
0x001AAC28,0x001AAC44,KERNEL,sub_001AAC28,iosSignalMalloc,xff-symbol,high,recomp,
0x001AAC48,0x001AAD70,KERNEL,sub_001AAC48,iosMallocGarbageTickProc,xff-symbol+reloc-jal,high,recomp,
0x001AAD70,0x001AAE88,KERNEL,sub_001AAD70,iosMallocAlign,xff-symbol+reloc-jal+reloc-j,high,recomp,
0x001AAE88,0x001AAF08,KERNEL,sub_001AAE88,iosMallocAlignNoCheck,xff-symbol,high,recomp,
0x001AAF08,0x001AAFA4,KERNEL,sub_001AAF08,iosMallocInGarbagePtn,xff-symbol,high,recomp,
0x001AAFA8,0x001AB03C,KERNEL,sub_001AAFA8,iosMallocSetExecGarbageCallback,xff-symbol,high,recomp,
0x001AB040,0x001AB0C0,KERNEL,sub_001AB040,iosReallocAlign,xff-symbol,high,recomp,
0x001AB0C0,0x001AB104,KERNEL,sub_001AB0C0,iosFree,xff-symbol+reloc-jal+reloc-j,high,recomp,
0x001AB108,0x001AB178,KERNEL,sub_001AB108,iosFreeParts,xff-symbol+reloc-j,high,recomp,
0x001AB178,0x001AB1E8,KERNEL,sub_001AB178,iosCreatePartition,xff-symbol+reloc-jal,high,recomp,
0x001AB1E8,0x001AB258,KERNEL,sub_001AB1E8,iosCreatePartitionWithPc,xff-symbol+reloc-jal,high,recomp,
0x001AB258,0x001AB2C4,KERNEL,sub_001AB258,iosInitMallocSystem,xff-symbol+reloc-jal,high,recomp,
0x001AB2C8,0x001AB2F0,KERNEL,sub_001AB2C8,iosGetMallocPtn,xff-symbol,high,recomp,
0x001AB2F0,0x001AB300,KERNEL,sub_001AB2F0,iosGetMallocRootPtnRemainSize,xff-symbol,high,recomp,
0x001AB300,0x001AB358,KERNEL,sub_001AB300,iosFollowAllLink,xff-symbol,high,recomp,
0x001AB358,0x001AB3B4,KERNEL,sub_001AB358,iosDebugPartitionDump,xff-symbol,high,recomp,
0x001AB3B8,0x001AB420,KERNEL,sub_001AB3B8,iosDebugPartitionFileDump,xff-symbol,high,recomp,
0x001AB420,0x001AB440,KERNEL,sub_001AB420,,reloc-jal,high,recomp,
0x001AB440,0x001AB44C,KERNEL,sub_001AB440,addMemoryDebugCallback,xff-symbol,high,recomp,
0x001AB450,0x001AB45C,KERNEL,sub_001AB450,getMemorySafetyLockFlag,xff-symbol,high,recomp,
0x001AB460,0x001AB490,KERNEL,sub_001AB460,,reloc-jal,high,recomp,
0x001AB490,0x001AB588,KERNEL,sub_001AB490,iosMcInit,xff-symbol+reloc-jal,high,recomp,
0x001AB588,0x001AB6B0,KERNEL,sub_001AB588,iosMcGetInfo,xff-symbol,high,recomp,
0x001AB6B0,0x001AB758,KERNEL,sub_001AB6B0,iosMcChDir,xff-symbol,high,recomp,
0x001AB758,0x001AB800,KERNEL,sub_001AB758,iosMcMkDir,xff-symbol,high,recomp,
0x001AB800,0x001AB8A8,KERNEL,sub_001AB800,iosMcCreateFile,xff-symbol,high,recomp,
0x001AB8A8,0x001AB950,KERNEL,sub_001AB8A8,iosMcDeleteFile,xff-symbol,high,recomp,
0x001AB950,0x001ABA48,KERNEL,sub_001AB950,iosMcReadFile,xff-symbol,high,recomp,
0x001ABA48,0x001ABB40,KERNEL,sub_001ABA48,iosMcWriteFile,xff-symbol,high,recomp,
0x001ABB40,0x001ABB88,KERNEL,sub_001ABB40,iosMcFormat,xff-symbol,high,recomp,
0x001ABB88,0x001ABBD0,KERNEL,sub_001ABB88,iosMcUnformat,xff-symbol,high,recomp,
0x001ABBD0,0x001ABCB8,KERNEL,sub_001ABBD0,iosMcGetDir,xff-symbol,high,recomp,
0x001ABCB8,0x001ABD58,KERNEL,sub_001ABCB8,,reloc-la,high,recomp,
0x001ABD58,0x001ABED0,KERNEL,sub_001ABD58,iosSendMsg,xff-symbol+reloc-j+reloc-jal,high,recomp,
0x001ABED0,0x001AC048,KERNEL,sub_001ABED0,iosRecvMsg,xff-symbol+reloc-jal+reloc-j,high,recomp,
0x001AC048,0x001AC050,KERNEL,sub_001AC048,iosInitMessageSystem,xff-symbol+reloc-jal,high,recomp,
0x001AC050,0x001AC0BC,KERNEL,sub_001AC050,iosCreateMsgQueue,xff-symbol+reloc-jal,high,recomp,
0x001AC0C0,0x001AC0D8,KERNEL,sub_001AC0C0,,reloc-la,high,recomp,
0x001AC0D8,0x001AC118,KERNEL,sub_001AC0D8,,reloc-la,high,recomp,
0x001AC118,0x001AC328,KERNEL,sub_001AC118,,reloc-jal,high,recomp,
0x001AC328,0x001AC3B0,KERNEL,sub_001AC328,,reloc-jal,high,recomp,
0x001AC3B0,0x001AC554,KERNEL,sub_001AC3B0,iosNetRecvMsg,xff-symbol,high,recomp,
0x001AC558,0x001AC6C8,KERNEL,sub_001AC558,InitNet,xff-symbol+reloc-jal,high,recomp,
0x001AC6C8,0x001AC7F0,KERNEL,sub_001AC6C8,iosNetRecv,xff-symbol,high,recomp,
0x001AC7F0,0x001AC8E0,KERNEL,sub_001AC7F0,iosNetSend,xff-symbol,high,recomp,
0x001AC8E0,0x001ACAA8,KERNEL,sub_001AC8E0,iosNetRecvMsgWithStateCallback,xff-symbol,high,recomp,
0x001ACAA8,0x001ACB40,KERNEL,sub_001ACAA8,iosNetClose,xff-symbol,high,recomp,
0x001ACB40,0x001ACC04,KERNEL,sub_001ACB40,iosNetOpen,xff-symbol,high,recomp,
0x001ACC08,0x001ACDEC,KERNEL,sub_001ACC08,iosPadTickProc,xff-symbol+reloc-jal,high,recomp,
0x001ACDF0,0x001ACFE4,KERNEL,sub_001ACDF0,iosPadGetXZInputL,xff-symbol,high,recomp,
0x001ACFE8,0x001AD1CC,KERNEL,sub_001ACFE8,iosPadGetXZInputLwithThreshold,xff-symbol,high,recomp,
0x001AD1D0,0x001AD33C,KERNEL,sub_001AD1D0,iosPadGetXZInputLwithThresholdIndepAxis,xff-symbol,high,recomp,
0x001AD340,0x001AD534,KERNEL,sub_001AD340,iosPadGetXZInputR,xff-symbol,high,recomp,
0x001AD538,0x001AD544,KERNEL,sub_001AD538,iosPadEntryTickFunc,xff-symbol,high,recomp,
0x001AD548,0x001AD638,KERNEL,sub_001AD548,iosPadRead,xff-symbol,high,recomp,
0x001AD638,0x001AD660,KERNEL,sub_001AD638,iosPadChkConnect,xff-symbol,high,recomp,
0x001AD660,0x001AD6B4,KERNEL,sub_001AD660,iosPadInit,xff-symbol+reloc-jal,high,recomp,
0x001AD6B8,0x001AD70C,KERNEL,sub_001AD6B8,iosSPrintf,xff-symbol+reloc-jal,high,recomp,
0x001AD710,0x001AD77C,KERNEL,sub_001AD710,iosUsbSerialPrintf,xff-symbol,high,recomp,
0x001AD780,0x001AD788,KERNEL,sub_001AD780,iosCreatePrintMgr,xff-symbol+reloc-jal,high,recomp,
0x001AD788,0x001AD794,KERNEL,sub_001AD788,iosGetPrintfMode,xff-symbol,high,recomp,
0x001AD798,0x001AD7B0,KERNEL,sub_001AD798,iosSrpWaitDMA,xff-symbol,high,recomp,
0x001AD7B0,0x001AD818,KERNEL,sub_001AD7B0,iosMemToSprDmaAdrCopy,xff-symbol,high,recomp,
0x001AD818,0x001AD87C,KERNEL,sub_001AD818,iosSprToMemDmaAdrCopy,xff-symbol,high,recomp,
0x001AD880,0x001ADA34,KERNEL,sub_001AD880,iosCreateThread,xff-symbol+reloc-jal,high,recomp,
0x001ADA38,0x001ADBA0,KERNEL,sub_001ADA38,,reloc-la,high,recomp,
0x001ADBA0,0x001ADCF4,KERNEL,sub_001ADBA0,iosInitThreadSystem,xff-symbol+reloc-jal,high,recomp,
0x001ADCF8,0x001ADD2C,KERNEL,sub_001ADCF8,iosGetThread,xff-symbol+reloc-jal,high,recomp,
0x001ADD30,0x001ADDF4,KERNEL,sub_001ADD30,iosCreateThreadS,xff-symbol+reloc-jal,high,recomp,
0x001ADDF8,0x001ADE44,KERNEL,sub_001ADDF8,iosStartThread,xff-symbol+reloc-j+reloc-jal,high,recomp,
0x001ADE48,0x001ADE5C,KERNEL,sub_001ADE48,iosSleepThread,xff-symbol+reloc-jal,high,recomp,
0x001ADE60,0x001ADEC0,KERNEL,sub_001ADE60,iosWakeupThread,xff-symbol+reloc-j+reloc-jal,high,recomp,
0x001ADEC0,0x001ADED8,KERNEL,sub_001ADEC0,iosiWakeupThread,xff-symbol+reloc-jal,high,recomp,
0x001ADED8,0x001ADF20,KERNEL,sub_001ADED8,iosChangeThreadPriority,xff-symbol,high,recomp,
0x001ADF20,0x001ADF60,KERNEL,sub_001ADF20,iosGetThreadPriority,xff-symbol,high,recomp,
0x001ADF60,0x001ADFD4,KERNEL,sub_001ADF60,iosDeleteThread,xff-symbol+reloc-j,high,recomp,
0x001ADFD8,0x001AE038,KERNEL,sub_001ADFD8,iosCallBackThreadMgr,xff-symbol+reloc-jal,high,recomp,
0x001AE038,0x001AE1A8,KERNEL,sub_001AE038,ioskernel,xff-symbol,high,recomp,
0x001AE1A8,0x001AE220,KERNEL,sub_001AE1A8,iosJumpRecoverPoint,xff-symbol+reloc-j+reloc-jal,high,recomp,
0x001AE220,0x001AE234,KERNEL,sub_001AE220,iosResetKernel,xff-symbol,high,recomp,
0x001AE238,0x001AE288,KERNEL,sub_001AE238,,reloc-la,high,recomp,
0x001AE288,0x001AE290,KERNEL,sub_001AE288,endSCEDemo,xff-symbol,high,recomp,
0x001AE290,0x001AE520,KERNEL,sub_001AE290,,reloc-jal,high,recomp,
0x001AE520,0x001AE7E8,KERNEL,sub_001AE520,,reloc-jal,high,recomp,
0x001AE7E8,0x001AE9B0,KERNEL,sub_001AE7E8,,reloc-jal,high,recomp,
0x001AE9B0,0x001AE9E8,KERNEL,sub_001AE9B0,Init_ShockVoiceSet,xff-symbol,high,recomp,
0x001AE9E8,0x001AEAA8,KERNEL,sub_001AE9E8,Init_Shock,xff-symbol+reloc-jal,high,recomp,
0x001AEAA8,0x001AEADC,KERNEL,sub_001AEAA8,Shock_SetShockVoiceSet,xff-symbol+reloc-jal,high,recomp,
0x001AEAE0,0x001AEB20,KERNEL,sub_001AEAE0,Init_Player,xff-symbol+reloc-jal+reloc-j,high,recomp,
0x001AEB20,0x001AEB2C,KERNEL,sub_001AEB20,Init_Controler,xff-symbol+reloc-jal,high,recomp,
0x001AEB30,0x001AEBCC,KERNEL,sub_001AEB30,Shock_Request,xff-symbol,high,recomp,
0x001AEBD0,0x001AECFC,KERNEL,sub_001AEBD0,Shock_Decode,xff-symbol+reloc-jal,high,recomp,
0x001AED00,0x001AEE5C,KERNEL,sub_001AED00,Shock_SetMotor,xff-symbol+reloc-jal,high,recomp,
0x001AEE60,0x001AEE68,KERNEL,sub_001AEE60,,reloc-la,high,recomp,
0x001AEE68,0x001AEEB0,KERNEL,sub_001AEE68,,reloc-la,high,recomp,
0x001AEEB0,0x001AEEB8,KERNEL,sub_001AEEB0,,reloc-la,high,recomp,
0x001AEEB8,0x001AEF08,KERNEL,sub_001AEEB8,,reloc-la,high,recomp,
0x001AEF08,0x001AF060,KERNEL,sub_001AEF08,,reloc-jal+reloc-j,high,recomp,
0x001AF060,0x001AF270,KERNEL,sub_001AF060,,reloc-jal,high,recomp,
0x001AF270,0x001AF4F8,KERNEL,sub_001AF270,,reloc-jal,high,recomp,
0x001AF4F8,0x001AF678,KERNEL,sub_001AF4F8,,reloc-jal,high,recomp,
0x001AF678,0x001AF800,KERNEL,sub_001AF678,,reloc-jal,high,recomp,
0x001AF800,0x001AF9B8,KERNEL,sub_001AF800,,reloc-jal+reloc-j,high,recomp,
0x001AF9B8,0x001AFB34,KERNEL,sub_001AF9B8,isysMoveModuleObj,xff-symbol,high,recomp,
0x001AFB38,0x001AFD6C,KERNEL,sub_001AFB38,isysCreateModuleObjExisted,xff-symbol,high,recomp,
0x001AFD70,0x001AFE64,KERNEL,sub_001AFD70,isysResolveAllModuleObjHasUndefSymbol,xff-symbol,high,recomp,
0x001AFE68,0x001B00B8,KERNEL,sub_001AFE68,,after-named,medium,recomp,
0x001B00B8,0x001B02A8,KERNEL,sub_001B00B8,,reloc-jal,high,recomp,
0x001B02A8,0x001B03D8,KERNEL,sub_001B02A8,,reloc-jal,high,recomp,
0x001B03D8,0x001B0590,KERNEL,sub_001B03D8,,reloc-jal,high,recomp,
0x001B0590,0x001B0798,KERNEL,sub_001B0590,isysLaunchModule,xff-symbol+reloc-jal,high,recomp,
0x001B0798,0x001B0A64,KERNEL,sub_001B0798,IosCdvdManagerSimulation,xff-symbol+reloc-jal,high,recomp,
0x001B0A68,0x001B0BBC,KERNEL,sub_001B0A68,isysGetXffEntryPointPreRelocation,xff-symbol,high,recomp,
0x001B0BC0,0x001B0C48,KERNEL,sub_001B0BC0,InitDld,xff-symbol+reloc-jal,high,recomp,
0x001B0C48,0x001B0CAC,KERNEL,sub_001B0C48,IosLoadIrxSimulation,xff-symbol+reloc-jal,high,recomp,
0x001B0CB0,0x001B0CBC,KERNEL,sub_001B0CB0,IosGetMergeDataFileName,xff-symbol,high,recomp,
0x001B0CC0,0x001B0D18,KERNEL,sub_001B0CC0,isysSearchSymbol,xff-symbol,high,recomp,
0x001B0D18,0x001B0E68,KERNEL,sub_001B0D18,isysSearchModuleFuncNameByAddr,xff-symbol+reloc-jal,high,recomp,
0x001B0E68,0x001B0ED0,KERNEL,sub_001B0E68,isysDumpExecutableModules,xff-symbol,high,recomp,
0x001B0ED0,0x001B1040,KERNEL,sub_001B0ED0,isysSearchModuleSymbolByGroup,xff-symbol,high,recomp,
0x001B1040,0x001B10A8,KERNEL,sub_001B1040,isysRemoveModuleObjGroup,xff-symbol,high,recomp,
0x001B10A8,0x001B1140,KERNEL,sub_001B10A8,isysResolveOneModuleObj,xff-symbol,high,recomp,
0x001B1140,0x001B1234,KERNEL,sub_001B1140,isysResolveAllProgramModule,xff-symbol,high,recomp,
0x001B1238,0x001B1284,KERNEL,sub_001B1238,isysLaunchExecModule,xff-symbol,high,recomp,
0x001B1288,0x001B1444,KERNEL,sub_001B1288,isysInitModuleObjExisted,xff-symbol,high,recomp,
0x001B1448,0x001B152C,KERNEL,sub_001B1448,isysFlushModuleObj,xff-symbol,high,recomp,
0x001B1530,0x001B1558,KERNEL,sub_001B1530,GetSymbolByIndex,xff-symbol,high,recomp,
0x001B1558,0x001B15C0,KERNEL,sub_001B1558,isysRelocateModuleObj,xff-symbol,high,recomp,
0x001B15C0,0x001B1614,KERNEL,sub_001B15C0,isysGetXffWorkSize,xff-symbol,high,recomp,
0x001B1618,0x001B1658,KERNEL,sub_001B1618,isysGetModuleObjMallocSize,xff-symbol,high,recomp,
0x001B1658,0x001B174C,KERNEL,sub_001B1658,isysDisposeModuleObjRelocationElement,xff-symbol,high,recomp,
0x001B1750,0x001B175C,KERNEL,sub_001B1750,GetExecModuleSize,xff-symbol,high,recomp,
0x001B1760,0x001B176C,KERNEL,sub_001B1760,getModuleSize,xff-symbol,high,recomp,
0x001B1770,0x001B1798,KERNEL,sub_001B1770,,reloc-la,high,recomp,
0x001B1798,0x001B17C0,KERNEL,sub_001B1798,,reloc-la,high,recomp,
0x001B17C0,0x001B1830,KERNEL,sub_001B17C0,isysGetUndefModuleObjNum,xff-symbol,high,recomp,
0x001B1830,0x001B18A0,KERNEL,sub_001B1830,isysGetSymdefModuleObjNum,xff-symbol,high,recomp,
0x001B18A0,0x001B1900,KERNEL,sub_001B18A0,,reloc-jal,high,recomp,
0x001B1900,0x001B1948,KERNEL,sub_001B1900,,reloc-la,high,recomp,
0x001B1948,0x001B1990,KERNEL,sub_001B1948,,reloc-la,high,recomp,
0x001B1990,0x001B19B8,KERNEL,sub_001B1990,,reloc-la,high,recomp,
0x001B19B8,0x001B1A48,KERNEL,sub_001B19B8,,reloc-jal,high,recomp,
0x001B1A48,0x001B1B38,KERNEL,sub_001B1A48,,reloc-la,high,recomp,
0x001B1B38,0x001B1C38,KERNEL,sub_001B1B38,,reloc-la,high,recomp,
0x001B1C38,0x001B1D28,KERNEL,sub_001B1C38,isysResolveAllModuleObjOfGroup,xff-symbol,high,recomp,
0x001B1D28,0x001B1DF0,KERNEL,sub_001B1D28,readEModule,xff-symbol,high,recomp,
0x001B1DF0,0x001B1E3C,KERNEL,sub_001B1DF0,isysWriteLinkerScriptFile,xff-symbol,high,recomp,
0x001B1E40,0x001B1E58,KERNEL,sub_001B1E40,,reloc-jal,high,recomp,
0x001B1E58,0x001B1EAC,KERNEL,sub_001B1E58,loadtest,xff-symbol,high,recomp,
0x001B1EB0,0x001B2004,KERNEL,sub_001B1EB0,iosLoaderGetFileSizeName,xff-symbol+reloc-jal,high,recomp,
0x001B2008,0x001B2168,KERNEL,sub_001B2008,iosFileRead,xff-symbol,high,recomp,
0x001B2168,0x001B2208,KERNEL,sub_001B2168,iosLoaderFOpen,xff-symbol+reloc-jal,high,recomp,
0x001B2208,0x001B227C,KERNEL,sub_001B2208,iosLoaderFClose,xff-symbol+reloc-j+reloc-jal,high,recomp,
0x001B2280,0x001B2294,KERNEL,sub_001B2280,iosLoaderFRead,xff-symbol+reloc-jal,high,recomp,
0x001B2298,0x001B22E4,KERNEL,sub_001B2298,iosLoaderGetFileSize,xff-symbol+reloc-jal,high,recomp,
0x001B22E8,0x001B2324,KERNEL,sub_001B22E8,initDldSys,xff-symbol+reloc-jal,high,recomp,
0x001B2328,0x001B2530,KERNEL,sub_001B2328,,reloc-jal,high,recomp,
0x001B2530,0x001B2670,KERNEL,sub_001B2530,,reloc-j,medium,recomp,
0x001B2670,0x001B27D8,KERNEL,sub_001B2670,,reloc-jal,high,recomp,
0x001B27D8,0x001B282C,KERNEL,sub_001B27D8,DldExceptionByOriginAdr,xff-symbol,high,recomp,
0x001B2830,0x001B28F0,KERNEL,sub_001B2830,isysSearchCalledModuleFuncNameByAddr,xff-symbol,high,recomp,
0x001B28F0,0x001B28F8,KERNEL,sub_001B28F0,isysCreateExceptionThread,xff-symbol+reloc-j,high,recomp,
0x001B28F8,0x001B2910,KERNEL,sub_001B28F8,,reloc-data-ptr,high,recomp,
0x001B2910,0x001B2950,KERNEL,sub_001B2910,iosCubicBezier,xff-symbol,high,recomp,
0x001B2950,0x001B29B4,KERNEL,sub_001B2950,iosCubicInterVectorXYZ,xff-symbol,high,recomp,
0x001B29B8,0x001B2A1C,KERNEL,sub_001B29B8,iosFourthBezier,xff-symbol,high,recomp,
0x001B2A20,0x001B2AAC,KERNEL,sub_001B2A20,iosCubicBezierVectorXYZ,xff-symbol,high,recomp,
0x001B2AB0,0x001B2B2C,KERNEL,sub_001B2AB0,InitMath,xff-symbol+reloc-jal,high,recomp,
0x001B2B30,0x001B3368,KERNEL,sub_001B2B30,,reloc-j,medium,recomp,
0x001B3368,0x001B3398,KERNEL,sub_001B3368,CompareString16,xff-symbol,high,recomp,
0x001B3398,0x001B33B4,KERNEL,sub_001B3398,iosInitCurrentMatrix,xff-symbol,high,recomp,
0x001B33B8,0x001B33D0,KERNEL,sub_001B33B8,iosUnitCurrentMatrix,xff-symbol,high,recomp,
0x001B33D0,0x001B33E8,KERNEL,sub_001B33D0,iosPushCurrentMatrix,xff-symbol,high,recomp,
0x001B33E8,0x001B3400,KERNEL,sub_001B33E8,iosPopCurrentMatrix,xff-symbol,high,recomp,
0x001B3400,0x001B3504,KERNEL,sub_001B3400,iosPushVu0RegistersToWork,xff-symbol,high,recomp,
0x001B3508,0x001B360C,KERNEL,sub_001B3508,iosPopVu0RegistersFromWork,xff-symbol,high,recomp,
0x001B3610,0x001B362C,KERNEL,sub_001B3610,iosTransCurrentMatrix,xff-symbol,high,recomp,
0x001B3630,0x001B3640,KERNEL,sub_001B3630,iosSetTransCurrentMatrix,xff-symbol,high,recomp,
0x001B3640,0x001B364C,KERNEL,sub_001B3640,iosClearTransCurrentMatrix,xff-symbol,high,recomp,
0x001B3650,0x001B36F4,KERNEL,sub_001B3650,iosGetRotXVector,xff-symbol,high,recomp,
0x001B36F8,0x001B379C,KERNEL,sub_001B36F8,iosGetRotYVector,xff-symbol,high,recomp,
0x001B37A0,0x001B3844,KERNEL,sub_001B37A0,iosRotCurrentMatrixX,xff-symbol,high,recomp,
0x001B3848,0x001B38EC,KERNEL,sub_001B3848,iosRotCurrentMatrixY,xff-symbol,high,recomp,
0x001B38F0,0x001B3994,KERNEL,sub_001B38F0,iosRotCurrentMatrixZ,xff-symbol,high,recomp,
0x001B3998,0x001B3A24,KERNEL,sub_001B3998,iosScaleCurrentMatrix,xff-symbol,high,recomp,
0x001B3A28,0x001B3A40,KERNEL,sub_001B3A28,iosGetCurrentMatrix,xff-symbol,high,recomp,
0x001B3A40,0x001B3A4C,KERNEL,sub_001B3A40,iosGetCurrentMatrixTrans,xff-symbol,high,recomp,
0x001B3A50,0x001B3A68,KERNEL,sub_001B3A50,iosSetCurrentMatrix,xff-symbol,high,recomp,
0x001B3A68,0x001B3AD0,KERNEL,sub_001B3A68,iosMulCurrentMatrixR,xff-symbol+reloc-jal,high,recomp,
0x001B3AD0,0x001B3B28,KERNEL,sub_001B3AD0,iosMulCurrentMatrixL,xff-symbol,high,recomp,
0x001B3B28,0x001B3B48,KERNEL,sub_001B3B28,iosApplyCurrentMatrix,xff-symbol,high,recomp,
0x001B3B48,0x001B3B68,KERNEL,sub_001B3B48,iosApplyRotCurrentMatrix,xff-symbol,high,recomp,
0x001B3B68,0x001B3B94,KERNEL,sub_001B3B68,iosRotTransPersCurrentMatrix,xff-symbol,high,recomp,
0x001B3B98,0x001B3BE4,KERNEL,sub_001B3B98,iosTransposeCurrentMatrix,xff-symbol,high,recomp,
0x001B3BE8,0x001B3C18,KERNEL,sub_001B3BE8,iosTransposeRotationCurrentMatrix,xff-symbol,high,recomp,
0x001B3C18,0x001B3C64,KERNEL,sub_001B3C18,iosInverseCurrentMatrix,xff-symbol,high,recomp,
0x001B3C68,0x001B3D88,KERNEL,sub_001B3C68,iosPushVu0Registers,xff-symbol+reloc-jal,high,recomp,
0x001B3D88,0x001B3EAC,KERNEL,sub_001B3D88,iosPopVu0Registers,xff-symbol+reloc-jal,high,recomp,
0x001B3EB0,0x001B3EDC,KERNEL,sub_001B3EB0,iosInitPushPosVuSema,xff-symbol+reloc-jal,high,recomp,
0x001B3EE0,0x001B3F08,KERNEL,sub_001B3EE0,iosCopyMatrix,xff-symbol,high,recomp,
0x001B3F08,0x001B3F34,KERNEL,sub_001B3F08,iosApplyRotMatrix,xff-symbol,high,recomp,
0x001B3F38,0x001B3F60,KERNEL,sub_001B3F38,iosUnitMatrix,xff-symbol,high,recomp,
0x001B3F60,0x001B3F84,KERNEL,sub_001B3F60,iosUnitRotation,xff-symbol,high,recomp,
0x001B3F88,0x001B3FD0,KERNEL,sub_001B3F88,iosTransposeMatrix,xff-symbol+reloc-jal,high,recomp,
0x001B3FD0,0x001B4040,KERNEL,sub_001B3FD0,iosInverseMatrix,xff-symbol+reloc-jal,high,recomp,
0x001B4040,0x001B4064,KERNEL,sub_001B4040,iosInverseMatrixPerfect,xff-symbol,high,recomp,
0x001B4068,0x001B40A0,KERNEL,sub_001B4068,iosScaleMatrixV,xff-symbol,high,recomp,
0x001B40A0,0x001B40DC,KERNEL,sub_001B40A0,iosFloatModulo,xff-symbol,high,recomp,
0x001B40E0,0x001B4200,KERNEL,sub_001B40E0,iosSetCameraMatrix,xff-symbol,high,recomp,
0x001B4200,0x001B42F4,KERNEL,sub_001B4200,iosMakeNormalLightMatrix,xff-symbol,high,recomp,
0x001B42F8,0x001B4330,KERNEL,sub_001B42F8,iosScaleNormalLightMatrix,xff-symbol,high,recomp,
0x001B4330,0x001B4364,KERNEL,sub_001B4330,iosMakeLightColorMatrix,xff-symbol,high,recomp,
0x001B4368,0x001B43C0,KERNEL,sub_001B4368,iosTransMatrix,xff-symbol,high,recomp,
0x001B43C0,0x001B4434,KERNEL,sub_001B43C0,iosTransMatrixF,xff-symbol,high,recomp,
0x001B4438,0x001B4468,KERNEL,sub_001B4438,iosScaleMatrix,xff-symbol,high,recomp,
0x001B4468,0x001B456C,KERNEL,sub_001B4468,iosMulRotMatrixXInt16,xff-symbol,high,recomp,
0x001B4570,0x001B4674,KERNEL,sub_001B4570,iosMulRotMatrixYInt16,xff-symbol,high,recomp,
0x001B4678,0x001B477C,KERNEL,sub_001B4678,iosMulRotMatrixZInt16,xff-symbol,high,recomp,
0x001B4780,0x001B47EC,KERNEL,sub_001B4780,iosRotMatrixX,xff-symbol,high,recomp,
0x001B47F0,0x001B485C,KERNEL,sub_001B47F0,iosRotMatrixY,xff-symbol,high,recomp,
0x001B4860,0x001B48CC,KERNEL,sub_001B4860,iosRotMatrixZ,xff-symbol,high,recomp,
0x001B48D0,0x001B4A1C,KERNEL,sub_001B48D0,iosDumpMatrix,xff-symbol,high,recomp,
0x001B4A20,0x001B4A64,KERNEL,sub_001B4A20,iosGetScaleMatrixV,xff-symbol,high,recomp,
0x001B4A68,0x001B4A7C,KERNEL,sub_001B4A68,iosGetYDirXYZFromMatrix,xff-symbol,high,recomp,
0x001B4A80,0x001B4A94,KERNEL,sub_001B4A80,iosGetXDirXYZFromMatrix,xff-symbol,high,recomp,
0x001B4A98,0x001B4AAC,KERNEL,sub_001B4A98,iosFmodf,xff-symbol,high,recomp,
0x001B4AB0,0x001B4B10,KERNEL,sub_001B4AB0,iosRotTransCurrentMatrix,xff-symbol,high,recomp,
0x001B4B10,0x001B4B1C,KERNEL,sub_001B4B10,iosMvecZero,xff-symbol,high,recomp,
0x001B4B20,0x001B4B2C,KERNEL,sub_001B4B20,iosMvecAllOnes,xff-symbol,high,recomp,
0x001B4B30,0x001B4B40,KERNEL,sub_001B4B30,iosMvecAllOne,xff-symbol,high,recomp,
0x001B4B40,0x001B4B7C,KERNEL,sub_001B4B40,iosAddMvec,xff-symbol,high,recomp,
0x001B4B80,0x001B4BBC,KERNEL,sub_001B4B80,iosClampSW_AddMvec,xff-symbol,high,recomp,
0x001B4BC0,0x001B4BFC,KERNEL,sub_001B4BC0,iosClampUW_AddMvec,xff-symbol,high,recomp,
0x001B4C00,0x001B4C3C,KERNEL,sub_001B4C00,iosSubMvec,xff-symbol,high,recomp,
0x001B4C40,0x001B4C98,KERNEL,sub_001B4C40,iosMulMvec,xff-symbol+reloc-jal,high,recomp,
0x001B4C98,0x001B4D04,KERNEL,sub_001B4C98,iosApplyM_Mat,xff-symbol,high,recomp,
0x001B4D08,0x001B4D8C,KERNEL,sub_001B4D08,iosCalcIcolorToBrightness,xff-symbol,high,recomp,
0x001B4D90,0x001B4E40,KERNEL,sub_001B4D90,iosIColScale,xff-symbol,high,recomp,
0x001B4E40,0x001B4E6C,KERNEL,sub_001B4E40,iosIColAddVec,xff-symbol,high,recomp,
0x001B4E70,0x001B4EA0,KERNEL,sub_001B4E70,iosSwClip255Mvec,xff-symbol+reloc-jal,high,recomp,
0x001B4EA0,0x001B4F14,KERNEL,sub_001B4EA0,iosIColAddVecXYZ,xff-symbol,high,recomp,
0x001B4F18,0x001B4FD4,KERNEL,sub_001B4F18,iosUcharColClampAdd,xff-symbol,high,recomp,
0x001B4FD8,0x001B5000,KERNEL,sub_001B4FD8,iosSWToMmColMvec,xff-symbol,high,recomp,
0x001B5000,0x001B5028,KERNEL,sub_001B5000,iosMmColToSWMvec,xff-symbol,high,recomp,
0x001B5028,0x001B5050,KERNEL,sub_001B5028,iosITOF15ToMmColMvec,xff-symbol,high,recomp,
0x001B5050,0x001B5078,KERNEL,sub_001B5050,iosMmColToITOF15Mvec,xff-symbol,high,recomp,
0x001B5078,0x001B50B8,KERNEL,sub_001B5078,iosFvecToMmColMvec,xff-symbol,high,recomp,
0x001B50B8,0x001B50F8,KERNEL,sub_001B50B8,iosMmColToFvecMvec,xff-symbol,high,recomp,
0x001B50F8,0x001B5174,KERNEL,sub_001B50F8,iosSwClipMvec,xff-symbol,high,recomp,
0x001B5178,0x001B51C0,KERNEL,sub_001B5178,iosFvecToICol,xff-symbol,high,recomp,
0x001B51C0,0x001B51EC,KERNEL,sub_001B51C0,iosIColToMvecSl,xff-symbol,high,recomp,
0x001B51F0,0x001B5238,KERNEL,sub_001B51F0,iosIColToFvec,xff-symbol,high,recomp,
0x001B5238,0x001B524C,KERNEL,sub_001B5238,iosPowf,xff-symbol,high,recomp,
0x001B5250,0x001B5264,KERNEL,sub_001B5250,iosFastPowf,xff-symbol,high,recomp,
0x001B5268,0x001B5428,KERNEL,sub_001B5268,GetDifferencialQuaternionWithNoRegularize,xff-symbol+reloc-jal,high,recomp,
0x001B5428,0x001B5618,KERNEL,sub_001B5428,,reloc-jal,high,recomp,
0x001B5618,0x001B5928,KERNEL,sub_001B5618,GetEulerYXZFromQuaternion,xff-symbol+reloc-jal,high,recomp,
0x001B5928,0x001B5C38,KERNEL,sub_001B5928,GetEulerZXYFromQuaternion,xff-symbol,high,recomp,
0x001B5C38,0x001B5F54,KERNEL,sub_001B5C38,GetEulerXYZFromQuaternion,xff-symbol,high,recomp,
0x001B5F58,0x001B62C8,KERNEL,sub_001B5F58,GetRotLimitationQuaternion,xff-symbol,high,recomp,
0x001B62C8,0x001B6600,KERNEL,sub_001B62C8,GetLimitationQuaternionWithBaseAxis,xff-symbol,high,recomp,
0x001B6600,0x001B6620,KERNEL,sub_001B6600,GetCurrentQuaternion,xff-symbol,high,recomp,
0x001B6620,0x001B6640,KERNEL,sub_001B6620,GetLastQuaternion,xff-symbol,high,recomp,
0x001B6640,0x001B6694,KERNEL,sub_001B6640,MultiCurrentQuaternion,xff-symbol,high,recomp,
0x001B6698,0x001B66EC,KERNEL,sub_001B6698,MultiCurrentQuaternionL,xff-symbol,high,recomp,
0x001B66F0,0x001B6720,KERNEL,sub_001B66F0,InvertCurrentQuaternion,xff-symbol,high,recomp,
0x001B6720,0x001B6744,KERNEL,sub_001B6720,SetCurrentQuaternion,xff-symbol,high,recomp,
0x001B6748,0x001B67CC,KERNEL,sub_001B6748,RotCurrentQuaternionX,xff-symbol,high,recomp,
0x001B67D0,0x001B6854,KERNEL,sub_001B67D0,RotCurrentQuaternionY,xff-symbol,high,recomp,
0x001B6858,0x001B68DC,KERNEL,sub_001B6858,RotCurrentQuaternionZ,xff-symbol,high,recomp,
0x001B68E0,0x001B6950,KERNEL,sub_001B68E0,PushQuaternion,xff-symbol,high,recomp,
0x001B6950,0x001B69A0,KERNEL,sub_001B6950,PushQuaternionWithNoCopy,xff-symbol,high,recomp,
0x001B69A0,0x001B69C0,KERNEL,sub_001B69A0,PopQuaternion,xff-symbol,high,recomp,
0x001B69C0,0x001B69DC,KERNEL,sub_001B69C0,InitQuaternionDrive,xff-symbol+reloc-jal,high,recomp,
0x001B69E0,0x001B6A3C,KERNEL,sub_001B69E0,SetQuaternionByAxisRotate,xff-symbol,high,recomp,
0x001B6A40,0x001B6AB4,KERNEL,sub_001B6A40,SetQuaternionByAxisRotateWithNoRegularize,xff-symbol,high,recomp,
0x001B6AB8,0x001B6B00,KERNEL,sub_001B6AB8,SetQuaternionByAxisRotateV,xff-symbol,high,recomp,
0x001B6B00,0x001B6B40,KERNEL,sub_001B6B00,SetQuaternionByAxisRotateVExact,xff-symbol,high,recomp,
0x001B6B40,0x001B6BA4,KERNEL,sub_001B6B40,SetQuaternionByAxisRotateVWithNoRegularize,xff-symbol+reloc-jal,high,recomp,
0x001B6BA8,0x001B6BF8,KERNEL,sub_001B6BA8,DivQuaternion,xff-symbol,high,recomp,
0x001B6BF8,0x001B6C90,KERNEL,sub_001B6BF8,GetInverseMatrixFromQuaternionPos,xff-symbol,high,recomp,
0x001B6C90,0x001B6D24,KERNEL,sub_001B6C90,MultiMatrixByQuaternion,xff-symbol,high,recomp,
0x001B6D28,0x001B6E08,KERNEL,sub_001B6D28,GetMirrorQuaternion,xff-symbol,high,recomp,
0x001B6E08,0x001B6EBC,KERNEL,sub_001B6E08,RotQuaternionXExact,xff-symbol,high,recomp,
0x001B6EC0,0x001B6F74,KERNEL,sub_001B6EC0,RotQuaternionYExact,xff-symbol,high,recomp,
0x001B6F78,0x001B702C,KERNEL,sub_001B6F78,RotQuaternionZExact,xff-symbol,high,recomp,
0x001B7030,0x001B7064,KERNEL,sub_001B7030,GetQuaternionFromMatrix,xff-symbol,high,recomp,
0x001B7068,0x001B70A0,KERNEL,sub_001B7068,CopyMultiQuaternion,xff-symbol,high,recomp,
0x001B70A0,0x001B7248,KERNEL,sub_001B70A0,GetQuaternionByAxisDirZY,xff-symbol,high,recomp,
0x001B7248,0x001B7438,KERNEL,sub_001B7248,GetQuaternionByAxisDirZYExact,xff-symbol,high,recomp,
0x001B7438,0x001B75E4,KERNEL,sub_001B7438,GetQuaternionByAxisDirZX,xff-symbol,high,recomp,
0x001B75E8,0x001B762C,KERNEL,sub_001B75E8,SetQuaternionByCosineAxisRotateVWithNoRegularize,xff-symbol,high,recomp,
0x001B7630,0x001B7690,KERNEL,sub_001B7630,SetQuaternionByAxisRotateVWithNoRegularizeRadian,xff-symbol+reloc-jal,high,recomp,
0x001B7690,0x001B76FC,KERNEL,sub_001B7690,GetYRotQuaternionFromDir,xff-symbol,high,recomp,
0x001B7700,0x001B77D8,KERNEL,sub_001B7700,GetStabYRotQuaternion,xff-symbol,high,recomp,
0x001B77D8,0x001B78A4,KERNEL,sub_001B77D8,StabilizeToYRotQuaternion,xff-symbol,high,recomp,
0x001B78A8,0x001B7AC0,KERNEL,sub_001B78A8,GetQuaternionByEulerYXZ,xff-symbol,high,recomp,
0x001B7AC0,0x001B7CD4,KERNEL,sub_001B7AC0,GetQuaternionByEulerYXZExact,xff-symbol,high,recomp,
0x001B7CD8,0x001B7DFC,KERNEL,sub_001B7CD8,GetEulerYXZFromQuaternionZHalfPI,xff-symbol,high,recomp,
0x001B7E00,0x001B8018,KERNEL,sub_001B7E00,GetQuaternionByEulerZXY,xff-symbol,high,recomp,
0x001B8018,0x001B822C,KERNEL,sub_001B8018,GetQuaternionByEulerZXYExact,xff-symbol,high,recomp,
0x001B8230,0x001B8448,KERNEL,sub_001B8230,GetQuaternionByEulerXYZ,xff-symbol,high,recomp,
0x001B8448,0x001B865C,KERNEL,sub_001B8448,GetQuaternionByEulerXYZExact,xff-symbol,high,recomp,
0x001B8660,0x001B8764,KERNEL,sub_001B8660,GetLimitationQuaternion,xff-symbol,high,recomp,
0x001B8768,0x001B8808,KERNEL,sub_001B8768,GetZDirFromQuaternion,xff-symbol,high,recomp,
0x001B8808,0x001B8A14,KERNEL,sub_001B8808,GetQuaternionByDegEulerYXZ,xff-symbol,high,recomp,
0x001B8A18,0x001B8A94,KERNEL,sub_001B8A18,GetQuaternionAxisRotInfo,xff-symbol,high,recomp,
0x001B8A98,0x001B8B0C,KERNEL,sub_001B8A98,SetQuaternionByCosineAxisRotateV,xff-symbol,high,recomp,
0x001B8B10,0x001B8B48,KERNEL,sub_001B8B10,iosGetAlignSinCosf,xff-symbol+reloc-jal,high,recomp,
0x001B8B48,0x001B8C94,KERNEL,sub_001B8B48,iosGetSinCosf,xff-symbol+reloc-jal+reloc-j,high,recomp,
0x001B8C98,0x001B8DB8,KERNEL,sub_001B8C98,iosGetSinf,xff-symbol+reloc-j+reloc-jal,high,recomp,
0x001B8DB8,0x001B8ED0,KERNEL,sub_001B8DB8,iosGetCosf,xff-symbol+reloc-j+reloc-jal,high,recomp,
0x001B8ED0,0x001B8F00,KERNEL,sub_001B8ED0,iosGetTanf,xff-symbol,high,recomp,
0x001B8F00,0x001B8F3C,KERNEL,sub_001B8F00,iosGetSinCos,xff-symbol+reloc-jal,high,recomp,
0x001B8F40,0x001B8F7C,KERNEL,sub_001B8F40,iosGetSin,xff-symbol,high,recomp,
0x001B8F80,0x001B8FBC,KERNEL,sub_001B8F80,iosGetCos,xff-symbol,high,recomp,
0x001B8FC0,0x001B8FF4,KERNEL,sub_001B8FC0,iosGetTan,xff-symbol,high,recomp,
0x001B8FF8,0x001B907C,KERNEL,sub_001B8FF8,iosGetACosf,xff-symbol,high,recomp,
0x001B9080,0x001B911C,KERNEL,sub_001B9080,iosGetACos,xff-symbol,high,recomp,
0x001B9120,0x001B9174,KERNEL,sub_001B9120,iosGetACosfExact,xff-symbol+reloc-jal,high,recomp,
0x001B9178,0x001B91D4,KERNEL,sub_001B9178,iosGetASinfExact,xff-symbol+reloc-jal,high,recomp,
0x001B91D8,0x001B91EC,KERNEL,sub_001B91D8,iosGetATanfExact,xff-symbol,high,recomp,
0x001B91F0,0x001B9258,KERNEL,sub_001B91F0,iosGetATan2fExact,xff-symbol+reloc-jal,high,recomp,
0x001B9258,0x001B926C,KERNEL,sub_001B9258,iosGetATan2fExact2,xff-symbol,high,recomp,
0x001B9270,0x001B927C,KERNEL,sub_001B9270,iosGetASin,xff-symbol,high,recomp,
0x001B9280,0x001B928C,KERNEL,sub_001B9280,iosGetATan2,xff-symbol,high,recomp,
0x001B9290,0x001B92B4,KERNEL,sub_001B9290,resetArcFuncCall,xff-symbol,high,recomp,
0x001B92B8,0x001B9308,KERNEL,sub_001B92B8,iosGetTableSin,xff-symbol+reloc-jal,high,recomp,
0x001B9308,0x001B9350,KERNEL,sub_001B9308,iosGetTableCos,xff-symbol+reloc-jal,high,recomp,
0x001B9350,0x001B9468,KERNEL,sub_001B9350,InitTableSinCos,xff-symbol+reloc-j,high,recomp,
0x001B9468,0x001B947C,KERNEL,sub_001B9468,iosFTOI15Vector,xff-symbol+reloc-jal,high,recomp,
0x001B9480,0x001B9494,KERNEL,sub_001B9480,iosFTOI12Vector,xff-symbol,high,recomp,
0x001B9498,0x001B94AC,KERNEL,sub_001B9498,iosFTOI4Vector,xff-symbol+reloc-jal,high,recomp,
0x001B94B0,0x001B94C4,KERNEL,sub_001B94B0,iosFTOI0Vector,xff-symbol+reloc-jal,high,recomp,
0x001B94C8,0x001B94DC,KERNEL,sub_001B94C8,iosITOF15Vector,xff-symbol+reloc-jal,high,recomp,
0x001B94E0,0x001B94F4,KERNEL,sub_001B94E0,iosITOF12Vector,xff-symbol,high,recomp,
0x001B94F8,0x001B950C,KERNEL,sub_001B94F8,iosITOF4Vector,xff-symbol,high,recomp,
0x001B9510,0x001B9524,KERNEL,sub_001B9510,iosITOF0Vector,xff-symbol+reloc-jal,high,recomp,
0x001B9528,0x001B9560,KERNEL,sub_001B9528,iosGetStabXZVector,xff-symbol+reloc-jal,high,recomp,
0x001B9560,0x001B9580,KERNEL,sub_001B9560,iosInitRandom,xff-symbol,high,recomp,
0x001B9580,0x001B95D0,KERNEL,sub_001B9580,iosGetRandom,xff-symbol,high,recomp,
0x001B95D0,0x001B95EC,KERNEL,sub_001B95D0,iosGetRandomVector,xff-symbol,high,recomp,
0x001B95F0,0x001B9614,KERNEL,sub_001B95F0,iosGetDRandomVector,xff-symbol,high,recomp,
0x001B9618,0x001B9630,KERNEL,sub_001B9618,iosGetRandomVector0,xff-symbol,high,recomp,
0x001B9630,0x001B9644,KERNEL,sub_001B9630,iosAbsVector,xff-symbol,high,recomp,
0x001B9648,0x001B9678,KERNEL,sub_001B9648,iosGetReflectVector,xff-symbol,high,recomp,
0x001B9678,0x001B9680,KERNEL,sub_001B9678,iosDumpFVector,xff-symbol+reloc-jal,high,recomp,
0x001B9680,0x001B9688,KERNEL,sub_001B9680,iosDumpIVector,xff-symbol,high,recomp,
0x001B9688,0x001B9714,KERNEL,sub_001B9688,iosGetArbitraryUpVectorElement,xff-symbol+reloc-jal,high,recomp,
0x001B9718,0x001B9774,KERNEL,sub_001B9718,iosGetScaleInverseVector,xff-symbol,high,recomp,
0x001B9778,0x001B97B0,KERNEL,sub_001B9778,iosGetStabXYVector,xff-symbol+reloc-jal,high,recomp,
0x001B97B0,0x001B97E8,KERNEL,sub_001B97B0,iosGetStabYZVector,xff-symbol+reloc-jal,high,recomp,
0x001B97E8,0x001B989C,KERNEL,sub_001B97E8,iosGetLengthPointToLine,xff-symbol,high,recomp,
0x001B98A0,0x001B98C4,KERNEL,sub_001B98A0,iosGetInverseVectorXYZ,xff-symbol,high,recomp,
0x001B98C8,0x001B991C,KERNEL,sub_001B98C8,iosGetExceptAxisVector,xff-symbol,high,recomp,
0x001B9920,0x001B9958,KERNEL,sub_001B9920,iosCalcFColorToBrightness,xff-symbol,high,recomp,
0x001B9958,0x001B996C,KERNEL,sub_001B9958,iosITOF15VectorXYZ,xff-symbol,high,recomp,
0x001B9970,0x001B9990,KERNEL,sub_001B9970,iosScaleColorTo255,xff-symbol,high,recomp,
0x001B9990,0x001B99B0,KERNEL,sub_001B9990,iosScaleColorToONE,xff-symbol,high,recomp,
0x001B99B0,0x001B9CC0,KERNEL,sub_001B99B0,,reloc-j,medium,recomp,
0x001B9CC0,0x001B9D94,KERNEL,sub_001B9CC0,iosCreateDC,xff-symbol+reloc-jal,high,recomp,
0x001B9D98,0x001B9DE0,KERNEL,sub_001B9D98,iosReleaseDC,xff-symbol,high,recomp,
0x001B9DE0,0x001B9E08,KERNEL,sub_001B9DE0,iosSetDCParam,xff-symbol+reloc-jal,high,recomp,
0x001B9E08,0x001B9E48,KERNEL,sub_001B9E08,iosSetDCClearParam,xff-symbol+reloc-jal,high,recomp,
0x001B9E48,0x001B9EF4,KERNEL,sub_001B9E48,iosSetDCViewPort,xff-symbol+reloc-jal,high,recomp,
0x001B9EF8,0x001B9F7C,KERNEL,sub_001B9EF8,iosSetDCViewPortCenter,xff-symbol,high,recomp,
0x001B9F80,0x001B9FC8,KERNEL,sub_001B9F80,iosSetDC,xff-symbol,high,recomp,
0x001B9FC8,0x001BA01C,KERNEL,sub_001B9FC8,iosPushDC,xff-symbol,high,recomp,
0x001BA020,0x001BA070,KERNEL,sub_001BA020,iosPopDC,xff-symbol,high,recomp,
0x001BA070,0x001BA07C,KERNEL,sub_001BA070,iosGetRootDC,xff-symbol,high,recomp,
0x001BA080,0x001BA09C,KERNEL,sub_001BA080,iosSetRootDC,xff-symbol,high,recomp,
0x001BA0A0,0x001BA0AC,KERNEL,sub_001BA0A0,iosGetCurrentDC,xff-symbol,high,recomp,
0x001BA0B0,0x001BA0CC,KERNEL,sub_001BA0B0,iosSetCurrentDC,xff-symbol,high,recomp,
0x001BA0D0,0x001BA198,KERNEL,sub_001BA0D0,iosResetDC,xff-symbol+reloc-j,high,recomp,
0x001BA198,0x001BA1B4,KERNEL,sub_001BA198,iosInitDC,xff-symbol+reloc-jal,high,recomp,
0x001BA1B8,0x001BA1C4,KERNEL,sub_001BA1B8,iosGetDCGroup,xff-symbol,high,recomp,
0x001BA1C8,0x001BA1D0,KERNEL,sub_001BA1C8,,reloc-la,high,recomp,
0x001BA1D0,0x001BA1D8,KERNEL,sub_001BA1D0,,reloc-la,high,recomp,
0x001BA1D8,0x001BA234,KERNEL,sub_001BA1D8,iosSetDCWithClear,xff-symbol,high,recomp,
0x001BA238,0x001BA2B8,KERNEL,sub_001BA238,_iosPushDC,xff-symbol,high,recomp,
0x001BA2B8,0x001BA324,KERNEL,sub_001BA2B8,iosPushDCWithClear,xff-symbol,high,recomp,
0x001BA328,0x001BA658,KERNEL,sub_001BA328,,reloc-jal,high,recomp,
0x001BA658,0x001BA748,KERNEL,sub_001BA658,iosDlPopLayer,xff-symbol+reloc-j,high,recomp,
0x001BA748,0x001BA870,KERNEL,sub_001BA748,,reloc-jal,high,recomp,
0x001BA870,0x001BA8E4,KERNEL,sub_001BA870,iosUsedPacketBufferSize,xff-symbol,high,recomp,
0x001BA8E8,0x001BA918,KERNEL,sub_001BA8E8,iosCreateIVArbitrationSema,xff-symbol+reloc-jal,high,recomp,
0x001BA918,0x001BA93C,KERNEL,sub_001BA918,iosDlGetTransAdrs,xff-symbol,high,recomp,
0x001BA940,0x001BA988,KERNEL,sub_001BA940,iosGetPacketPtrPath1,xff-symbol+reloc-jal,high,recomp,
0x001BA988,0x001BA99C,KERNEL,sub_001BA988,iosSetPacketPtrPath1,xff-symbol+reloc-jal,high,recomp,
0x001BA9A0,0x001BA9C4,KERNEL,sub_001BA9A0,iosAllocPacketPtrPath1,xff-symbol,high,recomp,
0x001BA9C8,0x001BAA8C,KERNEL,sub_001BA9C8,iosDlChainHead,xff-symbol,high,recomp,
0x001BAA90,0x001BAB54,KERNEL,sub_001BAA90,iosDlChainTail,xff-symbol,high,recomp,
0x001BAB58,0x001BAC20,KERNEL,sub_001BAB58,iosDlChainHeadCurrent,xff-symbol,high,recomp,
0x001BAC20,0x001BACE8,KERNEL,sub_001BAC20,iosDlChainTailCurrent,xff-symbol+reloc-jal+reloc-j,high,recomp,
0x001BACE8,0x001BADF0,KERNEL,sub_001BACE8,iosDlSwap,xff-symbol+reloc-jal,high,recomp,
0x001BADF0,0x001BAE60,KERNEL,sub_001BADF0,iosDlTrans,xff-symbol+reloc-jal+reloc-j,high,recomp,
0x001BAE60,0x001BAED0,KERNEL,sub_001BAE60,iosDlLockObj,xff-symbol,high,recomp,
0x001BAED0,0x001BAEE4,KERNEL,sub_001BAED0,iosDlGetWorkBufId,xff-symbol+reloc-jal,high,recomp,
0x001BAEE8,0x001BAEFC,KERNEL,sub_001BAEE8,iosDlGetTransBufId,xff-symbol,high,recomp,
0x001BAF00,0x001BAF30,KERNEL,sub_001BAF00,iosDlGetEndAdrs,xff-symbol,high,recomp,
0x001BAF30,0x001BAF44,KERNEL,sub_001BAF30,iosDlGetLayer,xff-symbol,high,recomp,
0x001BAF48,0x001BAFA8,KERNEL,sub_001BAF48,iosDlSetLayer,xff-symbol,high,recomp,
0x001BAFA8,0x001BB060,KERNEL,sub_001BAFA8,iosDlPushLayer,xff-symbol+reloc-jal,high,recomp,
0x001BB060,0x001BB074,KERNEL,sub_001BB060,iosDlGetLayerNum,xff-symbol,high,recomp,
0x001BB078,0x001BB10C,KERNEL,sub_001BB078,iosDlRelease,xff-symbol,high,recomp,
0x001BB110,0x001BB150,KERNEL,sub_001BB110,InitDL,xff-symbol+reloc-jal,high,recomp,
0x001BB150,0x001BB184,KERNEL,sub_001BB150,iosDlCheckAdrs,xff-symbol,high,recomp,
0x001BB188,0x001BB1F0,KERNEL,sub_001BB188,iosDlCheckSize,xff-symbol,high,recomp,
0x001BB1F0,0x001BB218,KERNEL,sub_001BB1F0,iosDlGetCreateAdrs,xff-symbol,high,recomp,
0x001BB218,0x001BB240,KERNEL,sub_001BB218,iosAllocPacketPtrPath1UnCachedA,xff-symbol,high,recomp,
0x001BB240,0x001BB29C,KERNEL,sub_001BB240,iosDlTransNow,xff-symbol,high,recomp,
0x001BB2A0,0x001BB5DC,KERNEL,sub_001BB2A0,iosDumpDMAStatus,xff-symbol+reloc-jal,high,recomp,
0x001BB5E0,0x001BB980,KERNEL,sub_001BB5E0,iosDumpVIF1Status,xff-symbol+reloc-jal,high,recomp,
0x001BB980,0x001BBD74,KERNEL,sub_001BB980,iosDumpGIFStatus,xff-symbol+reloc-jal,high,recomp,
0x001BBD78,0x001BC03C,KERNEL,sub_001BBD78,iosSyncPath,xff-symbol+reloc-jal,high,recomp,
0x001BC040,0x001BC318,KERNEL,sub_001BC040,,reloc-jal+reloc-j,high,recomp,
0x001BC318,0x001BC3D8,KERNEL,sub_001BC318,,reloc-jal+reloc-j,high,recomp,
0x001BC3D8,0x001BC4F0,KERNEL,sub_001BC3D8,iosGsSetMode,xff-symbol+reloc-jal,high,recomp,
0x001BC4F0,0x001BC5E0,KERNEL,sub_001BC4F0,iosSetRootContext,xff-symbol+reloc-jal,high,recomp,
0x001BC5E0,0x001BC6B4,KERNEL,sub_001BC5E0,iosGsResizeRootDC,xff-symbol,high,recomp,
0x001BC6B8,0x001BC830,KERNEL,sub_001BC6B8,iosGsSetDrawContext,xff-symbol,high,recomp,
0x001BC830,0x001BCD18,KERNEL,sub_001BC830,iosCopyFrameBuffer,xff-symbol+reloc-jal,high,recomp,
0x001BCD18,0x001BCE84,KERNEL,sub_001BCD18,iosSetScreenEnv,xff-symbol+reloc-jal,high,recomp,
0x001BCE88,0x001BCE94,KERNEL,sub_001BCE88,getDispScreenWidth,xff-symbol+reloc-jal,high,recomp,
0x001BCE98,0x001BCEA4,KERNEL,sub_001BCE98,getDispScreenHeight,xff-symbol,high,recomp,
0x001BCEA8,0x001BCEB4,KERNEL,sub_001BCEA8,getDrawScreenWidth,xff-symbol+reloc-jal,high,recomp,
0x001BCEB8,0x001BCEC4,KERNEL,sub_001BCEB8,getDrawScreenHeight,xff-symbol+reloc-jal,high,recomp,
0x001BCEC8,0x001BCEF4,KERNEL,sub_001BCEC8,getFrameBufferSize,xff-symbol,high,recomp,
0x001BCEF8,0x001BCF28,KERNEL,sub_001BCEF8,getFrameBufferSizeFBP,xff-symbol,high,recomp,
0x001BCF28,0x001BCF58,KERNEL,sub_001BCF28,getFrameBufferSizeTBP,xff-symbol,high,recomp,
0x001BCF58,0x001BCF60,KERNEL,sub_001BCF58,getDispBufferAddressTBP,xff-symbol,high,recomp,
0x001BCF60,0x001BCF68,KERNEL,sub_001BCF60,getDispBufferAddressFBP,xff-symbol,high,recomp,
0x001BCF68,0x001BCF98,KERNEL,sub_001BCF68,getDrawBufferAddressTBP,xff-symbol,high,recomp,
0x001BCF98,0x001BCFC8,KERNEL,sub_001BCF98,getDrawBufferAddressFBP,xff-symbol,high,recomp,
0x001BCFC8,0x001BCFE4,KERNEL,sub_001BCFC8,getZBufferAddressTBP,xff-symbol,high,recomp,
0x001BCFE8,0x001BD004,KERNEL,sub_001BCFE8,getZBufferAddressFBP,xff-symbol,high,recomp,
0x001BD008,0x001BD03C,KERNEL,sub_001BD008,getTextureAreaAddressTBP,xff-symbol,high,recomp,
0x001BD040,0x001BD074,KERNEL,sub_001BD040,getTextureAreaAddressFBP,xff-symbol,high,recomp,
0x001BD078,0x001BD084,KERNEL,sub_001BD078,getScreenOffsetX,xff-symbol,high,recomp,
0x001BD088,0x001BD094,KERNEL,sub_001BD088,getScreenOffsetY,xff-symbol,high,recomp,
0x001BD098,0x001BD0A4,KERNEL,sub_001BD098,getAntiAlias,xff-symbol,high,recomp,
0x001BD0A8,0x001BD0B4,KERNEL,sub_001BD0A8,getProgressiveMode,xff-symbol,high,recomp,
0x001BD0B8,0x001BD124,KERNEL,sub_001BD0B8,iosResetGraph,xff-symbol,high,recomp,
0x001BD128,0x001BD20C,KERNEL,sub_001BD128,iosDmaSendPath1,xff-symbol,high,recomp,
0x001BD210,0x001BD2F4,KERNEL,sub_001BD210,iosDmaSendPath2,xff-symbol,high,recomp,
0x001BD2F8,0x001BD3DC,KERNEL,sub_001BD2F8,iosDmaSendPath3,xff-symbol,high,recomp,
0x001BD3E0,0x001BD4B4,KERNEL,sub_001BD3E0,iosDmaSendSChainPath1,xff-symbol+reloc-jal,high,recomp,
0x001BD4B8,0x001BD58C,KERNEL,sub_001BD4B8,iosDmaSendSChainPath2,xff-symbol,high,recomp,
0x001BD590,0x001BD664,KERNEL,sub_001BD590,iosDmaSendSChainPath3,xff-symbol,high,recomp,
0x001BD668,0x001BD6C4,KERNEL,sub_001BD668,iosResetPath,xff-symbol,high,recomp,
0x001BD6C8,0x001BD71C,KERNEL,sub_001BD6C8,iosSyncV,xff-symbol+reloc-j,high,recomp,
0x001BD720,0x001BD744,KERNEL,sub_001BD720,iosGetField,xff-symbol,high,recomp,
0x001BD748,0x001BD794,KERNEL,sub_001BD748,iosGsChangeMode,xff-symbol,high,recomp,
0x001BD798,0x001BD870,KERNEL,sub_001BD798,iosSetClearColor,xff-symbol,high,recomp,
0x001BD870,0x001BD8D8,KERNEL,sub_001BD870,iosGsResetCRTC,xff-symbol+reloc-jal,high,recomp,
0x001BD8D8,0x001BD8E8,KERNEL,sub_001BD8D8,iosSetSyncNoReturnFunc,xff-symbol,high,recomp,
0x001BD8E8,0x001BD980,KERNEL,sub_001BD8E8,iosCheckDrawFinish,xff-symbol+reloc-jal,high,recomp,
0x001BD980,0x001BD994,KERNEL,sub_001BD980,iosGsChangeScreenOffset,xff-symbol,high,recomp,
0x001BD998,0x001BD9D4,KERNEL,sub_001BD998,iosGsInitDC,xff-symbol+reloc-jal,high,recomp,
0x001BD9D8,0x001BDA1C,KERNEL,sub_001BD9D8,InitGp,xff-symbol+reloc-jal,high,recomp,
0x001BDA20,0x001BDA34,KERNEL,sub_001BDA20,iosWaitDMA,xff-symbol+reloc-j,high,recomp,
0x001BDA34,0x001BDA48,KERNEL,sub_001BDA34,,after-named,medium,recomp,
0x001BDA48,0x001BDA5C,KERNEL,sub_001BDA48,iosWaitVU1,xff-symbol,high,recomp,
0x001BDA5C,0x001BDA70,KERNEL,sub_001BDA5C,,after-named,medium,recomp,
0x001BDA70,0x001BDA7C,KERNEL,sub_001BDA70,getCRTCoffsetU,xff-symbol,high,recomp,
0x001BDA80,0x001BDA8C,KERNEL,sub_001BDA80,getCRTCoffsetV,xff-symbol,high,recomp,
0x001BDA90,0x001BDB4C,KERNEL,sub_001BDA90,ClearVRAM,xff-symbol,high,recomp,
0x001BDB50,0x001BDF40,KERNEL,sub_001BDB50,,reloc-jal,high,recomp,
0x001BDF40,0x001BE168,KERNEL,sub_001BDF40,set_nowloadingflag,xff-symbol+reloc-jal,high,recomp,
0x001BE168,0x001BE2DC,KERNEL,sub_001BE168,iosSyncGP,xff-symbol,high,recomp,
0x001BE2E0,0x001BE3AC,KERNEL,sub_001BE2E0,bootGPThread,xff-symbol+reloc-jal,high,recomp,
0x001BE3B0,0x001BE40C,KERNEL,sub_001BE3B0,iosTransGP,xff-symbol,high,recomp,
0x001BE410,0x001BE44C,KERNEL,sub_001BE410,iosChkGpDlTransExec,xff-symbol+reloc-jal,high,recomp,
0x001BE450,0x001BE548,KERNEL,sub_001BE450,iosGPFrameInit,xff-symbol+reloc-jal,high,recomp,
0x001BE548,0x001BE558,KERNEL,sub_001BE548,iosSetIStartFunc,xff-symbol,high,recomp,
0x001BE558,0x001BE568,KERNEL,sub_001BE558,iosSetGpFinishFunc,xff-symbol,high,recomp,
0x001BE568,0x001BE578,KERNEL,sub_001BE568,iosSetIFinishFunc,xff-symbol,high,recomp,
0x001BE578,0x001BE58C,KERNEL,sub_001BE578,getIntrGpCount,xff-symbol+reloc-jal,high,recomp,
0x001BE590,0x001BE5A0,KERNEL,sub_001BE590,iosSetDlTransFunc,xff-symbol,high,recomp,
0x001BE5A0,0x001BE5B0,KERNEL,sub_001BE5A0,iosSetVSchedulerFunc,xff-symbol,high,recomp,
0x001BE5B0,0x001BE614,KERNEL,sub_001BE5B0,iosWaitGPFinish,xff-symbol,high,recomp,
0x001BE618,0x001BE6A0,KERNEL,sub_001BE618,,reloc-la,high,recomp,
0x001BE6A0,0x001BE6C8,KERNEL,sub_001BE6A0,iStart,xff-symbol+reloc-jal,high,recomp,
0x001BE6C8,0x001BE700,KERNEL,sub_001BE6C8,iFinish,xff-symbol+reloc-jal,high,recomp,
0x001BE700,0x001BE810,KERNEL,sub_001BE700,,reloc-la,high,recomp,
0x001BE810,0x001BE8F8,KERNEL,sub_001BE810,gsRegBegin,xff-symbol+reloc-jal,high,recomp,
0x001BE8F8,0x001BEAE4,KERNEL,sub_001BE8F8,gsRegEnd,xff-symbol+reloc-jal,high,recomp,
0x001BEAE8,0x001BECE4,KERNEL,sub_001BEAE8,gsRegEndWithPtr,xff-symbol,high,recomp,
0x001BECE8,0x001BEDCC,KERNEL,sub_001BECE8,gsReglistBegin,xff-symbol,high,recomp,
0x001BEDD0,0x001BF034,KERNEL,sub_001BEDD0,gsReglistEnd,xff-symbol,high,recomp,
0x001BF038,0x001BF47C,KERNEL,sub_001BF038,gsBox,xff-symbol,high,recomp,
0x001BF480,0x001BFA1C,KERNEL,sub_001BF480,gsBox2,xff-symbol,high,recomp,
0x001BFA20,0x001BFF38,KERNEL,sub_001BFA20,gsBoxLine,xff-symbol,high,recomp,
0x001BFF38,0x001C036C,KERNEL,sub_001BFF38,spriteNoTexFast,xff-symbol,high,recomp,
0x001C0370,0x001C0928,KERNEL,sub_001C0370,spriteTexFast,xff-symbol,high,recomp,
0x001C0928,0x001C0970,KERNEL,sub_001C0928,gsReg,xff-symbol+reloc-jal,high,recomp,
0x001C0970,0x001C097C,KERNEL,sub_001C0970,getSpriteDrawFirst,xff-symbol,high,recomp,
0x001C0980,0x001C0988,KERNEL,sub_001C0980,gsReglist,xff-symbol,high,recomp,
0x001C0988,0x001C0C24,KERNEL,sub_001C0988,iosTransTex,xff-symbol,high,recomp,
0x001C0C28,0x001C0C84,KERNEL,sub_001C0C28,getTWH,xff-symbol,high,recomp,
0x001C0C88,0x001C0F38,KERNEL,sub_001C0C88,isysDeleteObjManager,xff-symbol+reloc-jal,high,recomp,
0x001C0F38,0x001C11C0,KERNEL,sub_001C0F38,,reloc-jal,high,recomp,
0x001C11C0,0x001C1308,KERNEL,sub_001C11C0,,reloc-jal,high,recomp,
0x001C1308,0x001C1568,KERNEL,sub_001C1308,isysAddGroupWithLinkParam,xff-symbol+reloc-jal+reloc-j,high,recomp,
0x001C1568,0x001C17B0,KERNEL,sub_001C1568,isysAddGroupRelativeWithLinkParam,xff-symbol,high,recomp,
0x001C17B0,0x001C1988,KERNEL,sub_001C17B0,_isysDeleteGroup,xff-symbol+reloc-jal+reloc-j,high,recomp,
0x001C1988,0x001C1B70,KERNEL,sub_001C1988,isysDeleteGroupWithLinkParam,xff-symbol,high,recomp,
0x001C1B70,0x001C1D04,KERNEL,sub_001C1B70,isysDeleteGroupAllObj,xff-symbol+reloc-jal,high,recomp,
0x001C1D08,0x001C1EC4,KERNEL,sub_001C1D08,isysDeleteAllGroup,xff-symbol,high,recomp,
0x001C1EC8,0x001C2014,KERNEL,sub_001C1EC8,isysGroupForFirst,xff-symbol+reloc-jal,high,recomp,
0x001C2018,0x001C2114,KERNEL,sub_001C2018,isysGroupForFirstForce,xff-symbol+reloc-jal,high,recomp,
0x001C2118,0x001C2240,KERNEL,sub_001C2118,isysGroupGetObjNumForce,xff-symbol,high,recomp,
0x001C2240,0x001C22F8,KERNEL,sub_001C2240,_isysCreateObj,xff-symbol+reloc-jal,high,recomp,
0x001C22F8,0x001C2300,KERNEL,sub_001C22F8,isysSetObjImmediateDeleteFunc,xff-symbol+reloc-jal,high,recomp,
0x001C2300,0x001C2410,KERNEL,sub_001C2300,isysRequestDeleteObj,xff-symbol+reloc-j,high,recomp,
0x001C2410,0x001C241C,KERNEL,sub_001C2410,isysInitGroup,xff-symbol+reloc-jal+reloc-j,high,recomp,
0x001C2420,0x001C2434,KERNEL,sub_001C2420,isysAddGroupWithLinkParamNoWait,xff-symbol+reloc-jal,high,recomp,
0x001C2438,0x001C2460,KERNEL,sub_001C2438,isysObjDeleteLock,xff-symbol+reloc-jal,high,recomp,
0x001C2460,0x001C2488,KERNEL,sub_001C2460,isysObjDeleteUnLock,xff-symbol+reloc-jal,high,recomp,
0x001C2488,0x001C2510,KERNEL,sub_001C2488,isysGroupForNext,xff-symbol+reloc-jal,high,recomp,
0x001C2510,0x001C256C,KERNEL,sub_001C2510,isysGroupForNextForce,xff-symbol+reloc-jal,high,recomp,
0x001C2570,0x001C2644,KERNEL,sub_001C2570,isysGroupForExit,xff-symbol+reloc-jal+reloc-j,high,recomp,
0x001C2648,0x001C2700,KERNEL,sub_001C2648,isysInitObjSystem,xff-symbol+reloc-jal,high,recomp,
0x001C2700,0x001C275C,KERNEL,sub_001C2700,isysGetLinkNum,xff-symbol,high,recomp,
0x001C2760,0x001C2768,KERNEL,sub_001C2760,isysGetLinkMax,xff-symbol,high,recomp,
0x001C2768,0x001C2798,KERNEL,sub_001C2768,isysGetObjIdentifierByObj,xff-symbol,high,recomp,
0x001C2798,0x001C27D0,KERNEL,sub_001C2798,isysGetGroupSrhNext,xff-symbol,high,recomp,
0x001C27D0,0x001C2844,KERNEL,sub_001C27D0,isysObjWaitSema,xff-symbol+reloc-jal,high,recomp,
0x001C2848,0x001C2894,KERNEL,sub_001C2848,isysObjSignalSema,xff-symbol+reloc-jal,high,recomp,
0x001C2898,0x001C2B50,KERNEL,sub_001C2898,,reloc-la,high,recomp,
0x001C2B50,0x001C2CC0,KERNEL,sub_001C2B50,bootSchedulerThread,xff-symbol+reloc-jal,high,recomp,
0x001C2CC0,0x001C2D04,KERNEL,sub_001C2CC0,schedAddGabageDisableCnt,xff-symbol,high,recomp,
0x001C2D08,0x001C2D4C,KERNEL,sub_001C2D08,schedDecGabageDisableCnt,xff-symbol,high,recomp,
0x001C2D50,0x001C2D64,KERNEL,sub_001C2D50,getVIntrCnt,xff-symbol,high,recomp,
0x001C2D68,0x001C2D80,KERNEL,sub_001C2D68,setVIntrBaseTime,xff-symbol,high,recomp,
0x001C2D80,0x001C2E58,KERNEL,sub_001C2D80,getVIntrDiffTime,xff-symbol,high,recomp,
0x001C2E58,0x001C2F30,KERNEL,sub_001C2E58,addVIntrTime,xff-symbol,high,recomp,
0x001C2F30,0x001C2F54,KERNEL,sub_001C2F30,waitVscheduler,xff-symbol+reloc-jal,high,recomp,
0x001C2F58,0x001C2F98,KERNEL,sub_001C2F58,iosAddISchedulerTaskList,xff-symbol,high,recomp,
0x001C2F98,0x001C2FA4,KERNEL,sub_001C2F98,iosGetISchedulerExecCnt,xff-symbol,high,recomp,
0x001C2FA8,0x001C2FE4,KERNEL,sub_001C2FA8,ischedStop,xff-symbol+reloc-la,high,recomp,
0x001C2FE8,0x001C3020,KERNEL,sub_001C2FE8,ischedRestart,xff-symbol+reloc-la,high,recomp,
0x001C3020,0x001C302C,KERNEL,sub_001C3020,iosSetISchedulerSubthreadTask,xff-symbol,high,recomp,
0x001C3030,0x001C303C,KERNEL,sub_001C3030,iosSetIVSyncMode,xff-symbol,high,recomp,
0x001C3040,0x001C304C,KERNEL,sub_001C3040,iosGetIVSyncMode,xff-symbol,high,recomp,
0x001C3050,0x001C3060,KERNEL,sub_001C3050,vschedSetNextFrameForceGarbage,xff-symbol,high,recomp,
0x001C3060,0x001C306C,KERNEL,sub_001C3060,GetGarbageTime,xff-symbol,high,recomp,
0x001C3070,0x001C3098,KERNEL,sub_001C3070,,reloc-la,high,recomp,
0x001C3098,0x001C3178,KERNEL,sub_001C3098,,reloc-la,high,recomp,
0x001C3178,0x001C31A8,KERNEL,sub_001C3178,,reloc-la,high,recomp,
0x001C31A8,0x001C3250,KERNEL,sub_001C31A8,,reloc-la,high,recomp,
0x001C3250,0x001C3278,KERNEL,sub_001C3250,isysInitISYSLetterObj,xff-symbol,high,recomp,
0x001C3278,0x001C3290,KERNEL,sub_001C3278,isysFlushISYSLetterObj,xff-symbol,high,recomp,
0x001C3290,0x001C32D0,KERNEL,sub_001C3290,isysGetLetterObj,xff-symbol+reloc-jal,high,recomp,
0x001C32D0,0x001C3380,KERNEL,sub_001C32D0,isysLetterObjDiscardLetterAll,xff-symbol,high,recomp,
0x001C3380,0x001C34B4,KERNEL,sub_001C3380,create_letter,xff-symbol,high,recomp,
0x001C34B8,0x001C34CC,KERNEL,sub_001C34B8,init_letter,xff-symbol,high,recomp,
0x001C34D0,0x001C34E0,KERNEL,sub_001C34D0,is_hope_letter_type,xff-symbol,high,recomp,
0x001C34E0,0x001C34E8,KERNEL,sub_001C34E0,get_letter_contents_data,xff-symbol,high,recomp,
0x001C34E8,0x001C34F8,KERNEL,sub_001C34E8,,reloc-jal,high,recomp,
0x001C34F8,0x001C3508,KERNEL,sub_001C34F8,increment_letter_refcount,xff-symbol+reloc-jal,high,recomp,
0x001C3508,0x001C3564,KERNEL,sub_001C3508,decrement_letter_refcount,xff-symbol+reloc-jal,high,recomp,
0x001C3568,0x001C3590,KERNEL,sub_001C3568,is_letter_reach_time,xff-symbol,high,recomp,
0x001C3590,0x001C3598,KERNEL,sub_001C3590,is_init_letter_called,xff-symbol,high,recomp,
0x001C3598,0x001C35A0,KERNEL,sub_001C3598,get_reference_letter_type,xff-symbol+reloc-jal,high,recomp,
0x001C35A0,0x001C35A8,KERNEL,sub_001C35A0,get_letter_receiver_obj_group,xff-symbol+reloc-jal,high,recomp,
0x001C35A8,0x001C35B0,KERNEL,sub_001C35A8,get_letter_receiver_data,xff-symbol+reloc-jal,high,recomp,
0x001C35B0,0x001C3710,KERNEL,sub_001C35B0,doit_letter_manager,xff-symbol+reloc-jal,high,recomp,
0x001C3710,0x001C3748,KERNEL,sub_001C3710,init_letter_manager,xff-symbol+reloc-jal,high,recomp,
0x001C3748,0x001C3784,KERNEL,sub_001C3748,send_letter,xff-symbol,high,recomp,
0x001C3788,0x001C3800,KERNEL,sub_001C3788,,reloc-jal,high,recomp,
0x001C3800,0x001C3840,KERNEL,sub_001C3800,create_letter_post,xff-symbol+reloc-jal,high,recomp,
0x001C3840,0x001C3880,KERNEL,sub_001C3840,check_free_letter_post,xff-symbol+reloc-j,high,recomp,
0x001C3880,0x001C38F0,KERNEL,sub_001C3880,discard_all_letter_in_post,xff-symbol+reloc-jal,high,recomp,
0x001C38F0,0x001C38F8,KERNEL,sub_001C38F0,get_total_letter_in_post,xff-symbol,high,recomp,
0x001C38F8,0x001C3908,KERNEL,sub_001C38F8,open_letter_post,xff-symbol+reloc-jal,high,recomp,
0x001C3908,0x001C392C,KERNEL,sub_001C3908,get_next_letter_in_post,xff-symbol+reloc-jal,high,recomp,
0x001C3930,0x001C393C,KERNEL,sub_001C3930,close_letter_post,xff-symbol+reloc-j,high,recomp,
0x001C3940,0x001C3958,KERNEL,sub_001C3940,,reloc-jal,high,recomp,
0x001C3958,0x001C39EC,KERNEL,sub_001C3958,push_back_letter_in_post,xff-symbol+reloc-jal,high,recomp,
0x001C39F0,0x001C3AC4,KERNEL,sub_001C39F0,discard_selecting_letter_in_post,xff-symbol,high,recomp,
0x001C3AC8,0x001C3AE8,KERNEL,sub_001C3AC8,constructor_letter_type,xff-symbol,high,recomp,
0x001C3AE8,0x001C3B24,KERNEL,sub_001C3AE8,entry_new_letter_type,xff-symbol,high,recomp,
0x001C3B28,0x001C3B5C,KERNEL,sub_001C3B28,init_letter_type_store,xff-symbol+reloc-jal,high,recomp,
0x001C3B60,0x001C3B90,KERNEL,sub_001C3B60,get_letter_type,xff-symbol+reloc-jal,high,recomp,
0x001C3B90,0x001C3D80,KERNEL,sub_001C3B90,,reloc-jal,high,recomp,
0x001C3D80,0x001C3EBC,KERNEL,sub_001C3D80,iosConvertStringSJIStoEUC,xff-symbol,high,recomp,
0x001C3EC0,0x001C3F8C,KERNEL,sub_001C3EC0,iosConvertStringEUCtoSJIS,xff-symbol,high,recomp,
0x001C3F90,0x001C40C8,KERNEL,sub_001C3F90,iosConvertStringEUCtoID,xff-symbol,high,recomp,
0x001C40C8,0x001C40E0,KERNEL,sub_001C40C8,iosGetDataSizeOfFont,xff-symbol,high,recomp,
0x001C40E0,0x001C4158,KERNEL,sub_001C40E0,iosGetFontDataWithID,xff-symbol,high,recomp,
0x001C4158,0x001C41F0,KERNEL,sub_001C4158,iosGetFontDataWithJIS,xff-symbol,high,recomp,
0x001C41F0,0x001C4314,KERNEL,sub_001C41F0,iosGetFontDataWithSJIS,xff-symbol,high,recomp,
0x001C4318,0x001C4468,KERNEL,sub_001C4318,iosGetFontDataWithEUC,xff-symbol,high,recomp,
0x001C4468,0x001C4490,KERNEL,sub_001C4468,iosGetFontIDWithJIS,xff-symbol,high,recomp,
0x001C4490,0x001C4544,KERNEL,sub_001C4490,iosGetFontIDWithSJIS,xff-symbol,high,recomp,
0x001C4548,0x001C4614,KERNEL,sub_001C4548,iosGetFontIDWithEUC,xff-symbol,high,recomp,
0x001C4618,0x001C466C,KERNEL,sub_001C4618,iosEntryLocaleFontNoLoad,xff-symbol,high,recomp,
0x001C4670,0x001C46FC,KERNEL,sub_001C4670,iosGetFontInfo,xff-symbol,high,recomp,
0x001C4700,0x001C4714,KERNEL,sub_001C4700,iosGet2ByteCharCode,xff-symbol,high,recomp,
0x001C4718,0x001C4730,KERNEL,sub_001C4718,_isysCreateSubMsgQueue,xff-symbol,high,recomp,
0x001C4730,0x001C479C,KERNEL,sub_001C4730,_isysRecvSubMsg,xff-symbol,high,recomp,
0x001C47A0,0x001C481C,KERNEL,sub_001C47A0,_isysSendSubMsg,xff-symbol,high,recomp,
0x001C4820,0x001C483C,KERNEL,sub_001C4820,InitSubThread,xff-symbol+reloc-jal,high,recomp,
0x001C4840,0x001C4898,KERNEL,sub_001C4840,isysInitSubThreadExecEnv,xff-symbol,high,recomp,
0x001C4898,0x001C491C,KERNEL,sub_001C4898,isysStartSubThread,xff-symbol,high,recomp,
0x001C4920,0x001C4988,KERNEL,sub_001C4920,isysDeleteSubThread,xff-symbol+reloc-la,high,recomp,
0x001C4988,0x001C4A38,KERNEL,sub_001C4988,isysDumpSubThreadStatus,xff-symbol,high,recomp,
0x001C4A38,0x001C4E44,KERNEL,sub_001C4A38,isysWakeupSubThread,xff-symbol+reloc-j,high,recomp,
0x001C4E44,0x001C4FE8,KERNEL,sub_001C4E44,isysSleepSubThread,xff-label+reloc-jal,high,recomp,
0x001C4FE8,0x001C51A8,KERNEL,sub_001C4FE8,SubThreadTerminateRestorePoint,xff-label,high,recomp,
0x001C51A8,0x001C51B4,KERNEL,sub_001C51A8,isysGetThisSubThread,xff-symbol+reloc-jal,high,recomp,
0x001C51B8,0x001C5288,KERNEL,sub_001C51B8,isysInitSubThreadObj,xff-symbol,high,recomp,
0x001C5288,0x001C5384,KERNEL,sub_001C5288,isysCreateSubThreadS,xff-symbol,high,recomp,
0x001C5388,0x001C53C0,KERNEL,sub_001C5388,isysSleepSubThreadM,xff-symbol,high,recomp,
0x001C53C0,0x001C5498,KERNEL,sub_001C53C0,isysJumpSubThread,xff-symbol,high,recomp,
0x001C5498,0x001C54A0,KERNEL,sub_001C5498,isysGetSubThreadWorkSize,xff-symbol,high,recomp,
0x001C54A0,0x001C554C,KERNEL,sub_001C54A0,isysGetSubThreadStackUse,xff-symbol,high,recomp,
0x001C5550,0x001C5594,KERNEL,sub_001C5550,isysGetSubThreadStackSize,xff-symbol,high,recomp,
0x001C5598,0x001C55A0,KERNEL,sub_001C5598,isysDumpSubThreadPC,xff-symbol,high,recomp,
0x001C55A0,0x001C55AC,KERNEL,sub_001C55A0,isysDebugSetSubThreadSleepProtection,xff-symbol,high,recomp,
0x001C55B0,0x001C57F8,KERNEL,sub_001C55B0,,reloc-jal,high,recomp,
0x001C57F8,0x001C5A28,KERNEL,sub_001C57F8,sndSepTickProc,xff-symbol+reloc-jal,high,recomp,
0x001C5A28,0x001C5BB0,KERNEL,sub_001C5A28,sndSepReq,xff-symbol,high,recomp,
0x001C5BB0,0x001C5C34,KERNEL,sub_001C5BB0,sndSepPlayerSrh,xff-symbol,high,recomp,
0x001C5C38,0x001C5CB0,KERNEL,sub_001C5C38,sndSepPlayerSrh2,xff-symbol,high,recomp,
0x001C5CB0,0x001C5CC8,KERNEL,sub_001C5CB0,sndSepStopReq,xff-symbol,high,recomp,
0x001C5CC8,0x001C5D04,KERNEL,sub_001C5CC8,sndSepSetVol,xff-symbol,high,recomp,
0x001C5D08,0x001C5D60,KERNEL,sub_001C5D08,sndSepSetPan,xff-symbol,high,recomp,
0x001C5D60,0x001C5DBC,KERNEL,sub_001C5D60,sndSepSetDefaultParam,xff-symbol,high,recomp,
0x001C5DC0,0x001C5DE4,KERNEL,sub_001C5DC0,sndSepPauseAll,xff-symbol,high,recomp,
0x001C5DE8,0x001C5E00,KERNEL,sub_001C5DE8,sndSepPause,xff-symbol,high,recomp,
0x001C5E00,0x001C5E24,KERNEL,sub_001C5E00,sndSepCont,xff-symbol,high,recomp,
0x001C5E28,0x001C5E78,KERNEL,sub_001C5E28,sndSepStopTypeAll,xff-symbol,high,recomp,
0x001C5E78,0x001C5EE8,KERNEL,sub_001C5E78,sndSepInitTickParam,xff-symbol,high,recomp,
0x001C5EE8,0x001C5F40,KERNEL,sub_001C5EE8,sndSepInit,xff-symbol+reloc-jal,high,recomp,
0x001C5F40,0x001C5FB4,KERNEL,sub_001C5F40,sndVabCreate,xff-symbol,high,recomp,
0x001C5FB8,0x001C5FCC,KERNEL,sub_001C5FB8,sndVabDelete,xff-symbol,high,recomp,
0x001C5FD0,0x001C6028,KERNEL,sub_001C5FD0,sndVabHDOpen,xff-symbol,high,recomp,
0x001C6028,0x001C6040,KERNEL,sub_001C6028,sndVabHDClose,xff-symbol,high,recomp,
0x001C6040,0x001C6194,KERNEL,sub_001C6040,sndBDOpen,xff-symbol,high,recomp,
0x001C6198,0x001C61A0,KERNEL,sub_001C6198,sndBDClose,xff-symbol,high,recomp,
0x001C61A0,0x001C61D4,KERNEL,sub_001C61A0,sndVabInit,xff-symbol+reloc-jal,high,recomp,
0x001C61D8,0x001C62EC,KERNEL,sub_001C61D8,initSound,xff-symbol+reloc-jal,high,recomp,
0x001C62F0,0x001C6338,KERNEL,sub_001C62F0,soundDspEffectSetDepth,xff-symbol,high,recomp,
0x001C6338,0x001C6418,KERNEL,sub_001C6338,tickProcSound,xff-symbol+reloc-jal,high,recomp,
0x001C6418,0x001C6424,KERNEL,sub_001C6418,addAdpcmTickProcFunc,xff-symbol,high,recomp,
0x001C6428,0x001C6434,KERNEL,sub_001C6428,setPcmTickProcFunc,xff-symbol,high,recomp,
0x001C6438,0x001C6444,KERNEL,sub_001C6438,soundGetTickProcCnt,xff-symbol,high,recomp,
0x001C6448,0x001C645C,KERNEL,sub_001C6448,soundSetTickMode,xff-symbol,high,recomp,
0x001C6460,0x001C6498,KERNEL,sub_001C6460,soundSetRevMode,xff-symbol,high,recomp,
0x001C6498,0x001C64A4,KERNEL,sub_001C6498,soundGetRevMode,xff-symbol,high,recomp,
0x001C64A8,0x001C64BC,KERNEL,sub_001C64A8,getSlotInfo,xff-symbol,high,recomp,
0x001C64C0,0x001C64EC,KERNEL,sub_001C64C0,setSoundMode,xff-symbol,high,recomp,
0x001C64F0,0x001C6504,KERNEL,sub_001C64F0,getSoundMode,xff-symbol,high,recomp,
0x001C6508,0x001C6560,KERNEL,sub_001C6508,iosAllocIopHeap,xff-symbol+reloc-jal,high,recomp,
0x001C6560,0x001C65A8,KERNEL,sub_001C6560,iosFreeIopHeap,xff-symbol+reloc-jal,high,recomp,
0x001C65A8,0x001C6678,KERNEL,sub_001C65A8,iosLoadIopModule,xff-symbol+reloc-jal+reloc-j,high,recomp,
0x001C6678,0x001C66C0,KERNEL,sub_001C6678,iosGetIopTotalFreeMemSize,xff-symbol,high,recomp,
0x001C66C0,0x001C66EC,KERNEL,sub_001C66C0,iosGetIopTotalMemSize,xff-symbol,high,recomp,
0x001C66F0,0x001C670C,KERNEL,sub_001C66F0,iosWaitIopSema,xff-symbol+reloc-jal,high,recomp,
0x001C6710,0x001C672C,KERNEL,sub_001C6710,iosSignalIopSema,xff-symbol+reloc-jal,high,recomp,
0x001C6730,0x001C675C,KERNEL,sub_001C6730,InitIopDev,xff-symbol+reloc-jal,high,recomp,
0x001C6760,0x001C6978,KERNEL,sub_001C6760,,after-named,medium,recomp,
0x001C6978,0x001C69AC,KERNEL,sub_001C6978,iosKeybdInit,xff-symbol+reloc-jal,high,recomp,
0x001C69B0,0x001C69D4,KERNEL,sub_001C69B0,iosKeybdSetCallBackFunc,xff-symbol,high,recomp,
0x001C69D8,0x001C69F8,KERNEL,sub_001C69D8,,reloc-la,high,recomp,
0x001C69F8,0x001C6A5C,KERNEL,sub_001C69F8,iosKeybdGetInfo,xff-symbol,high,recomp,
0x001C6A60,0x001C6CD8,KERNEL,sub_001C6A60,,after-named,medium,recomp,
0x001C6CD8,0x001C6D00,KERNEL,sub_001C6CD8,iosMouseInit,xff-symbol+reloc-jal,high,recomp,
0x001C6D00,0x001C6D24,KERNEL,sub_001C6D00,iosMouseSetCallBackFunc,xff-symbol,high,recomp,
0x001C6D28,0x001C6D48,KERNEL,sub_001C6D28,,reloc-la,high,recomp,
0x001C6D48,0x001C6D60,KERNEL,sub_001C6D48,GetStrHashWorkBuffer,xff-symbol,high,recomp,
0x001C6D60,0x001C6E00,KERNEL,sub_001C6D60,InitStrHash,xff-symbol+reloc-jal,high,recomp,
0x001C6E00,0x001C6E44,KERNEL,sub_001C6E00,AddStrHashKey,xff-symbol+reloc-jal,high,recomp,
0x001C6E48,0x001C6EFC,KERNEL,sub_001C6E48,MakeStrHashValue,xff-symbol+reloc-jal,high,recomp,
0x001C6F00,0x001C6F58,KERNEL,sub_001C6F00,SearchStrHashKey,xff-symbol+reloc-jal,high,recomp,
0x001C6F58,0x001C6F88,KERNEL,sub_001C6F58,ReleaseStrHashKeyAll,xff-symbol,high,recomp,
0x001C6F88,0x001C7020,KERNEL,sub_001C6F88,DeleteStrHashKey,xff-symbol+reloc-jal,high,recomp,
0x001C7020,0x001C704C,KERNEL,sub_001C7020,Sg2ChipSetDigitalOutputMode,xff-symbol+reloc-jal,high,recomp,
0x001C7050,0x001C7084,KERNEL,sub_001C7050,Sg2ChipInit,xff-symbol+reloc-jal,high,recomp,
0x001C7088,0x001C70B4,KERNEL,sub_001C7088,Sg2ChipInitHot,xff-symbol,high,recomp,
0x001C70B8,0x001C70C0,KERNEL,sub_001C70B8,,reloc-la,high,recomp,
0x001C70C0,0x001C7154,KERNEL,sub_001C70C0,Sg2CtrlEntryTickProc,xff-symbol,high,recomp,
0x001C7158,0x001C7198,KERNEL,sub_001C7158,Sg2CtrlEntryTickProcById,xff-symbol+reloc-jal,high,recomp,
0x001C7198,0x001C7250,KERNEL,sub_001C7198,Sg2CtrlRemoveTickProc,xff-symbol,high,recomp,
0x001C7250,0x001C72B4,KERNEL,sub_001C7250,Sg2CtrlTickProc,xff-symbol+reloc-jal,high,recomp,
0x001C72B8,0x001C72CC,KERNEL,sub_001C72B8,Sg2CtrlSetTickMode,xff-symbol+reloc-jal+reloc-j,high,recomp,
0x001C72D0,0x001C72DC,KERNEL,sub_001C72D0,Sg2CtrlGetTickMode,xff-symbol+reloc-jal,high,recomp,
0x001C72E0,0x001C72F4,KERNEL,sub_001C72E0,Sg2CtrlSetTickTime,xff-symbol+reloc-jal,high,recomp,
0x001C72F8,0x001C7304,KERNEL,sub_001C72F8,Sg2CtrlGetTickTime,xff-symbol,high,recomp,
0x001C7308,0x001C735C,KERNEL,sub_001C7308,Sg2CtrlInit,xff-symbol+reloc-jal,high,recomp,
0x001C7360,0x001C738C,KERNEL,sub_001C7360,Sg2DmaTransVoice,xff-symbol+reloc-jal,high,recomp,
0x001C7390,0x001C73A4,KERNEL,sub_001C7390,Sg2DmaTransStatus,xff-symbol+reloc-jal,high,recomp,
0x001C73A8,0x001C73B0,KERNEL,sub_001C73A8,Sg2DmaInit,xff-symbol+reloc-jal,high,recomp,
0x001C73B0,0x001C7414,KERNEL,sub_001C73B0,Sg2DspEffectSetEndAdr,xff-symbol+reloc-jal,high,recomp,
0x001C7418,0x001C747C,KERNEL,sub_001C7418,Sg2DspEffectSetType,xff-symbol+reloc-jal+reloc-j,high,recomp,
0x001C7480,0x001C74E8,KERNEL,sub_001C7480,Sg2DspEffectSetDepth,xff-symbol+reloc-jal+reloc-j,high,recomp,
0x001C74E8,0x001C7560,KERNEL,sub_001C74E8,Sg2DspEffectSetDepth2,xff-symbol,high,recomp,
0x001C7560,0x001C75C0,KERNEL,sub_001C7560,Sg2DspEffectSetDelay,xff-symbol+reloc-j,high,recomp,
0x001C75C0,0x001C7620,KERNEL,sub_001C75C0,Sg2DspEffectSetFeedBack,xff-symbol+reloc-j,high,recomp,
0x001C7620,0x001C777C,KERNEL,sub_001C7620,Sg2DspEffectChange,xff-symbol+reloc-jal+reloc-j,high,recomp,
0x001C7780,0x001C77A4,KERNEL,sub_001C7780,Sg2DspEffectSetSwitch,xff-symbol,high,recomp,
0x001C77A8,0x001C7838,KERNEL,sub_001C77A8,Sg2DspSetMasterVolume,xff-symbol+reloc-jal+reloc-j,high,recomp,
0x001C7838,0x001C7868,KERNEL,sub_001C7838,Sg2DspSetMasterVolumeMax,xff-symbol+reloc-jal,high,recomp,
0x001C7868,0x001C7888,KERNEL,sub_001C7868,Sg2DspGetMasterVolume,xff-symbol,high,recomp,
0x001C7888,0x001C78C4,KERNEL,sub_001C7888,Sg2DspInit,xff-symbol+reloc-jal,high,recomp,
0x001C78C8,0x001C7928,KERNEL,sub_001C78C8,Sg2ExStAdpcmInit,xff-symbol+reloc-jal,high,recomp,
0x001C7928,0x001C7934,KERNEL,sub_001C7928,Sg2ExStAdpcmStopMode,xff-symbol,high,recomp,
0x001C7938,0x001C7954,KERNEL,sub_001C7938,Sg2ExStAdpcmQuit,xff-symbol,high,recomp,
0x001C7958,0x001C7974,KERNEL,sub_001C7958,Sg2ExStAdpcmSlotMalloc,xff-symbol,high,recomp,
0x001C7978,0x001C7A24,KERNEL,sub_001C7978,Sg2ExStAdpcmSlotReserv,xff-symbol+reloc-j,high,recomp,
0x001C7A28,0x001C7A98,KERNEL,sub_001C7A28,Sg2ExStAdpcmSlotFree,xff-symbol+reloc-jal,high,recomp,
0x001C7A98,0x001C7ADC,KERNEL,sub_001C7A98,Sg2ExStAdpcmWorkClear,xff-symbol,high,recomp,
0x001C7AE0,0x001C7D78,KERNEL,sub_001C7AE0,,reloc-jal,high,recomp,
0x001C7D78,0x001C7DFC,KERNEL,sub_001C7D78,Sg2ExStAdpcmOpenFake,xff-symbol+reloc-j,high,recomp,
0x001C7E00,0x001C7F5C,KERNEL,sub_001C7E00,Sg2ExStAdpcmOpen,xff-symbol,high,recomp,
0x001C7F60,0x001C7F6C,KERNEL,sub_001C7F60,Sg2ExStAdpcmSetFd,xff-symbol,high,recomp,
0x001C7F70,0x001C7F78,KERNEL,sub_001C7F70,Sg2ExStAdpcmGetFd,xff-symbol,high,recomp,
0x001C7F78,0x001C7F84,KERNEL,sub_001C7F78,Sg2ExStAdpcmSetLsn,xff-symbol,high,recomp,
0x001C7F88,0x001C7F90,KERNEL,sub_001C7F88,Sg2ExStAdpcmGetLsn,xff-symbol,high,recomp,
0x001C7F90,0x001C7FA4,KERNEL,sub_001C7F90,Sg2ExStAdpcmGetTargetLsn,xff-symbol,high,recomp,
0x001C7FA8,0x001C7FB4,KERNEL,sub_001C7FA8,Sg2ExStAdpcmSetUserParam,xff-symbol,high,recomp,
0x001C7FB8,0x001C7FC0,KERNEL,sub_001C7FB8,Sg2ExStAdpcmGetUserParam,xff-symbol,high,recomp,
0x001C7FC0,0x001C80C8,KERNEL,sub_001C7FC0,,reloc-jal,high,recomp,
0x001C80C8,0x001C8180,KERNEL,sub_001C80C8,Sg2ExStAdpcmVolumePercent,xff-symbol+reloc-jal,high,recomp,
0x001C8180,0x001C82A4,KERNEL,sub_001C8180,Sg2ExStAdpcmTrkVolumeDirect,xff-symbol,high,recomp,
0x001C82A8,0x001C8344,KERNEL,sub_001C82A8,Sg2ExStAdpcmTrkVolumePercent,xff-symbol,high,recomp,
0x001C8348,0x001C8448,KERNEL,sub_001C8348,Sg2ExStAdpcmTrkDspSw,xff-symbol,high,recomp,
0x001C8448,0x001C84D4,KERNEL,sub_001C8448,____VolReflection,xff-symbol+reloc-jal+reloc-j,high,recomp,
0x001C84D8,0x001C8528,KERNEL,sub_001C84D8,____VolPerBackup,xff-symbol+reloc-jal,high,recomp,
0x001C8528,0x001C8584,KERNEL,sub_001C8528,Sg2ExStAdpcmPitchPercent,xff-symbol+reloc-jal,high,recomp,
0x001C8588,0x001C8600,KERNEL,sub_001C8588,Sg2ExStAdpcmPlay,xff-symbol+reloc-jal,high,recomp,
0x001C8600,0x001C8644,KERNEL,sub_001C8600,Sg2ExStAdpcmPause,xff-symbol,high,recomp,
0x001C8648,0x001C866C,KERNEL,sub_001C8648,Sg2ExStAdpcmCont,xff-symbol,high,recomp,
0x001C8670,0x001C86F0,KERNEL,sub_001C8670,Sg2ExStAdpcmStop,xff-symbol+reloc-jal,high,recomp,
0x001C86F0,0x001C8754,KERNEL,sub_001C86F0,Sg2ExStAdpcmIopReadAdr,xff-symbol+reloc-jal,high,recomp,
0x001C8758,0x001C8788,KERNEL,sub_001C8758,Sg2ExStAdpcmSetOutputMode,xff-symbol,high,recomp,
0x001C8788,0x001C87A0,KERNEL,sub_001C8788,Sg2ExStAdpcmLoopSecNum,xff-symbol,high,recomp,
0x001C87A0,0x001C87C8,KERNEL,sub_001C87A0,Sg2ExStAdpcmGetBuffer,xff-symbol,high,recomp,
0x001C87C8,0x001C87D4,KERNEL,sub_001C87C8,Sg2ExStAdpcmSetSignal,xff-symbol,high,recomp,
0x001C87D8,0x001C8888,KERNEL,sub_001C87D8,,reloc-jal,high,recomp,
0x001C8888,0x001C89C0,KERNEL,sub_001C8888,,reloc-jal,high,recomp,
0x001C89C0,0x001C8B88,KERNEL,sub_001C89C0,,reloc-jal+reloc-j,high,recomp,
0x001C8B88,0x001C8CB0,KERNEL,sub_001C8B88,,reloc-jal,high,recomp,
0x001C8CB0,0x001C8D40,KERNEL,sub_001C8CB0,Sg2ExStAdpcmPreLoad,xff-symbol,high,recomp,
0x001C8D40,0x001C8E14,KERNEL,sub_001C8D40,Sg2ExStAdpcmClose,xff-symbol,high,recomp,
0x001C8E18,0x001C8E74,KERNEL,sub_001C8E18,Sg2ExStAdpcmTickProc,xff-symbol,high,recomp,
0x001C8E78,0x001C8FC8,KERNEL,sub_001C8E78,,reloc-jal,high,recomp,
0x001C8FC8,0x001C90F8,KERNEL,sub_001C8FC8,,reloc-jal,high,recomp,
0x001C90F8,0x001C9194,KERNEL,sub_001C90F8,all_keyoff,xff-symbol+reloc-jal+reloc-j,high,recomp,
0x001C9198,0x001C9244,KERNEL,sub_001C9198,all_soundoff,xff-symbol+reloc-jal,high,recomp,
0x001C9248,0x001C92D0,KERNEL,sub_001C9248,all_soundpause,xff-symbol+reloc-jal,high,recomp,
0x001C92D0,0x001C9358,KERNEL,sub_001C92D0,all_soundmute,xff-symbol+reloc-jal,high,recomp,
0x001C9358,0x001C93DC,KERNEL,sub_001C9358,Sg2ModMidiout1,xff-symbol+reloc-jal,high,recomp,
0x001C93E0,0x001C9480,KERNEL,sub_001C93E0,Sg2ModMidiout1Exclusive,xff-symbol,high,recomp,
0x001C9480,0x001C9580,KERNEL,sub_001C9480,Sg2ModMidiout,xff-symbol+reloc-jal,high,recomp,
0x001C9580,0x001C9924,KERNEL,sub_001C9580,Sg2ModTickProc,xff-symbol+reloc-la,high,recomp,
0x001C9928,0x001C9AF4,KERNEL,sub_001C9928,Sg2ModOpenBgm,xff-symbol+reloc-jal,high,recomp,
0x001C9AF8,0x001C9CC4,KERNEL,sub_001C9AF8,Sg2ModOpenSe,xff-symbol+reloc-jal,high,recomp,
0x001C9CC8,0x001C9D00,KERNEL,sub_001C9CC8,Sg2ModCheckSndOn,xff-symbol+reloc-jal+reloc-j,high,recomp,
0x001C9D00,0x001C9D30,KERNEL,sub_001C9D00,Sg2ModClose,xff-symbol+reloc-j+reloc-jal,high,recomp,
0x001C9D30,0x001CA778,KERNEL,sub_001C9D30,Sg2ModSetParam,xff-symbol+reloc-j+reloc-jal,high,recomp,
0x001CA778,0x001CA840,KERNEL,sub_001CA778,Sg2ModGetParam,xff-symbol,high,recomp,
0x001CA840,0x001CA854,KERNEL,sub_001CA840,Sg2ModSetOutputMode,xff-symbol,high,recomp,
0x001CA858,0x001CA8D4,KERNEL,sub_001CA858,Sg2ModInit,xff-symbol+reloc-jal,high,recomp,
0x001CA8D8,0x001CABB8,KERNEL,sub_001CA8D8,debug_mod_config,xff-symbol+reloc-jal,high,recomp,
0x001CABB8,0x001CABF0,KERNEL,sub_001CABB8,,reloc-data-ptr,high,recomp,
0x001CABF0,0x001CB7C0,KERNEL,sub_001CABF0,,reloc-data-ptr,high,recomp,
0x001CB7C0,0x001CBE08,KERNEL,sub_001CB7C0,,reloc-data-ptr,high,recomp,
0x001CBE08,0x001CBE40,KERNEL,sub_001CBE08,,reloc-data-ptr,high,recomp,
0x001CBE40,0x001CBEE0,KERNEL,sub_001CBE40,,reloc-data-ptr,high,recomp,
0x001CBEE0,0x001CBF80,KERNEL,sub_001CBEE0,,reloc-data-ptr,high,recomp,
0x001CBF80,0x001CC020,KERNEL,sub_001CBF80,,reloc-data-ptr,high,recomp,
0x001CC020,0x001CC0C8,KERNEL,sub_001CC020,,reloc-data-ptr,high,recomp,
0x001CC0C8,0x001CC138,KERNEL,sub_001CC0C8,,reloc-data-ptr,high,recomp,
0x001CC138,0x001CC338,KERNEL,sub_001CC138,,reloc-data-ptr,high,recomp,
0x001CC338,0x001CC370,KERNEL,sub_001CC338,,reloc-data-ptr,high,recomp,
0x001CC370,0x001CC3A8,KERNEL,sub_001CC370,,reloc-data-ptr,high,recomp,
0x001CC3A8,0x001CC3E0,KERNEL,sub_001CC3A8,,reloc-data-ptr,high,recomp,
0x001CC3E0,0x001CC3E8,KERNEL,sub_001CC3E0,,reloc-data-ptr,high,recomp,
0x001CC3E8,0x001CC3F0,KERNEL,sub_001CC3E8,,reloc-data-ptr,high,recomp,
0x001CC3F0,0x001CC478,KERNEL,sub_001CC3F0,,reloc-data-ptr,high,recomp,
0x001CC478,0x001CC4B0,KERNEL,sub_001CC478,,reloc-data-ptr,high,recomp,
0x001CC4B0,0x001CC500,KERNEL,sub_001CC4B0,,reloc-data-ptr,high,recomp,
0x001CC500,0x001CC558,KERNEL,sub_001CC500,,reloc-data-ptr,high,recomp,
0x001CC558,0x001CC5B0,KERNEL,sub_001CC558,,reloc-data-ptr,high,recomp,
0x001CC5B0,0x001CC608,KERNEL,sub_001CC5B0,,reloc-data-ptr,high,recomp,
0x001CC608,0x001CC610,KERNEL,sub_001CC608,,reloc-data-ptr,high,recomp,
0x001CC610,0x001CC648,KERNEL,sub_001CC610,,reloc-data-ptr,high,recomp,
0x001CC648,0x001CC6E8,KERNEL,sub_001CC648,,reloc-data-ptr,high,recomp,
0x001CC6E8,0x001CC6F0,KERNEL,sub_001CC6E8,,reloc-data-ptr,high,recomp,
0x001CC6F0,0x001CC728,KERNEL,sub_001CC6F0,,reloc-data-ptr,high,recomp,
0x001CC728,0x001CC760,KERNEL,sub_001CC728,,reloc-data-ptr,high,recomp,
0x001CC760,0x001CC808,KERNEL,sub_001CC760,,reloc-data-ptr,high,recomp,
0x001CC808,0x001CC8A0,KERNEL,sub_001CC808,,reloc-data-ptr,high,recomp,
0x001CC8A0,0x001CC8A8,KERNEL,sub_001CC8A0,,reloc-data-ptr,high,recomp,
0x001CC8A8,0x001CC8E0,KERNEL,sub_001CC8A8,,reloc-data-ptr,high,recomp,
0x001CC8E0,0x001CC968,KERNEL,sub_001CC8E0,,reloc-data-ptr,high,recomp,
0x001CC968,0x001CC970,KERNEL,sub_001CC968,,reloc-data-ptr,high,recomp,
0x001CC970,0x001CCA18,KERNEL,sub_001CC970,,reloc-data-ptr,high,recomp,
0x001CCA18,0x001CCF98,KERNEL,sub_001CCA18,,reloc-data-ptr,high,recomp,
0x001CCF98,0x001CCFA0,KERNEL,sub_001CCF98,,reloc-data-ptr,high,recomp,
0x001CCFA0,0x001CCFA8,KERNEL,sub_001CCFA0,,reloc-data-ptr,high,recomp,
0x001CCFA8,0x001CCFB0,KERNEL,sub_001CCFA8,,reloc-data-ptr,high,recomp,
0x001CCFB0,0x001CCFB8,KERNEL,sub_001CCFB0,,reloc-data-ptr,high,recomp,
0x001CCFB8,0x001CD098,KERNEL,sub_001CCFB8,,reloc-data-ptr,high,recomp,
0x001CD098,0x001CD0A0,KERNEL,sub_001CD098,,reloc-data-ptr,high,recomp,
0x001CD0A0,0x001CD130,KERNEL,sub_001CD0A0,Sg2RemoteSend,xff-symbol+reloc-jal+reloc-j,high,recomp,
0x001CD130,0x001CD1DC,KERNEL,sub_001CD130,Sg2RemoteSendDmaCom,xff-symbol+reloc-j,high,recomp,
0x001CD1E0,0x001CD200,KERNEL,sub_001CD1E0,Sg2RemoteDmaTransStatus,xff-symbol+reloc-j,high,recomp,
0x001CD200,0x001CD218,KERNEL,sub_001CD200,Sg2RemoteGetAdpStmAdr,xff-symbol+reloc-j,high,recomp,
0x001CD218,0x001CD224,KERNEL,sub_001CD218,Sg2RemoteGetPcmStmTransOffset,xff-symbol+reloc-j,high,recomp,
0x001CD228,0x001CD240,KERNEL,sub_001CD228,Sg2RemoteGetSlotReleaseLv,xff-symbol+reloc-jal,high,recomp,
0x001CD240,0x001CD258,KERNEL,sub_001CD240,Sg2RemoteGetDspChangeStatus,xff-symbol,high,recomp,
0x001CD258,0x001CD274,KERNEL,sub_001CD258,Sg2RemoteSyncStatus,xff-symbol+reloc-jal,high,recomp,
0x001CD278,0x001CD464,KERNEL,sub_001CD278,Sg2RemoteTickProc,xff-symbol+reloc-la,high,recomp,
0x001CD468,0x001CD540,KERNEL,sub_001CD468,Sg2RemoteInit,xff-symbol+reloc-jal,high,recomp,
0x001CD540,0x001CD648,KERNEL,sub_001CD540,,reloc-jal,high,recomp,
0x001CD648,0x001CD660,KERNEL,sub_001CD648,Sg2SepPlay,xff-symbol+reloc-jal,high,recomp,
0x001CD660,0x001CD878,KERNEL,sub_001CD660,Sg2SepPlaySelectCore,xff-symbol+reloc-j,high,recomp,
0x001CD878,0x001CD930,KERNEL,sub_001CD878,Sg2SepStop,xff-symbol+reloc-jal,high,recomp,
0x001CD930,0x001CD9E8,KERNEL,sub_001CD930,Sg2SepStopSndOff,xff-symbol+reloc-jal,high,recomp,
0x001CD9E8,0x001CDABC,KERNEL,sub_001CD9E8,Sg2SepPause,xff-symbol,high,recomp,
0x001CDAC0,0x001CDB78,KERNEL,sub_001CDAC0,Sg2SepCont,xff-symbol,high,recomp,
0x001CDB78,0x001CDBE4,KERNEL,sub_001CDB78,Sg2SepVabStopSndOff,xff-symbol+reloc-jal,high,recomp,
0x001CDBE8,0x001CDC28,KERNEL,sub_001CDBE8,Sg2SepAllStopSndOff,xff-symbol,high,recomp,
0x001CDC28,0x001CDC58,KERNEL,sub_001CDC28,Sg2SepStatus,xff-symbol+reloc-jal,high,recomp,
0x001CDC58,0x001CDC98,KERNEL,sub_001CDC58,Sg2SepCheckSndOn,xff-symbol,high,recomp,
0x001CDC98,0x001CDE30,KERNEL,sub_001CDC98,Sg2SepSetParam,xff-symbol+reloc-jal,high,recomp,
0x001CDE30,0x001CDEEC,KERNEL,sub_001CDE30,Sg2SepMidiOut,xff-symbol,high,recomp,
0x001CDEF0,0x001CDF8C,KERNEL,sub_001CDEF0,Sg2SepMasterVol,xff-symbol,high,recomp,
0x001CDF90,0x001CE22C,KERNEL,sub_001CDF90,Sg2SepTickProc,xff-symbol+reloc-la,high,recomp,
0x001CE230,0x001CE2D8,KERNEL,sub_001CE230,Sg2SepInit,xff-symbol+reloc-jal,high,recomp,
0x001CE2D8,0x001CE4B4,KERNEL,sub_001CE2D8,debug_sep_config,xff-symbol,high,recomp,
0x001CE4B8,0x001CE4C0,KERNEL,sub_001CE4B8,,reloc-data-ptr,high,recomp,
0x001CE4C0,0x001CE570,KERNEL,sub_001CE4C0,,reloc-data-ptr,high,recomp,
0x001CE570,0x001CEAD8,KERNEL,sub_001CE570,,reloc-data-ptr,high,recomp,
0x001CEAD8,0x001CEB98,KERNEL,sub_001CEAD8,,reloc-data-ptr,high,recomp,
0x001CEB98,0x001CEBB4,KERNEL,sub_001CEB98,Sg2SlotGetSlotClassIdx,xff-symbol+reloc-jal,high,recomp,
0x001CEBB8,0x001CEFBC,KERNEL,sub_001CEBB8,Sg2SlotFreeSearch,xff-symbol+reloc-jal,high,recomp,
0x001CEFC0,0x001CF37C,KERNEL,sub_001CEFC0,Sg2SlotFreeSearchTerm,xff-symbol+reloc-jal,high,recomp,
0x001CF380,0x001CF774,KERNEL,sub_001CF380,Sg2SlotSearchPriority,xff-symbol+reloc-jal,high,recomp,
0x001CF778,0x001CFB7C,KERNEL,sub_001CF778,Sg2SlotSearchPriorityOlder,xff-symbol,high,recomp,
0x001CFB80,0x001D0038,KERNEL,sub_001CFB80,Sg2SlotSearchParam,xff-symbol,high,recomp,
0x001D0038,0x001D04F8,KERNEL,sub_001D0038,Sg2SlotSearchParamOlder0,xff-symbol+reloc-jal,high,recomp,
0x001D04F8,0x001D0950,KERNEL,sub_001D04F8,Sg2SlotSearchParamOlder1,xff-symbol+reloc-jal,high,recomp,
0x001D0950,0x001D0D44,KERNEL,sub_001D0950,Sg2SlotSearchTypeOlder,xff-symbol+reloc-jal,high,recomp,
0x001D0D48,0x001D0DB4,KERNEL,sub_001D0D48,Sg2SlotBlock,xff-symbol+reloc-jal,high,recomp,
0x001D0DB8,0x001D0DE8,KERNEL,sub_001D0DB8,Sg2SlotFree,xff-symbol+reloc-jal,high,recomp,
0x001D0DE8,0x001D0E40,KERNEL,sub_001D0DE8,Sg2SlotCheckSlotClass,xff-symbol+reloc-jal,high,recomp,
0x001D0E40,0x001D0E88,KERNEL,sub_001D0E40,Sg2SlotFindLoop,xff-symbol,high,recomp,
0x001D0E88,0x001D0ED8,KERNEL,sub_001D0E88,Sg2SlotFindVab,xff-symbol,high,recomp,
0x001D0ED8,0x001D0F34,KERNEL,sub_001D0ED8,Sg2SlotFindVabCh,xff-symbol,high,recomp,
0x001D0F38,0x001D0FA0,KERNEL,sub_001D0F38,Sg2SlotFindVabChNote,xff-symbol+reloc-jal,high,recomp,
0x001D0FA0,0x001D1014,KERNEL,sub_001D0FA0,Sg2SlotFindVabChSsaBaseNote,xff-symbol,high,recomp,
0x001D1018,0x001D1068,KERNEL,sub_001D1018,Sg2SlotFindSlotClass,xff-symbol+reloc-jal,high,recomp,
0x001D1068,0x001D10C4,KERNEL,sub_001D1068,Sg2SlotFindSlotClassCh,xff-symbol+reloc-jal,high,recomp,
0x001D10C8,0x001D1130,KERNEL,sub_001D10C8,Sg2SlotFindSlotClassChNote,xff-symbol+reloc-jal,high,recomp,
0x001D1130,0x001D11A4,KERNEL,sub_001D1130,Sg2SlotFindSlotClassChSsaBaseNote,xff-symbol+reloc-jal,high,recomp,
0x001D11A8,0x001D1294,KERNEL,sub_001D11A8,Sg2SlotSetBasicParam,xff-symbol+reloc-jal,high,recomp,
0x001D1298,0x001D12DC,KERNEL,sub_001D1298,Sg2SlotSetSsa,xff-symbol+reloc-jal,high,recomp,
0x001D12E0,0x001D1300,KERNEL,sub_001D12E0,Sg2SlotSetGroup,xff-symbol+reloc-jal,high,recomp,
0x001D1300,0x001D1380,KERNEL,sub_001D1300,Sg2SlotSetMute,xff-symbol+reloc-jal,high,recomp,
0x001D1380,0x001D13EC,KERNEL,sub_001D1380,Sg2SlotSetMasVol,xff-symbol+reloc-jal,high,recomp,
0x001D13F0,0x001D1448,KERNEL,sub_001D13F0,Sg2SlotSetSeMasVol,xff-symbol+reloc-jal,high,recomp,
0x001D1448,0x001D14A0,KERNEL,sub_001D1448,Sg2SlotSetBaseVol,xff-symbol+reloc-jal,high,recomp,
0x001D14A0,0x001D14D0,KERNEL,sub_001D14A0,Sg2SlotSetVol,xff-symbol+reloc-jal,high,recomp,
0x001D14D0,0x001D152C,KERNEL,sub_001D14D0,Sg2SlotSetMasPan,xff-symbol+reloc-jal,high,recomp,
0x001D1530,0x001D1588,KERNEL,sub_001D1530,Sg2SlotSetBasePan,xff-symbol+reloc-jal,high,recomp,
0x001D1588,0x001D15B8,KERNEL,sub_001D1588,Sg2SlotSetPan,xff-symbol+reloc-jal,high,recomp,
0x001D15B8,0x001D15D8,KERNEL,sub_001D15B8,Sg2SlotSetBendRange,xff-symbol+reloc-jal,high,recomp,
0x001D15D8,0x001D1608,KERNEL,sub_001D15D8,Sg2SlotSetBendValue,xff-symbol+reloc-jal,high,recomp,
0x001D1608,0x001D1680,KERNEL,sub_001D1608,Sg2SlotSetPitch,xff-symbol+reloc-jal,high,recomp,
0x001D1680,0x001D16FC,KERNEL,sub_001D1680,Sg2SlotSetPause,xff-symbol+reloc-jal,high,recomp,
0x001D1700,0x001D1730,KERNEL,sub_001D1700,Sg2SlotSetDirectPitch,xff-symbol,high,recomp,
0x001D1730,0x001D1760,KERNEL,sub_001D1730,Sg2SlotSetMasTune,xff-symbol+reloc-jal,high,recomp,
0x001D1760,0x001D17B0,KERNEL,sub_001D1760,Sg2SlotSetAdsr,xff-symbol+reloc-jal,high,recomp,
0x001D17B0,0x001D17E8,KERNEL,sub_001D17B0,Sg2SlotSetVolPhase,xff-symbol+reloc-jal,high,recomp,
0x001D17E8,0x001D1810,KERNEL,sub_001D17E8,Sg2SlotSetLoop,xff-symbol+reloc-jal,high,recomp,
0x001D1810,0x001D1838,KERNEL,sub_001D1810,Sg2SlotSetDumperOn,xff-symbol+reloc-jal,high,recomp,
0x001D1838,0x001D187C,KERNEL,sub_001D1838,Sg2SlotSetLfoPitchTbl,xff-symbol+reloc-jal,high,recomp,
0x001D1880,0x001D1934,KERNEL,sub_001D1880,Sg2SlotSetLfoPitchSpeed,xff-symbol+reloc-jal,high,recomp,
0x001D1938,0x001D19DC,KERNEL,sub_001D1938,Sg2SlotSetLfoPitchDepth,xff-symbol+reloc-jal,high,recomp,
0x001D19E0,0x001D1A24,KERNEL,sub_001D19E0,Sg2SlotSetLfoVolTbl,xff-symbol,high,recomp,
0x001D1A28,0x001D1B78,KERNEL,sub_001D1A28,Sg2SlotSetLfoVolSpeed,xff-symbol+reloc-jal,high,recomp,
0x001D1B78,0x001D1CC0,KERNEL,sub_001D1B78,Sg2SlotSetLfoVolDepth,xff-symbol+reloc-jal,high,recomp,
0x001D1CC0,0x001D1CFC,KERNEL,sub_001D1CC0,Sg2SlotSetTimeVolParam,xff-symbol+reloc-jal,high,recomp,
0x001D1D00,0x001D1D3C,KERNEL,sub_001D1D00,Sg2SlotSetTimePitchParam,xff-symbol+reloc-jal,high,recomp,
0x001D1D40,0x001D1D7C,KERNEL,sub_001D1D40,Sg2SlotSetTimePanParam,xff-symbol+reloc-jal,high,recomp,
0x001D1D80,0x001D1DDC,KERNEL,sub_001D1D80,Sg2SlotSetPoltamentParam,xff-symbol+reloc-jal,high,recomp,
0x001D1DE0,0x001D1E00,KERNEL,sub_001D1DE0,Sg2SlotGetVol,xff-symbol+reloc-jal,high,recomp,
0x001D1E00,0x001D1E20,KERNEL,sub_001D1E00,Sg2SlotGetPan,xff-symbol+reloc-jal,high,recomp,
0x001D1E20,0x001D1F00,KERNEL,sub_001D1E20,Sg2SlotSetDumperOff,xff-symbol+reloc-j,high,recomp,
0x001D1F00,0x001D200C,KERNEL,sub_001D1F00,Sg2SlotModKeyOff,xff-symbol+reloc-j+reloc-jal,high,recomp,
0x001D2010,0x001D211C,KERNEL,sub_001D2010,Sg2SlotVabKeyOff,xff-symbol+reloc-j,high,recomp,
0x001D2120,0x001D2264,KERNEL,sub_001D2120,Sg2SlotVabKeyOffGroup,xff-symbol+reloc-jal,high,recomp,
0x001D2268,0x001D22CC,KERNEL,sub_001D2268,Sg2SlotSetKeyOnBit,xff-symbol+reloc-jal+reloc-j,high,recomp,
0x001D22D0,0x001D2334,KERNEL,sub_001D22D0,Sg2SlotSetKeyOffBit,xff-symbol+reloc-jal,high,recomp,
0x001D2338,0x001D239C,KERNEL,sub_001D2338,Sg2SlotSetReverbOnBit,xff-symbol+reloc-jal,high,recomp,
0x001D23A0,0x001D240C,KERNEL,sub_001D23A0,Sg2SlotSetReverbOffBit,xff-symbol+reloc-jal,high,recomp,
0x001D2410,0x001D2474,KERNEL,sub_001D2410,Sg2SlotSetNoiseOnBit,xff-symbol+reloc-jal,high,recomp,
0x001D2478,0x001D24E4,KERNEL,sub_001D2478,Sg2SlotSetNoiseOffBit,xff-symbol+reloc-jal+reloc-j,high,recomp,
0x001D24E8,0x001D24FC,KERNEL,sub_001D24E8,Sg2SlotSetOutputMode,xff-symbol+reloc-j,high,recomp,
0x001D2500,0x001D2514,KERNEL,sub_001D2500,Sg2SlotSetVolShiftDownParam,xff-symbol,high,recomp,
0x001D2518,0x001D2524,KERNEL,sub_001D2518,Sg2SlotGetVolShiftDownParam,xff-symbol,high,recomp,
0x001D2528,0x001D2EE0,KERNEL,sub_001D2528,Sg2SlotTickProc,xff-symbol+reloc-la,high,recomp,
0x001D2EE0,0x001D308C,KERNEL,sub_001D2EE0,Sg2SlotInit,xff-symbol+reloc-jal,high,recomp,
0x001D3090,0x001D3154,KERNEL,sub_001D3090,Sg2SlotTbl,xff-symbol+reloc-j,high,recomp,
0x001D3158,0x001D3220,KERNEL,sub_001D3158,Sg2SlotEnvTbl,xff-symbol,high,recomp,
0x001D3220,0x001D32E0,KERNEL,sub_001D3220,,reloc-jal,high,recomp,
0x001D32E0,0x001D32F8,KERNEL,sub_001D32E0,,reloc-jal,high,recomp,
0x001D32F8,0x001D3310,KERNEL,sub_001D32F8,Sg2SmfpOpen,xff-symbol,high,recomp,
0x001D3310,0x001D3524,KERNEL,sub_001D3310,Sg2SmfpOpenSelCore,xff-symbol+reloc-j,high,recomp,
0x001D3528,0x001D3580,KERNEL,sub_001D3528,Sg2SmfpClose,xff-symbol+reloc-jal,high,recomp,
0x001D3580,0x001D35EC,KERNEL,sub_001D3580,Sg2SmfpVabStopSndOff,xff-symbol+reloc-jal,high,recomp,
0x001D35F0,0x001D37DC,KERNEL,sub_001D35F0,Sg2SmfpPlay,xff-symbol,high,recomp,
0x001D37E0,0x001D3848,KERNEL,sub_001D37E0,Sg2SmfpStop,xff-symbol,high,recomp,
0x001D3848,0x001D38B0,KERNEL,sub_001D3848,Sg2SmfpStopSndOff,xff-symbol+reloc-jal,high,recomp,
0x001D38B0,0x001D392C,KERNEL,sub_001D38B0,Sg2SmfpPause,xff-symbol+reloc-jal,high,recomp,
0x001D3930,0x001D3988,KERNEL,sub_001D3930,Sg2SmfpCont,xff-symbol+reloc-jal,high,recomp,
0x001D3988,0x001D39B0,KERNEL,sub_001D3988,Sg2SmfpStatus,xff-symbol,high,recomp,
0x001D39B0,0x001D39E8,KERNEL,sub_001D39B0,Sg2SmfpCheckSndOn,xff-symbol,high,recomp,
0x001D39E8,0x001D3DA0,KERNEL,sub_001D39E8,Sg2SmfpSetParam,xff-symbol+reloc-jal,high,recomp,
0x001D3DA0,0x001D3E6C,KERNEL,sub_001D3DA0,Sg2SmfpGetParam,xff-symbol,high,recomp,
0x001D3E70,0x001D3F08,KERNEL,sub_001D3E70,Sg2SmfpMidiOut,xff-symbol,high,recomp,
0x001D3F08,0x001D3F14,KERNEL,sub_001D3F08,Sg2SmfpSetSignal,xff-symbol,high,recomp,
0x001D3F18,0x001D4208,KERNEL,sub_001D3F18,Sg2SmfpTickProc,xff-symbol+reloc-la,high,recomp,
0x001D4208,0x001D428C,KERNEL,sub_001D4208,Sg2SmfpInit,xff-symbol+reloc-jal,high,recomp,
0x001D4290,0x001D4574,KERNEL,sub_001D4290,debug_smfp_mod_config,xff-symbol,high,recomp,
0x001D4578,0x001D4658,KERNEL,sub_001D4578,debug_set_smfp_time_count_delta_per,xff-symbol,high,recomp,
0x001D4658,0x001D4660,KERNEL,sub_001D4658,,reloc-data-ptr,high,recomp,
0x001D4660,0x001D46F0,KERNEL,sub_001D4660,,reloc-data-ptr,high,recomp,
0x001D46F0,0x001D4880,KERNEL,sub_001D46F0,,reloc-data-ptr,high,recomp,
0x001D4880,0x001D4900,KERNEL,sub_001D4880,,reloc-data-ptr,high,recomp,
0x001D4900,0x001D4CA8,KERNEL,sub_001D4900,,reloc-data-ptr,high,recomp,
0x001D4CA8,0x001D4D2C,KERNEL,sub_001D4CA8,Sg2StAdpcmOpen,xff-symbol+reloc-jal,high,recomp,
0x001D4D30,0x001D4D5C,KERNEL,sub_001D4D30,Sg2StAdpcmClose,xff-symbol+reloc-jal,high,recomp,
0x001D4D60,0x001D4DD8,KERNEL,sub_001D4D60,Sg2StAdpcmSetVolume,xff-symbol+reloc-j,high,recomp,
0x001D4DD8,0x001D4E40,KERNEL,sub_001D4DD8,Sg2StAdpcmSetPitch,xff-symbol+reloc-j,high,recomp,
0x001D4E40,0x001D4E90,KERNEL,sub_001D4E40,Sg2StAdpcmPlay,xff-symbol+reloc-jal,high,recomp,
0x001D4E90,0x001D4EE0,KERNEL,sub_001D4E90,Sg2StAdpcmStop,xff-symbol+reloc-j,high,recomp,
0x001D4EE0,0x001D4EF4,KERNEL,sub_001D4EE0,Sg2StAdpcmIopReadAdr,xff-symbol+reloc-jal,high,recomp,
0x001D4EF8,0x001D4F24,KERNEL,sub_001D4EF8,Sg2StAdpcmInit,xff-symbol+reloc-jal,high,recomp,
0x001D4F28,0x001D4F54,KERNEL,sub_001D4F28,Sg2StAdpcmQuit,xff-symbol+reloc-j,high,recomp,
0x001D4F58,0x001D4F98,KERNEL,sub_001D4F58,get_vabid,xff-symbol+reloc-jal,high,recomp,
0x001D4F98,0x001D5130,KERNEL,sub_001D4F98,,reloc-jal,high,recomp,
0x001D5130,0x001D516C,KERNEL,sub_001D5130,vab_check_alive,xff-symbol+reloc-jal,high,recomp,
0x001D5170,0x001D51AC,KERNEL,sub_001D5170,vab_get_info,xff-symbol+reloc-jal,high,recomp,
0x001D51B0,0x001D5274,KERNEL,sub_001D51B0,vab_get_seseq,xff-symbol+reloc-jal,high,recomp,
0x001D5278,0x001D5310,KERNEL,sub_001D5278,vab_get_seprogchunk,xff-symbol+reloc-jal,high,recomp,
0x001D5310,0x001D53BC,KERNEL,sub_001D5310,vab_get_progchunk,xff-symbol+reloc-jal,high,recomp,
0x001D53C0,0x001D53D4,KERNEL,sub_001D53C0,vab_get_splitchunk,xff-symbol+reloc-jal,high,recomp,
0x001D53D8,0x001D5410,KERNEL,sub_001D53D8,vab_get_veltbl,xff-symbol+reloc-jal,high,recomp,
0x001D5410,0x001D5454,KERNEL,sub_001D5410,vab_get_lfotbl_param,xff-symbol+reloc-jal,high,recomp,
0x001D5458,0x001D5484,KERNEL,sub_001D5458,vab_set_semastervol,xff-symbol+reloc-jal,high,recomp,
0x001D5488,0x001D54B0,KERNEL,sub_001D5488,vab_get_semastervol,xff-symbol+reloc-jal,high,recomp,
0x001D54B0,0x001D5538,KERNEL,sub_001D54B0,Sg2VabHdOpen,xff-symbol+reloc-jal,high,recomp,
0x001D5538,0x001D55BC,KERNEL,sub_001D5538,Sg2VabGetBdSize,xff-symbol,high,recomp,
0x001D55C0,0x001D5628,KERNEL,sub_001D55C0,Sg2VabBdOpen,xff-symbol+reloc-j+reloc-jal,high,recomp,
0x001D5628,0x001D567C,KERNEL,sub_001D5628,Sg2VabClose,xff-symbol+reloc-j,high,recomp,
0x001D5680,0x001D5740,KERNEL,sub_001D5680,Sg2VabHdClose,xff-symbol+reloc-j+reloc-jal,high,recomp,
0x001D5740,0x001D5780,KERNEL,sub_001D5740,Sg2VabInit,xff-symbol+reloc-jal,high,recomp,
0x001D5780,0x001D57A0,KERNEL,sub_001D5780,,reloc-jal,high,recomp,
0x001D57A0,0x001D5820,KERNEL,sub_001D57A0,,reloc-j,medium,recomp,
0x001D5820,0x001D58E0,KERNEL,sub_001D5820,,reloc-jal,high,recomp,
0x001D58E0,0x001D5988,KERNEL,sub_001D58E0,,reloc-jal,high,recomp,
0x001D5988,0x001D5A58,KERNEL,sub_001D5988,,reloc-jal,high,recomp,
0x001D5A58,0x001D5B40,KERNEL,sub_001D5A58,,reloc-jal,high,recomp,
0x001D5B40,0x001D5BA0,KERNEL,sub_001D5B40,,reloc-jal,high,recomp,
0x001D5BA0,0x001D5CA8,KERNEL,sub_001D5BA0,,reloc-jal,high,recomp,
0x001D5CA8,0x001D5CE0,KERNEL,sub_001D5CA8,,reloc-jal,high,recomp,
0x001D5CE0,0x001D5E88,KERNEL,sub_001D5CE0,,reloc-jal,high,recomp,
0x001D5E88,0x001D5F90,KERNEL,sub_001D5E88,,reloc-jal,high,recomp,
0x001D5F90,0x001D6030,KERNEL,sub_001D5F90,,reloc-jal,high,recomp,
0x001D6030,0x001D6118,KERNEL,sub_001D6030,,reloc-j,medium,recomp,
0x001D6118,0x001D62C8,KERNEL,sub_001D6118,,reloc-jal+reloc-j,high,recomp,
0x001D62C8,0x001D6458,KERNEL,sub_001D62C8,,reloc-jal,high,recomp,
0x001D6458,0x001D64A8,KERNEL,sub_001D6458,,reloc-jal+reloc-j,high,recomp,
0x001D64A8,0x001D64D0,KERNEL,sub_001D64A8,,reloc-jal,high,recomp,
0x001D64D0,0x001D6708,KERNEL,sub_001D64D0,,reloc-jal,high,recomp,
0x001D6708,0x001D6750,KERNEL,sub_001D6708,,reloc-jal,high,recomp,
0x001D6750,0x001D68A8,KERNEL,sub_001D6750,,reloc-j,medium,recomp,
0x001D68A8,0x001D68DC,KERNEL,sub_001D68A8,Sg2ExPcmInputOpenDoubleBuffer,xff-symbol,high,recomp,
0x001D68E0,0x001D6950,KERNEL,sub_001D68E0,Sg2ExPcmInputOpen,xff-symbol,high,recomp,
0x001D6950,0x001D69DC,KERNEL,sub_001D6950,Sg2ExPcmInputClose,xff-symbol,high,recomp,
0x001D69E0,0x001D6A74,KERNEL,sub_001D69E0,Sg2ExPcmInputCtrl,xff-symbol+reloc-jal,high,recomp,
0x001D6A78,0x001D6AA0,KERNEL,sub_001D6A78,Sg2ExPcmInputGetLipFrame,xff-symbol,high,recomp,
0x001D6AA0,0x001D6AC8,KERNEL,sub_001D6AA0,Sg2ExPcmInputGetRealPlayFrameCount,xff-symbol,high,recomp,
0x001D6AC8,0x001D6B50,KERNEL,sub_001D6AC8,,reloc-j,medium,recomp,
0x001D6B50,0x001D6B94,KERNEL,sub_001D6B50,Sg2ExPcmInputSetVol,xff-symbol+reloc-jal,high,recomp,
0x001D6B98,0x001D6BDC,KERNEL,sub_001D6B98,Sg2ExPcmInputSetPan,xff-symbol+reloc-jal,high,recomp,
0x001D6BE0,0x001D6C2C,KERNEL,sub_001D6BE0,Sg2ExPcmInputSetPhase,xff-symbol+reloc-jal,high,recomp,
0x001D6C30,0x001D6C54,KERNEL,sub_001D6C30,Sg2ExPcmInputSetOutputMode,xff-symbol,high,recomp,
0x001D6C58,0x001D6C9C,KERNEL,sub_001D6C58,Sg2ExPcmInputAutoFilterInit,xff-symbol+reloc-jal,high,recomp,
0x001D6CA0,0x001D6D90,KERNEL,sub_001D6CA0,Sg2ExPcmInputSetAutoFilterDirect,xff-symbol,high,recomp,
0x001D6D90,0x001D6E1C,KERNEL,sub_001D6D90,Sg2ExPcmInputSetAutoFilter,xff-symbol,high,recomp,
0x001D6E20,0x001D6E5C,KERNEL,sub_001D6E20,Sg2ExPcmInputAutoFilterCtrl,xff-symbol,high,recomp,
0x001D6E60,0x001D6F40,KERNEL,sub_001D6E60,Sg2ExPcmOutputOpen,xff-symbol,high,recomp,
0x001D6F40,0x001D6FA0,KERNEL,sub_001D6F40,Sg2ExPcmOutputClose,xff-symbol,high,recomp,
0x001D6FA0,0x001D7014,KERNEL,sub_001D6FA0,Sg2ExPcmOutputBufferClear,xff-symbol+reloc-jal,high,recomp,
0x001D7018,0x001D702C,KERNEL,sub_001D7018,Sg2ExPcmOutputSetVol,xff-symbol,high,recomp,
0x001D7030,0x001D7044,KERNEL,sub_001D7030,Sg2ExPcmOutputSetEffect,xff-symbol,high,recomp,
0x001D7048,0x001D7054,KERNEL,sub_001D7048,Sg2ExPcmOutputSetOutputMode,xff-symbol,high,recomp,
0x001D7058,0x001D70F8,KERNEL,sub_001D7058,Sg2ExPcmOutputCtrl,xff-symbol+reloc-jal,high,recomp,
0x001D70F8,0x001D7104,KERNEL,sub_001D70F8,Sg2ExPcmOutputGetLipFrame,xff-symbol,high,recomp,
0x001D7108,0x001D7128,KERNEL,sub_001D7108,Sg2ExPcmOutputAutoFilterInit,xff-symbol+reloc-jal,high,recomp,
0x001D7128,0x001D71F0,KERNEL,sub_001D7128,Sg2ExPcmOutputSetAutoFilterDirect,xff-symbol,high,recomp,
0x001D71F0,0x001D725C,KERNEL,sub_001D71F0,Sg2ExPcmOutputSetAutoFilter,xff-symbol,high,recomp,
0x001D7260,0x001D7288,KERNEL,sub_001D7260,Sg2ExPcmOutputAutoFilterCtrl,xff-symbol,high,recomp,
0x001D7288,0x001D729C,KERNEL,sub_001D7288,Sg2ExPcmCheckAutoFilterSeq,xff-symbol,high,recomp,
0x001D72A0,0x001D735C,KERNEL,sub_001D72A0,Sg2ExPcmTickProc,xff-symbol+reloc-jal,high,recomp,
0x001D7360,0x001D736C,KERNEL,sub_001D7360,Sg2ExPcmSetSignal,xff-symbol,high,recomp,
0x001D7370,0x001D7400,KERNEL,sub_001D7370,Sg2ExPcmInit,xff-symbol+reloc-jal,high,recomp,
0x001D7400,0x001D7500,KERNEL,sub_001D7400,,reloc-jal,high,recomp,
0x001D7500,0x001D7600,KERNEL,sub_001D7500,,reloc-jal,high,recomp,
0x001D7600,0x001D7728,KERNEL,sub_001D7600,,reloc-jal,high,recomp,
0x001D7728,0x001D78F0,KERNEL,sub_001D7728,,reloc-jal,high,recomp,
0x001D78F0,0x001D7AB8,KERNEL,sub_001D78F0,,reloc-jal,high,recomp,
0x001D7AB8,0x001D7AD4,KERNEL,sub_001D7AB8,IirInit,xff-symbol+reloc-jal,high,recomp,
0x001D7AD8,0x001D7BD8,KERNEL,sub_001D7AD8,IirParam,xff-symbol+reloc-jal,high,recomp,
0x001D7BD8,0x001D7D14,KERNEL,sub_001D7BD8,IirFilter,xff-symbol+reloc-jal,high,recomp,
0x001D7D18,0x001D7D48,KERNEL,sub_001D7D18,Sg2StPcmStart,xff-symbol+reloc-jal,high,recomp,
0x001D7D48,0x001D7D74,KERNEL,sub_001D7D48,Sg2StPcmStop,xff-symbol+reloc-jal,high,recomp,
0x001D7D78,0x001D7DA8,KERNEL,sub_001D7D78,Sg2StPcmSetVolume,xff-symbol+reloc-j,high,recomp,
0x001D7DA8,0x001D7DD4,KERNEL,sub_001D7DA8,Sg2StPcmSetEffect,xff-symbol+reloc-j,high,recomp,
0x001D7DD8,0x001D7DEC,KERNEL,sub_001D7DD8,Sg2StPcmIopTransOffset,xff-symbol+reloc-jal,high,recomp,
0x001D7DF0,0x001D7E1C,KERNEL,sub_001D7DF0,Sg2StPcmInit,xff-symbol+reloc-jal,high,recomp,
0x001D7E20,0x001D7E4C,KERNEL,sub_001D7E20,Sg2StPcmQuit,xff-symbol,high,recomp,
0x001D7E50,0x001D8220,KERNEL,sub_001D7E50,,reloc-jal,high,recomp,
0x001D8220,0x001D84B4,KERNEL,sub_001D8220,mktime,xff-symbol+reloc-jal,high,recomp,
0x001D84B8,0x001D853C,KERNEL,sub_001D84B8,strstr,xff-symbol+reloc-jal,high,recomp,
0x001D8540,0x001D85C4,KERNEL,sub_001D8540,div,xff-symbol+reloc-jal,high,recomp,
0x001D85C8,0x001D8854,KERNEL,sub_001D85C8,atanf,xff-symbol+reloc-j+reloc-jal,high,recomp,
0x001D8858,0x001D892C,KERNEL,sub_001D8858,cosf,xff-symbol+reloc-jal,high,recomp,
0x001D8930,0x001D8958,KERNEL,sub_001D8930,fabsf,xff-symbol+reloc-jal,high,recomp,
0x001D8958,0x001D8A40,KERNEL,sub_001D8958,sinf,xff-symbol+reloc-jal,high,recomp,
0x001D8A40,0x001D8A54,KERNEL,sub_001D8A40,sqrt,xff-symbol+reloc-jal,high,recomp,
0x001D8A58,0x001D8A6C,KERNEL,sub_001D8A58,acosf,xff-symbol+reloc-j,high,recomp,
0x001D8A70,0x001D8A84,KERNEL,sub_001D8A70,asinf,xff-symbol+reloc-j,high,recomp,
0x001D8A88,0x001D8A9C,KERNEL,sub_001D8A88,atan2f,xff-symbol+reloc-j,high,recomp,
0x001D8AA0,0x001D8AB4,KERNEL,sub_001D8AA0,fmodf,xff-symbol+reloc-j,high,recomp,
0x001D8AB8,0x001D8ACC,KERNEL,sub_001D8AB8,powf,xff-symbol+reloc-j+reloc-jal,high,recomp,
0x001D8AD0,0x001D8AE4,KERNEL,sub_001D8AD0,sqrtf,xff-symbol+reloc-jal,high,recomp,
0x001D8AE8,0x001D8E04,KERNEL,sub_001D8AE8,__ieee754_sqrt,xff-symbol+reloc-j,high,recomp,
0x001D8E08,0x001D922C,KERNEL,sub_001D8E08,__ieee754_acosf,xff-symbol+reloc-j,high,recomp,
0x001D9230,0x001D95D0,KERNEL,sub_001D9230,__ieee754_asinf,xff-symbol+reloc-j,high,recomp,
0x001D95D0,0x001D97B0,KERNEL,sub_001D95D0,__ieee754_atan2f,xff-symbol+reloc-j,high,recomp,
0x001D97B0,0x001D9980,KERNEL,sub_001D97B0,__ieee754_fmodf,xff-symbol+reloc-j,high,recomp,
0x001D9980,0x001DA160,KERNEL,sub_001D9980,__ieee754_powf,xff-symbol+reloc-j,high,recomp,
0x001DA160,0x001DA510,KERNEL,sub_001DA160,__ieee754_rem_pio2f,xff-symbol+reloc-jal,high,recomp,
0x001DA510,0x001DA5DC,KERNEL,sub_001DA510,__ieee754_sqrtf,xff-symbol+reloc-j+reloc-jal,high,recomp,
0x001DA5E0,0x001DA730,KERNEL,sub_001DA5E0,__kernel_cosf,xff-symbol+reloc-jal,high,recomp,
0x001DA730,0x001DAF94,KERNEL,sub_001DA730,__kernel_rem_pio2f,xff-symbol+reloc-jal,high,recomp,
0x001DAF98,0x001DB09C,KERNEL,sub_001DAF98,__kernel_sinf,xff-symbol+reloc-jal,high,recomp,
0x001DB0A0,0x001DB178,KERNEL,sub_001DB0A0,floorf,xff-symbol+reloc-jal,high,recomp,
0x001DB178,0x001DB240,KERNEL,sub_001DB178,scalbnf,xff-symbol+reloc-jal,high,recomp,
0x001DB240,0x001DB27C,KERNEL,sub_001DB240,copysignf,xff-symbol+reloc-jal,high,recomp,
0x001DB280,0x001DB464,KERNEL,sub_001DB280,sceGsSetDefLoadImage,xff-symbol+reloc-jal,high,recomp,
0x001DB468,0x001DB5E4,KERNEL,sub_001DB468,sceGsExecLoadImage,xff-symbol+reloc-jal,high,recomp,
0x001DB5E8,0x001DB624,KERNEL,sub_001DB5E8,sceGsPutIMR,xff-symbol+reloc-jal,high,recomp,
0x001DB628,0x001DB644,KERNEL,sub_001DB628,sceGsGetIMR,xff-symbol+reloc-jal,high,recomp,
0x001DB648,0x001DB684,KERNEL,sub_001DB648,isceGsPutIMR,xff-symbol+reloc-jal,high,recomp,
0x001DB688,0x001DB868,KERNEL,sub_001DB688,sceCdRead,xff-symbol+reloc-jal,high,recomp,
0x001DB868,0x001DB9BC,KERNEL,sub_001DB868,sceCdReadIOPm,xff-symbol+reloc-jal,high,recomp,
0x001DB9C0,0x001DBA58,KERNEL,sub_001DB9C0,sceCdGetError,xff-symbol+reloc-jal,high,recomp,
0x001DBA58,0x001DBB10,KERNEL,sub_001DBA58,sceCdStatus,xff-symbol+reloc-jal,high,recomp,
0x001DBB10,0x001DBB80,KERNEL,sub_001DBB10,,reloc-jal,high,recomp,
0x001DBB80,0x001DBBC0,KERNEL,sub_001DBB80,,reloc-jal,high,recomp,
0x001DBBC0,0x001DBC20,KERNEL,sub_001DBBC0,sceScfGetLanguage,xff-symbol+reloc-jal,high,recomp,
0x001DBC20,0x001DBC3C,KERNEL,sub_001DBC20,sceScfSetT10kConfig,xff-symbol,high,recomp,
0x001DBC40,0x001DBC80,KERNEL,sub_001DBC40,sceScfGetAspect,xff-symbol,high,recomp,
0x001DBC80,0x001DBCBC,KERNEL,sub_001DBC80,sceScfGetSpdif,xff-symbol,high,recomp,
0x001DBCC0,0x001DBD0C,KERNEL,sub_001DBCC0,sceScfGetTimeZone,xff-symbol+reloc-jal,high,recomp,
0x001DBD10,0x001DBD74,KERNEL,sub_001DBD10,sceScfGetDateNotation,xff-symbol,high,recomp,
0x001DBD78,0x001DBDE0,KERNEL,sub_001DBD78,sceScfGetSummerTime,xff-symbol+reloc-jal,high,recomp,
0x001DBDE0,0x001DBE48,KERNEL,sub_001DBDE0,sceScfGetTimeNotation,xff-symbol,high,recomp,
0x001DBE48,0x001DBE78,KERNEL,sub_001DBE48,,reloc-jal,high,recomp,
0x001DBE78,0x001DBE98,KERNEL,sub_001DBE78,,reloc-jal,high,recomp,
0x001DBE98,0x001DBF00,KERNEL,sub_001DBE98,,reloc-jal,high,recomp,
0x001DBF00,0x001DBF68,KERNEL,sub_001DBF00,,reloc-j,medium,recomp,
0x001DBF68,0x001DC020,KERNEL,sub_001DBF68,,reloc-j,medium,recomp,
0x001DC020,0x001DC0C8,KERNEL,sub_001DC020,,reloc-j,medium,recomp,
0x001DC0C8,0x001DC0F8,KERNEL,sub_001DC0C8,,reloc-jal,high,recomp,
0x001DC0F8,0x001DC120,KERNEL,sub_001DC0F8,,reloc-jal,high,recomp,
0x001DC120,0x001DC1B0,KERNEL,sub_001DC120,,reloc-j,medium,recomp,
0x001DC1B0,0x001DC1B8,KERNEL,sub_001DC1B0,sceScfGetGMTfromRTC,xff-symbol,high,recomp,
0x001DC1B8,0x001DC200,KERNEL,sub_001DC1B8,sceScfGetLocalTimefromRTC,xff-symbol,high,recomp,
0x01170830,0x01170A10,MANAGER,sub_01170830,,reloc-j,medium,recomp,
0x01170A10,0x01170E38,MANAGER,sub_01170A10,DEBUG_update_direction,xff-symbol,high,recomp,
0x01170E38,0x01170F4C,MANAGER,sub_01170E38,DEBUG_get_cur_using_anb_file_name,xff-symbol+reloc-jal,high,recomp,
0x01170F50,0x0117129C,MANAGER,sub_01170F50,DEBUG_disp_object_info,xff-symbol,high,recomp,
0x011712A0,0x01171460,MANAGER,sub_011712A0,DEBUG_disp_ray,xff-symbol,high,recomp,
0x01171460,0x011717C4,MANAGER,sub_01171460,DEBUG_disp_cylinder_object,xff-symbol+reloc-j,high,recomp,
0x011717C8,0x01171ABC,MANAGER,sub_011717C8,DEBUG_disp_collision_attribute_info,xff-symbol+reloc-jal,high,recomp,
0x01171AC0,0x01171C24,MANAGER,sub_01171AC0,DEBUG_disp_center_collision_attribute_info,xff-symbol,high,recomp,
0x01171C28,0x01171C80,MANAGER,sub_01171C28,doit_debug_utility,xff-symbol,high,recomp,
0x01171C80,0x01171CB4,MANAGER,sub_01171C80,disp_debug_utility,xff-symbol,high,recomp,
0x01171CB8,0x01171CC4,MANAGER,sub_01171CB8,DEBUG_set_update_position_method_pointer,xff-symbol,high,recomp,
0x01171CC8,0x01171CD4,MANAGER,sub_01171CC8,DEBUG_is_locking_debug_camera,xff-symbol,high,recomp,
0x01171CD8,0x01171D30,MANAGER,sub_01171CD8,DEBUG_update_position,xff-symbol,high,recomp,
0x01171D30,0x01171DEC,MANAGER,sub_01171D30,DEBUG_get_2d_font_disp_position,xff-symbol,high,recomp,
0x01171DF0,0x01171E24,MANAGER,sub_01171DF0,DEBUG_get_2d_font_default_height_offset,xff-symbol,high,recomp,
0x01171E28,0x01171E5C,MANAGER,sub_01171E28,DEBUG_get_cntrl_mode_name,xff-symbol,high,recomp,
0x01171E60,0x01171E9C,MANAGER,sub_01171E60,DEBUG_get_latest_motion_name,xff-symbol,high,recomp,
0x01171EA0,0x01171F08,MANAGER,sub_01171EA0,DEBUG_get_base_name,xff-symbol+reloc-j,high,recomp,
0x01171F08,0x01171F88,MANAGER,sub_01171F08,DEBUG_get_base_name_extention_cut,xff-symbol,high,recomp,
0x01171F88,0x01171FD0,MANAGER,sub_01171F88,DEBUG_get_parent_layout_name,xff-symbol,high,recomp,
0x01171FD0,0x01172090,MANAGER,sub_01171FD0,DEBUG_disp_region_object,xff-symbol+reloc-jal,high,recomp,
0x01172090,0x0117225C,MANAGER,sub_01172090,DEBUG_disp_sphere_object,xff-symbol+reloc-j+reloc-jal,high,recomp,
0x01172260,0x01172300,MANAGER,sub_01172260,DEBUG_disp_box_object,xff-symbol+reloc-j+reloc-jal,high,recomp,
0x01172300,0x011723F0,MANAGER,sub_01172300,DEBUG_disp_collision_attribute_info_extend,xff-symbol,high,recomp,
0x011723F0,0x011724C8,MANAGER,sub_011723F0,DEBUG_disp_collision_name,xff-symbol,high,recomp,
0x011724C8,0x0117271C,MANAGER,sub_011724C8,GAMEUTIL_increase_yaw_limit_extend,xff-symbol+reloc-j+reloc-jal,high,recomp,
0x01172720,0x0117282C,MANAGER,sub_01172720,GAMEUTIL_get_limit_clip_yaw_rel,xff-symbol,high,recomp,
0x01172830,0x01172A2C,MANAGER,sub_01172830,GAMEUTIL_get_move_radi_from_yaw1_to_yaw2_extend,xff-symbol+reloc-jal,high,recomp,
0x01172A30,0x01172B2C,MANAGER,sub_01172A30,GAMEUTIL_is_between_yaw_and_yaw_extend_rel,xff-symbol,high,recomp,
0x01172B30,0x01172DB0,MANAGER,sub_01172B30,GAMEUTIL_is_inside_of_region_pitch,xff-symbol,high,recomp,
0x01172DB0,0x01172F8C,MANAGER,sub_01172DB0,GAMEUTIL_inc_or_dec_for_near_to_aim_yaw,xff-symbol+reloc-jal,high,recomp,
0x01172F90,0x011732E8,MANAGER,sub_01172F90,GAMEUTIL_inc_or_dec_for_near_to_aim_pitch,xff-symbol+reloc-jal,high,recomp,
0x011732E8,0x01173428,MANAGER,sub_011732E8,GAMEUTIL_get_interp_pitch,xff-symbol,high,recomp,
0x01173428,0x01173640,MANAGER,sub_01173428,GAMEUTIL_act_yaw_rot_region_check,xff-symbol,high,recomp,
0x01173640,0x01173B50,MANAGER,sub_01173640,GAMEUTIL_act_pitch_rot,xff-symbol+reloc-jal,high,recomp,
0x01173B50,0x01173D54,MANAGER,sub_01173B50,GAMEUTIL_act_pitch_rot_limit_clip,xff-symbol,high,recomp,
0x01173D58,0x01173F0C,MANAGER,sub_01173D58,GAMEUTIL_get_rot_dir_for_near_to_aim_yaw_dir,xff-symbol+reloc-jal,high,recomp,
0x01173F10,0x0117418C,MANAGER,sub_01173F10,GAMEUTIL_near_to_aim_pitch_dir,xff-symbol,high,recomp,
0x01174190,0x011741D8,MANAGER,sub_01174190,GAMEUTIL_is_nearly_equal_zero,xff-symbol+reloc-jal+reloc-j,high,recomp,
0x011741D8,0x01174298,MANAGER,sub_011741D8,GAMEUTIL_is_nearly_equal_zero3D,xff-symbol+reloc-jal,high,recomp,
0x01174298,0x011742E8,MANAGER,sub_01174298,GAMEUTIL_is_diff_nearly_equal_zero,xff-symbol+reloc-jal,high,recomp,
0x011742E8,0x011743B0,MANAGER,sub_011742E8,GAMEUTIL_is_diff_nearly_equal_zero3D,xff-symbol,high,recomp,
0x011743B0,0x01174430,MANAGER,sub_011743B0,GAMEUTIL_get_answer_of_2jihouteishiki,xff-symbol,high,recomp,
0x01174430,0x0117451C,MANAGER,sub_01174430,GAMEUTIL_get_cross_position_coefficient_t_by_dist_factor,xff-symbol,high,recomp,
0x01174520,0x011745E0,MANAGER,sub_01174520,GAMEUTIL_get_xyz_axis_from_quaternion,xff-symbol,high,recomp,
0x011745E0,0x01174680,MANAGER,sub_011745E0,GAMEUTIL_get_segment_num_and_data,xff-symbol,high,recomp,
0x01174680,0x011746B8,MANAGER,sub_01174680,GAMEUTIL_check_parent_flag,xff-symbol,high,recomp,
0x011746B8,0x011746CC,MANAGER,sub_011746B8,GAMEUTIL_get_parent_collision_attribute,xff-symbol,high,recomp,
0x011746D0,0x01174704,MANAGER,sub_011746D0,GAMEUTIL_get_parent_object,xff-symbol,high,recomp,
0x01174708,0x01174790,MANAGER,sub_01174708,GAMEUTIL_get_parent_plane,xff-symbol,high,recomp,
0x01174790,0x011747E8,MANAGER,sub_01174790,GAMEUTIL_get_local_quaternion,xff-symbol,high,recomp,
0x011747E8,0x01174884,MANAGER,sub_011747E8,GAMEUTIL_get_local_directionX,xff-symbol,high,recomp,
0x01174888,0x01174918,MANAGER,sub_01174888,GAMEUTIL_get_local_directionY,xff-symbol,high,recomp,
0x01174918,0x011749AC,MANAGER,sub_01174918,GAMEUTIL_get_local_directionZ,xff-symbol,high,recomp,
0x011749B0,0x01174B0C,MANAGER,sub_011749B0,GAMEUTIL_get_offset_position_by_option_space,xff-symbol+reloc-jal,high,recomp,
0x01174B10,0x01174C84,MANAGER,sub_01174B10,GAMEUTIL_add_local_offset_root_position,xff-symbol,high,recomp,
0x01174C88,0x01174CEC,MANAGER,sub_01174C88,GAMEUTIL_get_node_posi_by_id,xff-symbol,high,recomp,
0x01174CF0,0x01174D0C,MANAGER,sub_01174CF0,GAMEUTIL_get_node_quaternion_posi_by_id,xff-symbol,high,recomp,
0x01174D10,0x01174E1C,MANAGER,sub_01174D10,GAMEUTIL_get_node_quaternion_posi_by_id_extend,xff-symbol+reloc-j,high,recomp,
0x01174E20,0x01174FC8,MANAGER,sub_01174E20,GAMEUTIL_is_inside_of_region_ratio,xff-symbol,high,recomp,
0x01174FC8,0x01175048,MANAGER,sub_01174FC8,GAMEUTIL_get_new_velocity,xff-symbol,high,recomp,
0x01175048,0x01175098,MANAGER,sub_01175048,GAMEUTIL_get_new_velocity_by_brake,xff-symbol,high,recomp,
0x01175098,0x011750C4,MANAGER,sub_01175098,GAMEUTIL_get_new_velocity_by_brake_abs,xff-symbol+reloc-jal,high,recomp,
0x011750C8,0x01175104,MANAGER,sub_011750C8,GAMEUTIL_get_velocity_by_diff_move,xff-symbol,high,recomp,
0x01175108,0x01175158,MANAGER,sub_01175108,GAMEUTIL_get_velocity_by_diff_move3D,xff-symbol,high,recomp,
0x01175158,0x011751B8,MANAGER,sub_01175158,GAMEUTIL_get_vector_velocity_by_diff_move3D,xff-symbol,high,recomp,
0x011751B8,0x01175258,MANAGER,sub_011751B8,GAMEUTIL_get_move_limit_position,xff-symbol,high,recomp,
0x01175258,0x01175354,MANAGER,sub_01175258,GAMEUTIL_get_move_limit_position3D,xff-symbol,high,recomp,
0x01175358,0x011753D0,MANAGER,sub_01175358,GAMEUTIL_get_vel_limit_position,xff-symbol,high,recomp,
0x011753D0,0x01175438,MANAGER,sub_011753D0,GAMEUTIL_is_inverse_move_direction,xff-symbol,high,recomp,
0x01175438,0x01175470,MANAGER,sub_01175438,GAMEUTIL_mul_ratio,xff-symbol,high,recomp,
0x01175470,0x01175520,MANAGER,sub_01175470,GAMEUTIL_check_and_get_normalize_vector,xff-symbol,high,recomp,
0x01175520,0x01175548,MANAGER,sub_01175520,GAMEUTIL_get_motion_kind,xff-symbol,high,recomp,
0x01175548,0x011755E0,MANAGER,sub_01175548,GAMEUTIL_get_divide_vector_value,xff-symbol,high,recomp,
0x011755E0,0x011755F4,MANAGER,sub_011755E0,GAMEUTIL_get_except_axis_vector,xff-symbol,high,recomp,
0x011755F8,0x01175638,MANAGER,sub_011755F8,GAMEUTIL_convert_from_cos_to_linear_ratio,xff-symbol,high,recomp,
0x01175638,0x01175710,MANAGER,sub_01175638,GAMEUTIL_act_axis_rot_root_quaternion,xff-symbol,high,recomp,
0x01175710,0x01175788,MANAGER,sub_01175710,GAMEUTIL_act_axis_rot_root_quaternion_abs,xff-symbol,high,recomp,
0x01175788,0x011757C0,MANAGER,sub_01175788,GAMEUTIL_get_difference_value,xff-symbol+reloc-jal,high,recomp,
0x011757C0,0x011757F8,MANAGER,sub_011757C0,GAMEUTIL_get_increase_value,xff-symbol+reloc-jal+reloc-j,high,recomp,
0x011757F8,0x01175824,MANAGER,sub_011757F8,GAMEUTIL_is_between_value,xff-symbol+reloc-jal,high,recomp,
0x01175828,0x01175858,MANAGER,sub_01175828,GAMEUTIL_is_max_input,xff-symbol,high,recomp,
0x01175858,0x01175874,MANAGER,sub_01175858,GAMEUTIL_convert_from_lw_to_game_coord,xff-symbol+reloc-jal,high,recomp,
0x01175878,0x01175904,MANAGER,sub_01175878,GAMEUTIL_increase_yaw,xff-symbol+reloc-j+reloc-jal,high,recomp,
0x01175908,0x01175928,MANAGER,sub_01175908,GAMEUTIL_increase_yaw_limit,xff-symbol,high,recomp,
0x01175928,0x01175A6C,MANAGER,sub_01175928,GAMEUTIL_increase_yaw_region,xff-symbol,high,recomp,
0x01175A70,0x01175A90,MANAGER,sub_01175A70,GAMEUTIL_increase_yaw_limit_clip,xff-symbol,high,recomp,
0x01175A90,0x01175B78,MANAGER,sub_01175A90,GAMEUTIL_increase_yaw_limit_clip_extend,xff-symbol+reloc-j,high,recomp,
0x01175B78,0x01175C0C,MANAGER,sub_01175B78,GAMEUTIL_get_limit_clip_yaw_abs,xff-symbol+reloc-j,high,recomp,
0x01175C10,0x01175D44,MANAGER,sub_01175C10,GAMEUTIL_increase_pitch,xff-symbol,high,recomp,
0x01175D48,0x01175ED0,MANAGER,sub_01175D48,GAMEUTIL_increase_pitch_limit_clip,xff-symbol,high,recomp,
0x01175ED0,0x01175F14,MANAGER,sub_01175ED0,GAMEUTIL_get_difference_yaw_and_yaw,xff-symbol+reloc-jal,high,recomp,
0x01175F18,0x0117606C,MANAGER,sub_01175F18,GAMEUTIL_get_difference_yaw_and_yaw_extend,xff-symbol,high,recomp,
0x01176070,0x0117608C,MANAGER,sub_01176070,GAMEUTIL_get_difference_pitch_and_pitch,xff-symbol+reloc-jal,high,recomp,
0x01176090,0x011760F4,MANAGER,sub_01176090,GAMEUTIL_get_move_radi_from_yaw1_to_yaw2,xff-symbol+reloc-j+reloc-jal,high,recomp,
0x011760F8,0x01176100,MANAGER,sub_011760F8,GAMEUTIL_get_move_radi_from_pitch1_to_pitch2,xff-symbol,high,recomp,
0x01176100,0x01176190,MANAGER,sub_01176100,GAMEUTIL_is_between_yaw_and_yaw,xff-symbol+reloc-jal+reloc-j,high,recomp,
0x01176190,0x011762C0,MANAGER,sub_01176190,GAMEUTIL_is_between_yaw_and_yaw_extend_abs,xff-symbol+reloc-j+reloc-jal,high,recomp,
0x011762C0,0x01176300,MANAGER,sub_011762C0,GAMEUTIL_is_between_pitch_and_pitch,xff-symbol+reloc-j,high,recomp,
0x01176300,0x011764B4,MANAGER,sub_01176300,GAMEUTIL_is_inside_of_region_yaw,xff-symbol,high,recomp,
0x011764B8,0x011765F8,MANAGER,sub_011764B8,GAMEUTIL_is_reach_aim_yaw_angle,xff-symbol+reloc-jal,high,recomp,
0x011765F8,0x011766C0,MANAGER,sub_011765F8,GAMEUTIL_is_reach_aim_pitch_angle,xff-symbol,high,recomp,
0x011766C0,0x01176840,MANAGER,sub_011766C0,GAMEUTIL_near_to_aim_yaw_angle,xff-symbol,high,recomp,
0x01176840,0x01176948,MANAGER,sub_01176840,GAMEUTIL_near_to_aim_pitch_angle,xff-symbol+reloc-jal,high,recomp,
0x01176948,0x0117695C,MANAGER,sub_01176948,GAMEUTIL_get_yaw_matrix,xff-symbol,high,recomp,
0x01176960,0x01176A60,MANAGER,sub_01176960,GAMEUTIL_get_pitch_matrix,xff-symbol,high,recomp,
0x01176A60,0x01176A9C,MANAGER,sub_01176A60,GAMEUTIL_get_direction_by_yaw,xff-symbol,high,recomp,
0x01176AA0,0x01176BDC,MANAGER,sub_01176AA0,GAMEUTIL_get_direction_by_yaw_pitch,xff-symbol+reloc-jal,high,recomp,
0x01176BE0,0x01176C24,MANAGER,sub_01176BE0,GAMEUTIL_get_yaw_by_direction,xff-symbol,high,recomp,
0x01176C28,0x01176D2C,MANAGER,sub_01176C28,GAMEUTIL_get_yaw_pitch_by_direction,xff-symbol+reloc-jal,high,recomp,
0x01176D30,0x01176D90,MANAGER,sub_01176D30,GAMEUTIL_is_yaw_pitch_get_direction,xff-symbol+reloc-jal,high,recomp,
0x01176D90,0x01176E84,MANAGER,sub_01176D90,GAMEUTIL_get_interp_yaw,xff-symbol+reloc-jal,high,recomp,
0x01176E88,0x01176F08,MANAGER,sub_01176E88,GAMEUTIL_get_pitch_radi,xff-symbol,high,recomp,
0x01176F08,0x01176FDC,MANAGER,sub_01176F08,GAMEUTIL_get_pitch_dir,xff-symbol,high,recomp,
0x01176FE0,0x011770FC,MANAGER,sub_01176FE0,GAMEUTIL_divide_yaw_pitch_dir,xff-symbol,high,recomp,
0x01177100,0x01177288,MANAGER,sub_01177100,GAMEUTIL_get_yaw_pitch_merge_dir,xff-symbol,high,recomp,
0x01177288,0x01177330,MANAGER,sub_01177288,GAMEUTIL_act_yaw_rot,xff-symbol,high,recomp,
0x01177330,0x011773C0,MANAGER,sub_01177330,GAMEUTIL_is_yaw_dir_sandwich,xff-symbol+reloc-jal,high,recomp,
0x011773C0,0x011774D8,MANAGER,sub_011773C0,GAMEUTIL_is_pitch_dir_sandwich,xff-symbol,high,recomp,
0x011774D8,0x011776E4,MANAGER,sub_011774D8,GAMEUTIL_is_yaw_dir_inside_of_region,xff-symbol+reloc-jal,high,recomp,
0x011776E8,0x011778C8,MANAGER,sub_011776E8,GAMEUTIL_is_pitch_dir_inside_of_region,xff-symbol,high,recomp,
0x011778C8,0x01177900,MANAGER,sub_011778C8,GAMEUTIL_get_difference_radi_yaw_dir,xff-symbol+reloc-jal,high,recomp,
0x01177900,0x01177940,MANAGER,sub_01177900,GAMEUTIL_get_difference_radi_pitch_dir,xff-symbol,high,recomp,
0x01177940,0x01177A08,MANAGER,sub_01177940,GAMEUTIL_get_move_radi_yaw_dir,xff-symbol,high,recomp,
0x01177A08,0x01177AF0,MANAGER,sub_01177A08,GAMEUTIL_get_move_radi_pitch_dir,xff-symbol,high,recomp,
0x01177AF0,0x01177C24,MANAGER,sub_01177AF0,GAMEUTIL_get_rot_dir_for_near_to_aim_pitch_dir,xff-symbol+reloc-jal,high,recomp,
0x01177C28,0x01177CF4,MANAGER,sub_01177C28,GAMEUTIL_is_reach_aim_yaw_dir,xff-symbol,high,recomp,
0x01177CF8,0x01177E54,MANAGER,sub_01177CF8,GAMEUTIL_is_reach_aim_pitch_dir,xff-symbol,high,recomp,
0x01177E58,0x01177F5C,MANAGER,sub_01177E58,GAMEUTIL_near_to_aim_yaw_dir,xff-symbol,high,recomp,
0x01177F60,0x01177FB4,MANAGER,sub_01177F60,GAMEUTIL_is_nearly_equal_yaw,xff-symbol,high,recomp,
0x01177FB8,0x01177FE4,MANAGER,sub_01177FB8,GAMEUTIL_is_nearly_equal_pitch,xff-symbol,high,recomp,
0x01177FE8,0x01177FF8,MANAGER,sub_01177FE8,GAMEUTIL_set_inside_check_method,xff-symbol,high,recomp,
0x01177FF8,0x011780C0,MANAGER,sub_01177FF8,GAMEUTIL_is_inside,xff-symbol,high,recomp,
0x011780C0,0x01178140,MANAGER,sub_011780C0,,reloc-jal,high,recomp,
0x01178140,0x011781E0,MANAGER,sub_01178140,,reloc-jal,high,recomp,
0x011781E0,0x01178240,MANAGER,sub_011781E0,,reloc-jal,high,recomp,
0x01178240,0x01178298,MANAGER,sub_01178240,,reloc-jal,high,recomp,
0x01178298,0x01178304,MANAGER,sub_01178298,initmanager,xff-symbol,high,recomp,
0x01178308,0x01178314,MANAGER,sub_01178308,get_fast_get_malloc_partition,xff-symbol+reloc-jal,high,recomp,
0x01178318,0x01178388,MANAGER,sub_01178318,malloc_from_src_partition,xff-symbol+reloc-jal,high,recomp,
0x01178388,0x011783B0,MANAGER,sub_01178388,malloc_from_root_partition,xff-symbol+reloc-jal,high,recomp,
0x011783B0,0x01178434,MANAGER,sub_011783B0,malloc_from_fast_get_partition,xff-symbol+reloc-jal,high,recomp,
0x01178438,0x01178440,MANAGER,sub_01178438,entrymanager,xff-symbol,high,recomp,
0x01178440,0x011784C0,MANAGER,sub_01178440,initmanagerPartitionConf,xff-symbol,high,recomp,
0x011784C0,0x01178558,MANAGER,sub_011784C0,getPartitionByName,xff-symbol,high,recomp,
0x01178558,0x01178810,MANAGER,sub_01178558,GAMEUTIL_get_spring_interpolate_value3D_extend,xff-symbol+reloc-jal,high,recomp,
0x01178810,0x01178904,MANAGER,sub_01178810,GAMEUTIL_doit_interp_ratio_cntrl,xff-symbol,high,recomp,
0x01178908,0x01178C24,MANAGER,sub_01178908,doit_double_spring_interp_cntrl,xff-symbol,high,recomp,
0x01178C28,0x01178C68,MANAGER,sub_01178C28,GAMEUTIL_get_dist_ratio,xff-symbol+reloc-jal,high,recomp,
0x01178C68,0x01178CB4,MANAGER,sub_01178C68,GAMEUTIL_get_dist_ratio_by_dist_squ,xff-symbol,high,recomp,
0x01178CB8,0x01178D8C,MANAGER,sub_01178CB8,GAMEUTIL_get_cos_ratio,xff-symbol,high,recomp,
0x01178D90,0x01178DD8,MANAGER,sub_01178D90,GAMEUTIL_get_interp_value,xff-symbol,high,recomp,
0x01178DD8,0x01178E80,MANAGER,sub_01178DD8,GAMEUTIL_get_interp_value3D,xff-symbol,high,recomp,
0x01178E80,0x01178F00,MANAGER,sub_01178E80,GAMEUTIL_get_interp_value_ratio_pow,xff-symbol,high,recomp,
0x01178F00,0x0117909C,MANAGER,sub_01178F00,GAMEUTIL_get_spring_damp_offset,xff-symbol,high,recomp,
0x011790A0,0x01179204,MANAGER,sub_011790A0,GAMEUTIL_get_spring_interpolate_offset,xff-symbol,high,recomp,
0x01179208,0x011793A0,MANAGER,sub_01179208,GAMEUTIL_get_spring_interpolate_value_extend,xff-symbol,high,recomp,
0x011793A0,0x01179598,MANAGER,sub_011793A0,GAMEUTIL_get_spring_interpolate_offset3D,xff-symbol,high,recomp,
0x01179598,0x011797C4,MANAGER,sub_01179598,GAMEUTIL_get_spring_interpolate_value3D,xff-symbol,high,recomp,
0x011797C8,0x01179804,MANAGER,sub_011797C8,GAMEUTIL_constructor_interp_ratio_cntrl,xff-symbol,high,recomp,
0x01179808,0x01179838,MANAGER,sub_01179808,GAMEUTIL_reset_interp_ratio_cntrl,xff-symbol,high,recomp,
0x01179838,0x0117984C,MANAGER,sub_01179838,GAMEUTIL_forward_timer_still_one_ratio_time_interp_ratio_cntrl,xff-symbol,high,recomp,
0x01179850,0x01179858,MANAGER,sub_01179850,GAMEUTIL_get_interp_ratio_interp_ratio_cntrl,xff-symbol,high,recomp,
0x01179858,0x01179860,MANAGER,sub_01179858,GAMEUTIL_get_interp_timer_interp_ratio_cntrl,xff-symbol,high,recomp,
0x01179860,0x01179868,MANAGER,sub_01179860,GAMEUTIL_set_act_interp_flag_interp_ratio_cntrl,xff-symbol,high,recomp,
0x01179868,0x01179870,MANAGER,sub_01179868,GAMEUTIL_set_act_max_zero_clip_flag_interp_ratio_cntrl,xff-symbol,high,recomp,
0x01179870,0x011798DC,MANAGER,sub_01179870,GAMEUTIL_set_param_interp_ratio_cntrl,xff-symbol+reloc-j,high,recomp,
0x011798E0,0x0117998C,MANAGER,sub_011798E0,GAMEUTIL_set_param_extend_interp_ratio_cntrl,xff-symbol,high,recomp,
0x01179990,0x011799B4,MANAGER,sub_01179990,GAMEUTIL_reset_interp_value_cntrl,xff-symbol,high,recomp,
0x011799B8,0x01179A64,MANAGER,sub_011799B8,GAMEUTIL_doit_interp_value_cntrl,xff-symbol,high,recomp,
0x01179A68,0x01179A70,MANAGER,sub_01179A68,GAMEUTIL_get_interp_value_interp_value_cntrl,xff-symbol+reloc-j+reloc-jal,high,recomp,
0x01179A70,0x01179A78,MANAGER,sub_01179A70,GAMEUTIL_get_hope_value_interp_value_cntrl,xff-symbol,high,recomp,
0x01179A78,0x01179A8C,MANAGER,sub_01179A78,set_param_double_spring_interp_common,xff-symbol+reloc-jal,high,recomp,
0x01179A90,0x01179AEC,MANAGER,sub_01179A90,constructor_double_spring_interp_cntrl,xff-symbol,high,recomp,
0x01179AF0,0x01179AF8,MANAGER,sub_01179AF0,set_rot_radi_value_flag_double_spring_interp_cntrl,xff-symbol,high,recomp,
0x01179AF8,0x01179B14,MANAGER,sub_01179AF8,reset_double_spring_interp_cntrl,xff-symbol,high,recomp,
0x01179B18,0x01179B5C,MANAGER,sub_01179B18,is_reach_src_value_double_spring_interp_cntrl,xff-symbol,high,recomp,
0x01179B60,0x01179C00,MANAGER,sub_01179B60,constructor_double_spring_interp_cntrl3D,xff-symbol+reloc-jal,high,recomp,
0x01179C00,0x01179C10,MANAGER,sub_01179C00,set_rot_radi_value_flag_double_spring_interp_cntrl3D,xff-symbol,high,recomp,
0x01179C10,0x01179C50,MANAGER,sub_01179C10,reset_double_spring_interp_cntrl3D,xff-symbol+reloc-jal,high,recomp,
0x01179C50,0x01179D30,MANAGER,sub_01179C50,doit_double_spring_interp_cntrl3D,xff-symbol+reloc-jal,high,recomp,
0x01179D30,0x01179DE8,MANAGER,sub_01179D30,is_reach_src_value_double_spring_interp_cntrl3D,xff-symbol,high,recomp,
0x01179DE8,0x01179E10,MANAGER,sub_01179DE8,constructor_aim_angle_interp_cntrl,xff-symbol,high,recomp,
0x01179E10,0x01179E1C,MANAGER,sub_01179E10,reset_aim_angle_interp_cntrl,xff-symbol,high,recomp,
0x01179E20,0x01179ECC,MANAGER,sub_01179E20,doit_aim_angle_interp_cntrl,xff-symbol,high,recomp,
0x01179ED0,0x01179EDC,MANAGER,sub_01179ED0,set_interp_param_aim_angle_interp_cntrl,xff-symbol,high,recomp,
0x01179EE0,0x01179F28,MANAGER,sub_01179EE0,,reloc-jal,high,recomp,
0x01179F28,0x01179FD8,MANAGER,sub_01179F28,,reloc-j,medium,recomp,
0x01179FD8,0x0117A198,MANAGER,sub_01179FD8,,reloc-jal,high,recomp,
0x0117A198,0x0117A350,MANAGER,sub_0117A198,,reloc-jal,high,recomp,
0x0117A350,0x0117A7BC,MANAGER,sub_0117A350,bgEnd,xff-symbol+reloc-jal,high,recomp,
0x0117A7C0,0x0117A920,MANAGER,sub_0117A7C0,bgDraw,xff-symbol+reloc-jal,high,recomp,
0x0117A920,0x0117A94C,MANAGER,sub_0117A920,bgBegin,xff-symbol+reloc-jal,high,recomp,
0x0117A950,0x0117A95C,MANAGER,sub_0117A950,getBgAntiLevel,xff-symbol,high,recomp,
0x0117A960,0x0117A968,MANAGER,sub_0117A960,bgInit,xff-symbol,high,recomp,
0x0117A968,0x0117ABA4,MANAGER,sub_0117A968,setBossEffectTexture,xff-symbol+reloc-jal,high,recomp,
0x0117ABA8,0x0117B3A4,MANAGER,sub_0117ABA8,bossDeathEffectBegin,xff-symbol+reloc-jal,high,recomp,
0x0117B3A8,0x0117C66C,MANAGER,sub_0117B3A8,bossDeathEffectEnd,xff-symbol+reloc-jal,high,recomp,
0x0117C670,0x0117C67C,MANAGER,sub_0117C670,getNowBossEffect,xff-symbol+reloc-jal,high,recomp,
0x0117C680,0x0117C730,MANAGER,sub_0117C680,setBossDeathEffect,xff-symbol,high,recomp,
0x0117C730,0x0117C740,MANAGER,sub_0117C730,setShadowEffect,xff-symbol+reloc-jal,high,recomp,
0x0117C740,0x0117C764,MANAGER,sub_0117C740,endBossDeathEffect,xff-symbol,high,recomp,
0x0117C768,0x0117C774,MANAGER,sub_0117C768,getBossEffectBlurLevel,xff-symbol+reloc-jal,high,recomp,
0x0117C778,0x0117C784,MANAGER,sub_0117C778,getBossEffectColorR,xff-symbol+reloc-jal,high,recomp,
0x0117C788,0x0117C794,MANAGER,sub_0117C788,getBossEffectColorG,xff-symbol+reloc-jal,high,recomp,
0x0117C798,0x0117C7A4,MANAGER,sub_0117C798,getBossEffectColorB,xff-symbol+reloc-jal,high,recomp,
0x0117C7A8,0x0117C7B4,MANAGER,sub_0117C7A8,getBossEffectBlendRatio,xff-symbol+reloc-jal,high,recomp,
0x0117C7B8,0x0117C7C4,MANAGER,sub_0117C7B8,getBossEffectOutLine,xff-symbol+reloc-jal,high,recomp,
0x0117C7C8,0x0117C868,MANAGER,sub_0117C7C8,clipBySphere,xff-symbol+reloc-jal,high,recomp,
0x0117C868,0x0117C9FC,MANAGER,sub_0117C868,clipByMinMaxCube,xff-symbol+reloc-jal,high,recomp,
0x0117CA00,0x0117CA4C,MANAGER,sub_0117CA00,getZ,xff-symbol+reloc-jal,high,recomp,
0x0117CA50,0x0117D6F8,MANAGER,sub_0117CA50,depthOfField,xff-symbol+reloc-jal,high,recomp,
0x0117D6F8,0x0117D704,MANAGER,sub_0117D6F8,getDepthOfFieldSw,xff-symbol+reloc-jal,high,recomp,
0x0117D708,0x0117D714,MANAGER,sub_0117D708,getDepthOfFieldLevel,xff-symbol+reloc-jal,high,recomp,
0x0117D718,0x0117D724,MANAGER,sub_0117D718,getDepthOfFieldPlanes,xff-symbol+reloc-jal,high,recomp,
0x0117D728,0x0117D734,MANAGER,sub_0117D728,getDepthOfFieldNearZ,xff-symbol+reloc-jal,high,recomp,
0x0117D738,0x0117D878,MANAGER,sub_0117D738,,reloc-j+reloc-jal,medium,recomp,
0x0117D878,0x0117DF50,MANAGER,sub_0117D878,,reloc-jal,high,recomp,
0x0117DF50,0x0117E0EC,MANAGER,sub_0117DF50,effectSet,xff-symbol+reloc-jal,high,recomp,
0x0117E0F0,0x0117E114,MANAGER,sub_0117E0F0,fsEffectSetParam,xff-symbol+reloc-jal+reloc-j,high,recomp,
0x0117E118,0x0117E198,MANAGER,sub_0117E118,fsEffectSetParamSheetSeg,xff-symbol,high,recomp,
0x0117E198,0x0117E1A4,MANAGER,sub_0117E198,fogEffectSetParam,xff-symbol,high,recomp,
0x0117E1A8,0x0117E218,MANAGER,sub_0117E1A8,effectReset,xff-symbol+reloc-jal,high,recomp,
0x0117E218,0x0117E290,MANAGER,sub_0117E218,fsEffectCreateSetScript,xff-symbol,high,recomp,
0x0117E290,0x0117E370,MANAGER,sub_0117E290,fsEffectCreateSetScriptSheetSeg,xff-symbol,high,recomp,
0x0117E370,0x0117E41C,MANAGER,sub_0117E370,fsEffectCreateSetScriptWithPlayMode,xff-symbol+reloc-jal,high,recomp,
0x0117E420,0x0117E4EC,MANAGER,sub_0117E420,fsEffectManagerSetDemoParam,xff-symbol,high,recomp,
0x0117E4F0,0x0117E50C,MANAGER,sub_0117E4F0,fsEffectReset,xff-symbol,high,recomp,
0x0117E510,0x0117E55C,MANAGER,sub_0117E510,fsEffectDefault,xff-symbol+reloc-j+reloc-jal,high,recomp,
0x0117E560,0x0117E624,MANAGER,sub_0117E560,fsEffectManagerInit,xff-symbol,high,recomp,
0x0117E628,0x0117E7BC,MANAGER,sub_0117E628,initFsEffect,xff-symbol,high,recomp,
0x0117E7C0,0x0117E7C8,MANAGER,sub_0117E7C0,deleteFsEffect,xff-symbol,high,recomp,
0x0117E7C8,0x0117E914,MANAGER,sub_0117E7C8,initFogEffect,xff-symbol,high,recomp,
0x0117E918,0x0117E920,MANAGER,sub_0117E918,deleteFogEffect,xff-symbol,high,recomp,
0x0117E920,0x0117E960,MANAGER,sub_0117E920,getCurrentFsEffect,xff-symbol,high,recomp,
0x0117E960,0x0117E9B0,MANAGER,sub_0117E960,,reloc-la,high,recomp,
0x0117E9B0,0x0117E9E0,MANAGER,sub_0117E9B0,,reloc-la,high,recomp,
0x0117E9E0,0x0117EA38,MANAGER,sub_0117E9E0,,reloc-la,high,recomp,
0x0117EA38,0x0117ED68,MANAGER,sub_0117EA38,foginterp,xff-symbol+reloc-jal,high,recomp,
0x0117ED68,0x0117EF40,MANAGER,sub_0117ED68,setFogImmediate,xff-symbol+reloc-j,high,recomp,
0x0117EF40,0x0117EF4C,MANAGER,sub_0117EF40,GetNowFogColorR,xff-symbol,high,recomp,
0x0117EF50,0x0117EF5C,MANAGER,sub_0117EF50,GetNowFogColorG,xff-symbol,high,recomp,
0x0117EF60,0x0117EF6C,MANAGER,sub_0117EF60,GetNowFogColorB,xff-symbol,high,recomp,
0x0117EF70,0x0117EF7C,MANAGER,sub_0117EF70,getFogMode,xff-symbol+reloc-jal,high,recomp,
0x0117EF80,0x0117EF8C,MANAGER,sub_0117EF80,getFogNearDist,xff-symbol+reloc-jal,high,recomp,
0x0117EF90,0x0117EF9C,MANAGER,sub_0117EF90,getFogFarDist,xff-symbol+reloc-jal,high,recomp,
0x0117EFA0,0x0117EFAC,MANAGER,sub_0117EFA0,getFogNearRate,xff-symbol+reloc-jal,high,recomp,
0x0117EFB0,0x0117EFBC,MANAGER,sub_0117EFB0,getFogFarRate,xff-symbol+reloc-jal,high,recomp,
0x0117EFC0,0x0117EFCC,MANAGER,sub_0117EFC0,getFogRate,xff-symbol,high,recomp,
0x0117EFD0,0x0117EFDC,MANAGER,sub_0117EFD0,getFogOffset,xff-symbol+reloc-jal,high,recomp,
0x0117EFE0,0x0117EFEC,MANAGER,sub_0117EFE0,getFogUnderWater,xff-symbol+reloc-jal,high,recomp,
0x0117EFF0,0x0117EFFC,MANAGER,sub_0117EFF0,getFogColorR,xff-symbol+reloc-jal,high,recomp,
0x0117F000,0x0117F00C,MANAGER,sub_0117F000,getFogColorG,xff-symbol+reloc-jal,high,recomp,
0x0117F010,0x0117F01C,MANAGER,sub_0117F010,getFogColorB,xff-symbol+reloc-jal,high,recomp,
0x0117F020,0x0117F034,MANAGER,sub_0117F020,changeFogParam,xff-symbol+reloc-j,high,recomp,
0x0117F038,0x0117F0A0,MANAGER,sub_0117F038,SetAndLockBgColor,xff-symbol,high,recomp,
0x0117F0A0,0x0117F0AC,MANAGER,sub_0117F0A0,UnlockBgColor,xff-symbol,high,recomp,
0x0117F0B0,0x0117F114,MANAGER,sub_0117F0B0,SeemlessInitFogTargetParamWorldLayout,xff-symbol,high,recomp,
0x0117F118,0x0117F1D8,MANAGER,sub_0117F118,setFogParamDefault,xff-symbol,high,recomp,
0x0117F1D8,0x0117F1E4,MANAGER,sub_0117F1D8,fogSetFogColorMulRatio,xff-symbol,high,recomp,
0x0117F1E8,0x0117F224,MANAGER,sub_0117F1E8,getFogFactor0,xff-symbol+reloc-jal,high,recomp,
0x0117F228,0x0117F270,MANAGER,sub_0117F228,getFogFactor1,xff-symbol+reloc-jal,high,recomp,
0x0117F270,0x0117F4C8,MANAGER,sub_0117F270,feedbackBlur,xff-symbol,high,recomp,
0x0117F4C8,0x0117F754,MANAGER,sub_0117F4C8,feedbackBlur2,xff-symbol+reloc-jal,high,recomp,
0x0117F758,0x0117F8FC,MANAGER,sub_0117F758,screenBrightness,xff-symbol+reloc-jal,high,recomp,
0x0117F900,0x0117FA7C,MANAGER,sub_0117F900,drawFrontFog,xff-symbol+reloc-jal,high,recomp,
0x0117FA80,0x0117FBFC,MANAGER,sub_0117FA80,fadeScreen,xff-symbol,high,recomp,
0x0117FC00,0x0117FDF4,MANAGER,sub_0117FC00,drawDemoBar,xff-symbol,high,recomp,
0x0117FDF8,0x0118077C,MANAGER,sub_0117FDF8,screenBlur,xff-symbol+reloc-jal,high,recomp,
0x01180780,0x01180800,MANAGER,sub_01180780,GetBlurRadius,xff-symbol+reloc-jal,high,recomp,
0x01180800,0x01180FD4,MANAGER,sub_01180800,cameraBlur,xff-symbol+reloc-jal,high,recomp,
0x01180FD8,0x01180FE4,MANAGER,sub_01180FD8,skipBlur,xff-symbol+reloc-jal,high,recomp,
0x01180FE8,0x0118102C,MANAGER,sub_01180FE8,setFadeColor,xff-symbol,high,recomp,
0x01181030,0x0118103C,MANAGER,sub_01181030,setFadeLayer,xff-symbol,high,recomp,
0x01181040,0x011810A0,MANAGER,sub_01181040,cameraBlurClearIntensityArray,xff-symbol+reloc-jal,high,recomp,
0x011810A0,0x011810AC,MANAGER,sub_011810A0,getCameraBlurSw,xff-symbol+reloc-jal,high,recomp,
0x011810B0,0x011810BC,MANAGER,sub_011810B0,getBlurAlsoChara,xff-symbol+reloc-jal,high,recomp,
0x011810C0,0x011810CC,MANAGER,sub_011810C0,getBlurWorkSize,xff-symbol+reloc-jal,high,recomp,
0x011810D0,0x011810DC,MANAGER,sub_011810D0,getNBlurPlanes,xff-symbol+reloc-jal,high,recomp,
0x011810E0,0x011810EC,MANAGER,sub_011810E0,getBlurIntensity,xff-symbol+reloc-jal,high,recomp,
0x011810F0,0x011810FC,MANAGER,sub_011810F0,getBlurZBase,xff-symbol+reloc-jal,high,recomp,
0x01181100,0x0118110C,MANAGER,sub_01181100,getBlurMinThreshold,xff-symbol+reloc-jal,high,recomp,
0x01181110,0x0118111C,MANAGER,sub_01181110,getBlurMaxThreshold,xff-symbol+reloc-jal,high,recomp,
0x01181120,0x0118112C,MANAGER,sub_01181120,getBlurShutterSpeed,xff-symbol+reloc-jal,high,recomp,
0x01181130,0x0118113C,MANAGER,sub_01181130,getBlurXYZRatio,xff-symbol+reloc-jal,high,recomp,
0x01181140,0x0118114C,MANAGER,sub_01181140,getBlurCamMoveThreshold,xff-symbol+reloc-jal,high,recomp,
0x01181150,0x011811AC,MANAGER,sub_01181150,getBankAngle,xff-symbol,high,recomp,
0x011811B0,0x01181414,MANAGER,sub_011811B0,glBeginWithDlLayerNo,xff-symbol+reloc-jal+reloc-j,high,recomp,
0x01181418,0x01181800,MANAGER,sub_01181418,,reloc-jal,high,recomp,
0x01181800,0x01181C50,MANAGER,sub_01181800,,reloc-jal,high,recomp,
0x01181C50,0x01182038,MANAGER,sub_01181C50,,reloc-jal,high,recomp,
0x01182038,0x011823F8,MANAGER,sub_01182038,,reloc-jal,high,recomp,
0x011823F8,0x011826D8,MANAGER,sub_011823F8,,reloc-jal,high,recomp,
0x011826D8,0x011827C8,MANAGER,sub_011826D8,glEnd,xff-symbol+reloc-jal+reloc-j,high,recomp,
0x011827C8,0x01182904,MANAGER,sub_011827C8,glBlendFunc,xff-symbol+reloc-jal,high,recomp,
0x01182908,0x011829D0,MANAGER,sub_01182908,glBlendFuncParticle,xff-symbol+reloc-jal,high,recomp,
0x011829D0,0x01182AF0,MANAGER,sub_011829D0,,reloc-jal,high,recomp,
0x01182AF0,0x01182DA8,MANAGER,sub_01182AF0,,reloc-jal,high,recomp,
0x01182DA8,0x01183500,MANAGER,sub_01182DA8,,reloc-j,medium,recomp,
0x01183500,0x01183930,MANAGER,sub_01183500,glRotatef,xff-symbol,high,recomp,
0x01183930,0x011839CC,MANAGER,sub_01183930,glReset,xff-symbol+reloc-jal,high,recomp,
0x011839D0,0x01183AC0,MANAGER,sub_011839D0,glEnable,xff-symbol+reloc-jal,high,recomp,
0x01183AC0,0x01183BA0,MANAGER,sub_01183AC0,glDisable,xff-symbol+reloc-jal,high,recomp,
0x01183BA0,0x01183BA8,MANAGER,sub_01183BA0,glMatrixMode,xff-symbol,high,recomp,
0x01183BA8,0x01183BD4,MANAGER,sub_01183BA8,glBegin,xff-symbol+reloc-jal,high,recomp,
0x01183BD8,0x01183C68,MANAGER,sub_01183BD8,glNormal3f,xff-symbol,high,recomp,
0x01183C68,0x01183D14,MANAGER,sub_01183C68,glNormal3fv,xff-symbol,high,recomp,
0x01183D18,0x01183DA8,MANAGER,sub_01183D18,glNormal4f,xff-symbol,high,recomp,
0x01183DA8,0x01183E28,MANAGER,sub_01183DA8,glNormal4fv,xff-symbol,high,recomp,
0x01183E28,0x01183EA8,MANAGER,sub_01183E28,glColor3f,xff-symbol,high,recomp,
0x01183EA8,0x01183F30,MANAGER,sub_01183EA8,glColor3fv,xff-symbol,high,recomp,
0x01183F30,0x01183FB0,MANAGER,sub_01183F30,glColor4f,xff-symbol+reloc-jal,high,recomp,
0x01183FB0,0x01184040,MANAGER,sub_01183FB0,glColor4fv,xff-symbol+reloc-jal,high,recomp,
0x01184040,0x01184064,MANAGER,sub_01184040,glTexCoord2f,xff-symbol+reloc-jal,high,recomp,
0x01184068,0x01184094,MANAGER,sub_01184068,glTexCoord2fv,xff-symbol+reloc-jal,high,recomp,
0x01184098,0x01184128,MANAGER,sub_01184098,glVertex2f,xff-symbol+reloc-jal,high,recomp,
0x01184128,0x0118419C,MANAGER,sub_01184128,glVertex2fv,xff-symbol,high,recomp,
0x011841A0,0x01184234,MANAGER,sub_011841A0,glVertex3f,xff-symbol+reloc-jal,high,recomp,
0x01184238,0x01184280,MANAGER,sub_01184238,glVertex3fv,xff-symbol+reloc-jal,high,recomp,
0x01184280,0x01184318,MANAGER,sub_01184280,glVertex4f,xff-symbol,high,recomp,
0x01184318,0x01184360,MANAGER,sub_01184318,glVertex4fv,xff-symbol+reloc-jal,high,recomp,
0x01184360,0x011843B8,MANAGER,sub_01184360,glGetColor,xff-symbol,high,recomp,
0x011843B8,0x011843C4,MANAGER,sub_011843B8,glGetZTest,xff-symbol,high,recomp,
0x011843C8,0x011843EC,MANAGER,sub_011843C8,glLoadIdentity,xff-symbol,high,recomp,
0x011843F0,0x01184420,MANAGER,sub_011843F0,glLoadMatrixf,xff-symbol+reloc-jal,high,recomp,
0x01184420,0x0118444C,MANAGER,sub_01184420,glGetMatrixf,xff-symbol,high,recomp,
0x01184450,0x011844B0,MANAGER,sub_01184450,glPushMatrix,xff-symbol,high,recomp,
0x011844B0,0x011844D0,MANAGER,sub_011844B0,glPopMatrix,xff-symbol,high,recomp,
0x011844D0,0x0118453C,MANAGER,sub_011844D0,glTranslatef,xff-symbol,high,recomp,
0x01184540,0x01184628,MANAGER,sub_01184540,glScalef,xff-symbol,high,recomp,
0x01184628,0x01184774,MANAGER,sub_01184628,glRotatex,xff-symbol,high,recomp,
0x01184778,0x011848CC,MANAGER,sub_01184778,glRotatey,xff-symbol,high,recomp,
0x011848D0,0x01184A24,MANAGER,sub_011848D0,glRotatez,xff-symbol,high,recomp,
0x01184A28,0x01184A34,MANAGER,sub_01184A28,glZOffset,xff-symbol+reloc-jal,high,recomp,
0x01184A38,0x01184A64,MANAGER,sub_01184A38,glSetReg,xff-symbol+reloc-jal,high,recomp,
0x01184A68,0x01184A94,MANAGER,sub_01184A68,glGetCurrentMatrix,xff-symbol,high,recomp,
0x01184A98,0x01184ACC,MANAGER,sub_01184A98,glLightVector,xff-symbol,high,recomp,
0x01184AD0,0x01184AF0,MANAGER,sub_01184AD0,glSetLightVector,xff-symbol+reloc-jal,high,recomp,
0x01184AF0,0x01184B10,MANAGER,sub_01184AF0,glSetLightColor,xff-symbol+reloc-jal,high,recomp,
0x01184B10,0x01184B90,MANAGER,sub_01184B10,gluSetWrapMode,xff-symbol+reloc-jal+reloc-j,high,recomp,
0x01184B90,0x01184BA4,MANAGER,sub_01184B90,iosgluGetCameraContext,xff-symbol+reloc-jal,high,recomp,
0x01184BA8,0x01184C80,MANAGER,sub_01184BA8,glSetFogFactor,xff-symbol+reloc-jal,high,recomp,
0x01184C80,0x01184C8C,MANAGER,sub_01184C80,glSetFogFactorDirect,xff-symbol+reloc-jal,high,recomp,
0x01184C90,0x01184CEC,MANAGER,sub_01184C90,gluGetLookAtPosition,xff-symbol+reloc-jal,high,recomp,
0x01184CF0,0x01184D90,MANAGER,sub_01184CF0,iosgluGetViewCoordPosition,xff-symbol+reloc-jal,high,recomp,
0x01184D90,0x01184E30,MANAGER,sub_01184D90,gluGetCameraSpaceXYZ,xff-symbol,high,recomp,
0x01184E30,0x01184E54,MANAGER,sub_01184E30,gluUpdateCameraContext,xff-symbol,high,recomp,
0x01184E58,0x01184EA0,MANAGER,sub_01184E58,gluGetBrightness,xff-symbol+reloc-jal,high,recomp,
0x01184EA0,0x01184EA8,MANAGER,sub_01184EA0,printGifTag,xff-symbol,high,recomp,
0x01184EA8,0x01184EB0,MANAGER,sub_01184EA8,printPrimReg,xff-symbol,high,recomp,
0x01184EB0,0x01184EBC,MANAGER,sub_01184EB0,glGetZWrite,xff-symbol,high,recomp,
0x01184EC0,0x01184ECC,MANAGER,sub_01184EC0,glGetLineSmooth,xff-symbol,high,recomp,
0x01184ED0,0x01184F20,MANAGER,sub_01184ED0,,reloc-jal,high,recomp,
0x01184F20,0x01184F28,MANAGER,sub_01184F20,setv3f,xff-symbol+reloc-jal,high,recomp,
0x01184F28,0x01184F50,MANAGER,sub_01184F28,glResetWithLayerNo,xff-symbol,high,recomp,
0x01184F50,0x0118507C,MANAGER,sub_01184F50,graphFrameFinish,xff-symbol,high,recomp,
0x01185080,0x01185198,MANAGER,sub_01185080,graphFrameBufferReInitialize,xff-symbol,high,recomp,
0x01185198,0x011851A8,MANAGER,sub_01185198,LockFullScreenEffect,xff-symbol,high,recomp,
0x011851A8,0x011851B4,MANAGER,sub_011851A8,UnlockFullScreenEffect,xff-symbol,high,recomp,
0x011851B8,0x01185244,MANAGER,sub_011851B8,graphSetFogParam,xff-symbol+reloc-jal,high,recomp,
0x01185248,0x01185254,MANAGER,sub_01185248,getMBlur,xff-symbol+reloc-jal,high,recomp,
0x01185258,0x01185264,MANAGER,sub_01185258,setMBlur,xff-symbol,high,recomp,
0x01185268,0x01185274,MANAGER,sub_01185268,getBrightness,xff-symbol,high,recomp,
0x01185278,0x01185290,MANAGER,sub_01185278,graphFrameBufferReInitializeRequest,xff-symbol,high,recomp,
0x01185290,0x0118536C,MANAGER,sub_01185290,graphFrameInit,xff-symbol,high,recomp,
0x01185370,0x011853F4,MANAGER,sub_01185370,graphFsEffectReset,xff-symbol+reloc-jal,high,recomp,
0x011853F8,0x011854E4,MANAGER,sub_011853F8,graphInit,xff-symbol,high,recomp,
0x011854E8,0x011854F4,MANAGER,sub_011854E8,getFullScreenEffect,xff-symbol,high,recomp,
0x011854F8,0x01185504,MANAGER,sub_011854F8,getFBOfsU,xff-symbol,high,recomp,
0x01185508,0x01185514,MANAGER,sub_01185508,getFBOfsV,xff-symbol,high,recomp,
0x01185518,0x01185524,MANAGER,sub_01185518,getFBOfsX,xff-symbol,high,recomp,
0x01185528,0x01185534,MANAGER,sub_01185528,getFBOfsY,xff-symbol,high,recomp,
0x01185538,0x01185584,MANAGER,sub_01185538,graphInitLayer,xff-symbol,high,recomp,
0x01185588,0x01185608,MANAGER,sub_01185588,graphInitAllLayer,xff-symbol,high,recomp,
0x01185608,0x01185850,MANAGER,sub_01185608,,reloc-jal,high,recomp,
0x01185850,0x01185C48,MANAGER,sub_01185850,,reloc-jal,high,recomp,
0x01185C48,0x01186130,MANAGER,sub_01185C48,,reloc-jal,high,recomp,
0x01186130,0x01186280,MANAGER,sub_01186130,kPrintf,xff-symbol+reloc-jal,high,recomp,
0x01186280,0x011863D0,MANAGER,sub_01186280,kPrintfScale,xff-symbol+reloc-jal,high,recomp,
0x011863D0,0x0118654C,MANAGER,sub_011863D0,kPrintfAsSprite,xff-symbol,high,recomp,
0x01186550,0x011866A0,MANAGER,sub_01186550,kprintfSJIS,xff-symbol,high,recomp,
0x011866A0,0x01186754,MANAGER,sub_011866A0,kprintfContext,xff-symbol+reloc-jal,high,recomp,
0x01186758,0x011868B4,MANAGER,sub_01186758,kprintfContextCentering,xff-symbol+reloc-jal+reloc-j,high,recomp,
0x011868B8,0x0118696C,MANAGER,sub_011868B8,kprintfContextSJIS,xff-symbol,high,recomp,
0x01186970,0x01186AB8,MANAGER,sub_01186970,,reloc-jal,high,recomp,
0x01186AB8,0x01186D9C,MANAGER,sub_01186AB8,kInit,xff-symbol+reloc-jal,high,recomp,
0x01186DA0,0x01186DAC,MANAGER,sub_01186DA0,kSetTex,xff-symbol+reloc-jal,high,recomp,
0x01186DB0,0x01186DD0,MANAGER,sub_01186DB0,kColor,xff-symbol+reloc-jal,high,recomp,
0x01186DD0,0x01186E7C,MANAGER,sub_01186DD0,iosInitKPrintfContext,xff-symbol+reloc-jal,high,recomp,
0x01186E80,0x01186FB8,MANAGER,sub_01186E80,iosInitKPrintfContext3D,xff-symbol+reloc-jal,high,recomp,
0x01186FB8,0x01186FD0,MANAGER,sub_01186FB8,iosSetKPrintfColorContext,xff-symbol,high,recomp,
0x01186FD0,0x01186FE4,MANAGER,sub_01186FD0,iosSetKPrintfLocateContext,xff-symbol+reloc-jal,high,recomp,
0x01186FE8,0x0118701C,MANAGER,sub_01186FE8,iosSetKPrintfLocateContextRelativePosition,xff-symbol,high,recomp,
0x01187020,0x01187028,MANAGER,sub_01187020,iosSetKPrintfDynamicsContext,xff-symbol,high,recomp,
0x01187028,0x01187030,MANAGER,sub_01187028,iosSetKPrintfDlContext,xff-symbol,high,recomp,
0x01187030,0x01187038,MANAGER,sub_01187030,iosSetKPrintfScaleContext,xff-symbol,high,recomp,
0x01187038,0x01187044,MANAGER,sub_01187038,getFontBoard,xff-symbol+reloc-jal,high,recomp,
0x01187048,0x01187200,MANAGER,sub_01187048,,reloc-j,medium,recomp,
0x01187200,0x0118734C,MANAGER,sub_01187200,setLightParam,xff-symbol,high,recomp,
0x01187350,0x011874D4,MANAGER,sub_01187350,setLight,xff-symbol+reloc-jal,high,recomp,
0x011874D8,0x01187B14,MANAGER,sub_011874D8,getAmbientColorC,xff-symbol+reloc-jal,high,recomp,
0x01187B18,0x01187B24,MANAGER,sub_01187B18,getSpecularity,xff-symbol+reloc-jal,high,recomp,
0x01187B28,0x01187B34,MANAGER,sub_01187B28,setSpecularity,xff-symbol,high,recomp,
0x01187B38,0x01187B7C,MANAGER,sub_01187B38,getAmbientColor,xff-symbol,high,recomp,
0x01187B80,0x01187B8C,MANAGER,sub_01187B80,lightsw0,xff-symbol,high,recomp,
0x01187B90,0x01187B9C,MANAGER,sub_01187B90,getlc0_r,xff-symbol,high,recomp,
0x01187BA0,0x01187BAC,MANAGER,sub_01187BA0,getlc0_g,xff-symbol,high,recomp,
0x01187BB0,0x01187BBC,MANAGER,sub_01187BB0,getlc0_b,xff-symbol,high,recomp,
0x01187BC0,0x01187BCC,MANAGER,sub_01187BC0,getlv0_h,xff-symbol,high,recomp,
0x01187BD0,0x01187BDC,MANAGER,sub_01187BD0,getlv0_p,xff-symbol,high,recomp,
0x01187BE0,0x01187BEC,MANAGER,sub_01187BE0,getlv0_b,xff-symbol,high,recomp,
0x01187BF0,0x01187BFC,MANAGER,sub_01187BF0,lightsw1,xff-symbol,high,recomp,
0x01187C00,0x01187C0C,MANAGER,sub_01187C00,getlc1_r,xff-symbol,high,recomp,
0x01187C10,0x01187C1C,MANAGER,sub_01187C10,getlc1_g,xff-symbol,high,recomp,
0x01187C20,0x01187C2C,MANAGER,sub_01187C20,getlc1_b,xff-symbol,high,recomp,
0x01187C30,0x01187C3C,MANAGER,sub_01187C30,getlv1_h,xff-symbol,high,recomp,
0x01187C40,0x01187C4C,MANAGER,sub_01187C40,getlv1_p,xff-symbol,high,recomp,
0x01187C50,0x01187C5C,MANAGER,sub_01187C50,getlv1_b,xff-symbol,high,recomp,
0x01187C60,0x01187C6C,MANAGER,sub_01187C60,lightsw2,xff-symbol,high,recomp,
0x01187C70,0x01187C7C,MANAGER,sub_01187C70,getlc2_r,xff-symbol,high,recomp,
0x01187C80,0x01187C8C,MANAGER,sub_01187C80,getlc2_g,xff-symbol,high,recomp,
0x01187C90,0x01187C9C,MANAGER,sub_01187C90,getlc2_b,xff-symbol,high,recomp,
0x01187CA0,0x01187CAC,MANAGER,sub_01187CA0,getlv2_h,xff-symbol,high,recomp,
0x01187CB0,0x01187CBC,MANAGER,sub_01187CB0,getlv2_p,xff-symbol,high,recomp,
0x01187CC0,0x01187CCC,MANAGER,sub_01187CC0,getlv2_b,xff-symbol,high,recomp,
0x01187CD0,0x01187CDC,MANAGER,sub_01187CD0,lightsw3,xff-symbol,high,recomp,
0x01187CE0,0x01187CEC,MANAGER,sub_01187CE0,getamb_r,xff-symbol,high,recomp,
0x01187CF0,0x01187CFC,MANAGER,sub_01187CF0,getamb_g,xff-symbol,high,recomp,
0x01187D00,0x01187D0C,MANAGER,sub_01187D00,getamb_b,xff-symbol,high,recomp,
0x01187D10,0x01187D24,MANAGER,sub_01187D10,setLightParamDefault,xff-symbol,high,recomp,
0x01187D28,0x01187E38,MANAGER,sub_01187D28,rotLightVector,xff-symbol+reloc-jal,high,recomp,
0x01187E38,0x01187E54,MANAGER,sub_01187E38,CopyAmbFromAmbdef,xff-symbol,high,recomp,
0x01187E58,0x01187E8C,MANAGER,sub_01187E58,getLightVector,xff-symbol,high,recomp,
0x01187E90,0x011882D0,MANAGER,sub_01187E90,debugLineObjectCreateAndSetAttributreIfChange,xff-symbol,high,recomp,
0x011882D0,0x011885F8,MANAGER,sub_011882D0,lineObjectCreatef,xff-symbol+reloc-jal,high,recomp,
0x011885F8,0x01188B5C,MANAGER,sub_011885F8,lineObjectDispImmediate,xff-symbol,high,recomp,
0x01188B60,0x01188D28,MANAGER,sub_01188B60,,reloc-data-ptr,high,recomp,
0x01188D28,0x01188EF0,MANAGER,sub_01188D28,,reloc-data-ptr,high,recomp,
0x01188EF0,0x011890B0,MANAGER,sub_01188EF0,,reloc-data-ptr,high,recomp,
0x011890B0,0x011892E8,MANAGER,sub_011890B0,,reloc-data-ptr,high,recomp,
0x011892E8,0x011894F8,MANAGER,sub_011892E8,,reloc-data-ptr,high,recomp,
0x011894F8,0x01189978,MANAGER,sub_011894F8,,reloc-data-ptr,high,recomp,
0x01189978,0x01189DF0,MANAGER,sub_01189978,,reloc-data-ptr,high,recomp,
0x01189DF0,0x0118A238,MANAGER,sub_01189DF0,,reloc-data-ptr,high,recomp,
0x0118A238,0x0118A4B0,MANAGER,sub_0118A238,,reloc-data-ptr,high,recomp,
0x0118A4B0,0x0118A718,MANAGER,sub_0118A4B0,,reloc-data-ptr,high,recomp,
0x0118A718,0x0118A8F0,MANAGER,sub_0118A718,,reloc-data-ptr,high,recomp,
0x0118A8F0,0x0118AAC8,MANAGER,sub_0118A8F0,,reloc-data-ptr,high,recomp,
0x0118AAC8,0x0118ACA0,MANAGER,sub_0118AAC8,,reloc-data-ptr,high,recomp,
0x0118ACA0,0x0118AFC0,MANAGER,sub_0118ACA0,lineObjectFlip,xff-symbol,high,recomp,
0x0118AFC0,0x0118AFE4,MANAGER,sub_0118AFC0,debugLineObjectSetup,xff-symbol,high,recomp,
0x0118AFE8,0x0118B040,MANAGER,sub_0118AFE8,debugLineObjectSetAttribute,xff-symbol,high,recomp,
0x0118B040,0x0118B2C4,MANAGER,sub_0118B040,debugLineObjectCreateAttributre,xff-symbol,high,recomp,
0x0118B2C8,0x0118B41C,MANAGER,sub_0118B2C8,debugLineObjectSetMatrix,xff-symbol,high,recomp,
0x0118B420,0x0118B5C8,MANAGER,sub_0118B420,debugLineObjectSetBillboardMatrix,xff-symbol,high,recomp,
0x0118B5C8,0x0118B608,MANAGER,sub_0118B5C8,debugLineObjectDisp,xff-symbol,high,recomp,
0x0118B608,0x0118B8D8,MANAGER,sub_0118B608,lineObjectDispImmediatef,xff-symbol,high,recomp,
0x0118B8D8,0x0118BBD0,MANAGER,sub_0118B8D8,lineObjectCreate,xff-symbol,high,recomp,
0x0118BBD0,0x0118BBE4,MANAGER,sub_0118BBD0,lineObjectDelete,xff-symbol,high,recomp,
0x0118BBE8,0x0118BC6C,MANAGER,sub_0118BBE8,lineObjectInit,xff-symbol+reloc-jal,high,recomp,
0x0118BC70,0x0118BC78,MANAGER,sub_0118BC70,,reloc-la,high,recomp,
0x0118BC78,0x0118BEE8,MANAGER,sub_0118BC78,,reloc-jal,high,recomp,
0x0118BEE8,0x0118C124,MANAGER,sub_0118BEE8,modelCreatePacketTransPacket,xff-symbol+reloc-jal,high,recomp,
0x0118C128,0x0118C23C,MANAGER,sub_0118C128,modelGetDlLayer,xff-symbol+reloc-jal+reloc-j,high,recomp,
0x0118C240,0x0118C638,MANAGER,sub_0118C240,modelInitDispModelClass,xff-symbol+reloc-jal,high,recomp,
0x0118C638,0x0118C7F0,MANAGER,sub_0118C638,modelReInitialize,xff-symbol+reloc-j,high,recomp,
0x0118C7F0,0x0118D67C,MANAGER,sub_0118C7F0,modelDisp,xff-symbol+reloc-jal,high,recomp,
0x0118D680,0x0118DB50,MANAGER,sub_0118D680,,reloc-jal,high,recomp,
0x0118DB50,0x0118E02C,MANAGER,sub_0118DB50,modelClipSkin,xff-symbol+reloc-jal,high,recomp,
0x0118E030,0x0118E4CC,MANAGER,sub_0118E030,modelClipSolid,xff-symbol+reloc-jal,high,recomp,
0x0118E4D0,0x0118E648,MANAGER,sub_0118E4D0,,reloc-jal,high,recomp,
0x0118E648,0x0118EB68,MANAGER,sub_0118E648,,reloc-j,medium,recomp,
0x0118EB68,0x0118EB80,MANAGER,sub_0118EB68,modelResetSurface,xff-symbol+reloc-jal,high,recomp,
0x0118EB80,0x0118EBBC,MANAGER,sub_0118EB80,modelResetLayer,xff-symbol,high,recomp,
0x0118EBC0,0x0118EBCC,MANAGER,sub_0118EBC0,modelNameByObj,xff-symbol,high,recomp,
0x0118EBD0,0x0118EBD8,MANAGER,sub_0118EBD0,modelNameByHeader,xff-symbol,high,recomp,
0x0118EBD8,0x0118ED00,MANAGER,sub_0118EBD8,modelSetMatrixTransTag,xff-symbol+reloc-jal,high,recomp,
0x0118ED00,0x0118ED14,MANAGER,sub_0118ED00,modelGetTextureObjByIndex,xff-symbol,high,recomp,
0x0118ED18,0x0118ED30,MANAGER,sub_0118ED18,modelGetTextureResourceByIndex,xff-symbol,high,recomp,
0x0118ED30,0x0118ED6C,MANAGER,sub_0118ED30,modelDeleteDispModelClass,xff-symbol+reloc-jal,high,recomp,
0x0118ED70,0x0118ED84,MANAGER,sub_0118ED70,modelGetLinkCount,xff-symbol,high,recomp,
0x0118ED88,0x0118EDBC,MANAGER,sub_0118ED88,modelIncLinkCount,xff-symbol,high,recomp,
0x0118EDC0,0x0118EDF4,MANAGER,sub_0118EDC0,modelDecLinkCount,xff-symbol,high,recomp,
0x0118EDF8,0x0118EE1C,MANAGER,sub_0118EDF8,modelGetWorkSize,xff-symbol+reloc-la+reloc-jal,high,recomp,
0x0118EE20,0x0118EEF0,MANAGER,sub_0118EE20,modelInitialize,xff-symbol+reloc-jal,high,recomp,
0x0118EEF0,0x0118EEF8,MANAGER,sub_0118EEF0,modelGetName,xff-symbol+reloc-j,high,recomp,
0x0118EEF8,0x0118EF04,MANAGER,sub_0118EEF8,SetDisplayModelNearClippingSwitch,xff-symbol,high,recomp,
0x0118EF08,0x0118F02C,MANAGER,sub_0118EF08,modelSetSurface,xff-symbol+reloc-jal,high,recomp,
0x0118F030,0x0118F058,MANAGER,sub_0118F030,modelGetDlLayerIndex,xff-symbol+reloc-jal,high,recomp,
0x0118F058,0x0118F120,MANAGER,sub_0118F058,modelSetEnviroment,xff-symbol+reloc-jal,high,recomp,
0x0118F120,0x0118F1A0,MANAGER,sub_0118F120,modelInit,xff-symbol+reloc-jal,high,recomp,
0x0118F1A0,0x0118F1A8,MANAGER,sub_0118F1A0,ModelDispGetWorkSize,xff-symbol+reloc-jal,high,recomp,
0x0118F1A8,0x0118F3F0,MANAGER,sub_0118F1A8,,reloc-jal,high,recomp,
0x0118F3F0,0x0118F5A0,MANAGER,sub_0118F3F0,,reloc-jal,high,recomp,
0x0118F5A0,0x0118F6D8,MANAGER,sub_0118F5A0,ptclmanBuildMatPacket,xff-symbol+reloc-jal,high,recomp,
0x0118F6D8,0x0118F90C,MANAGER,sub_0118F6D8,ptclmanBuildVtxPacket,xff-symbol+reloc-jal,high,recomp,
0x0118F910,0x0118F948,MANAGER,sub_0118F910,ptclDisplayListPut,xff-symbol+reloc-jal,high,recomp,
0x0118F948,0x0118F998,MANAGER,sub_0118F948,ptclDisplayListGet,xff-symbol+reloc-jal,high,recomp,
0x0118F998,0x0118F9C4,MANAGER,sub_0118F998,ptclmanBegin,xff-symbol+reloc-jal,high,recomp,
0x0118F9C8,0x0118FA1C,MANAGER,sub_0118F9C8,ptclmanEnd,xff-symbol+reloc-jal,high,recomp,
0x0118FA20,0x0118FB74,MANAGER,sub_0118FA20,ptclmanBuildEnvPacket,xff-symbol+reloc-jal,high,recomp,
0x0118FB78,0x0118FB94,MANAGER,sub_0118FB78,ptclmanGet,xff-symbol+reloc-jal,high,recomp,
0x0118FB98,0x0118FBB0,MANAGER,sub_0118FB98,ptclmanPut,xff-symbol+reloc-jal,high,recomp,
0x0118FBB0,0x0118FC68,MANAGER,sub_0118FBB0,ptclmanFrameInit,xff-symbol,high,recomp,
0x0118FC68,0x0118FC70,MANAGER,sub_0118FC68,ptclCounterInit,xff-symbol,high,recomp,
0x0118FC70,0x0118FC78,MANAGER,sub_0118FC70,ptclCounterGet,xff-symbol,high,recomp,
0x0118FC78,0x0118FD10,MANAGER,sub_0118FC78,meshDispInstance,xff-symbol,high,recomp,
0x0118FD10,0x01190220,MANAGER,sub_0118FD10,meshCreate,xff-symbol+reloc-jal,high,recomp,
0x01190220,0x0119023C,MANAGER,sub_01190220,GetMeshClass,xff-symbol+reloc-jal,high,recomp,
0x01190240,0x011902C0,MANAGER,sub_01190240,meshTransMatrix,xff-symbol,high,recomp,
0x011902C0,0x01190358,MANAGER,sub_011902C0,meshTransLightMatrix,xff-symbol,high,recomp,
0x01190358,0x0119039C,MANAGER,sub_01190358,meshDisp,xff-symbol+reloc-jal,high,recomp,
0x011903A0,0x011903C0,MANAGER,sub_011903A0,meshFlip,xff-symbol+reloc-jal,high,recomp,
0x011903C0,0x011903D4,MANAGER,sub_011903C0,meshInstanceFree,xff-symbol,high,recomp,
0x011903D8,0x0119049C,MANAGER,sub_011903D8,meshCreateInstanceCopy,xff-symbol,high,recomp,
0x011904A0,0x011904B8,MANAGER,sub_011904A0,meshGetWorkSize,xff-symbol,high,recomp,
0x011904B8,0x011904CC,MANAGER,sub_011904B8,meshObjectFree,xff-symbol+reloc-jal,high,recomp,
0x011904D0,0x011904D8,MANAGER,sub_011904D0,,reloc-la,high,recomp,
0x011904D8,0x011904E0,MANAGER,sub_011904D8,,reloc-la,high,recomp,
0x011904E0,0x01190530,MANAGER,sub_011904E0,CreateMeshObj,xff-symbol,high,recomp,
0x01190530,0x01191630,MANAGER,sub_01190530,reflectionBegin,xff-symbol+reloc-jal,high,recomp,
0x01191630,0x0119165C,MANAGER,sub_01191630,reflectionEnd,xff-symbol+reloc-jal,high,recomp,
0x01191660,0x0119166C,MANAGER,sub_01191660,getRefBlurLevel,xff-symbol+reloc-jal,high,recomp,
0x01191670,0x01191678,MANAGER,sub_01191670,reflectionInit,xff-symbol,high,recomp,
0x01191678,0x011918DC,MANAGER,sub_01191678,refractionBegin,xff-symbol+reloc-jal,high,recomp,
0x011918E0,0x01191D84,MANAGER,sub_011918E0,waterRefractionBegin,xff-symbol+reloc-jal,high,recomp,
0x01191D88,0x01192500,MANAGER,sub_01191D88,,reloc-jal,high,recomp,
0x01192500,0x011927DC,MANAGER,sub_01192500,inWaterEffectInit,xff-symbol+reloc-jal,high,recomp,
0x011927E0,0x0119284C,MANAGER,sub_011927E0,refractionEnd,xff-symbol+reloc-jal,high,recomp,
0x01192850,0x011928AC,MANAGER,sub_01192850,waterRefractionEnd,xff-symbol+reloc-jal,high,recomp,
0x011928B0,0x011928BC,MANAGER,sub_011928B0,getIsInWater,xff-symbol+reloc-jal,high,recomp,
0x011928C0,0x011928CC,MANAGER,sub_011928C0,getRefractBlurSpeed,xff-symbol+reloc-jal,high,recomp,
0x011928D0,0x011928DC,MANAGER,sub_011928D0,getRefractBlurSpeedRand,xff-symbol+reloc-jal,high,recomp,
0x011928E0,0x011928EC,MANAGER,sub_011928E0,getRefractBlurLevel,xff-symbol+reloc-jal,high,recomp,
0x011928F0,0x011928FC,MANAGER,sub_011928F0,getRefractBlurLevelRand,xff-symbol+reloc-jal,high,recomp,
0x01192900,0x0119290C,MANAGER,sub_01192900,getRefractLengthRatio,xff-symbol+reloc-jal,high,recomp,
0x01192910,0x0119291C,MANAGER,sub_01192910,getRefractBlendRatio,xff-symbol+reloc-jal,high,recomp,
0x01192920,0x0119292C,MANAGER,sub_01192920,getRefractBrightness,xff-symbol+reloc-jal,high,recomp,
0x01192930,0x01192AF8,MANAGER,sub_01192930,shadowReset,xff-symbol+reloc-jal,high,recomp,
0x01192AF8,0x01193650,MANAGER,sub_01192AF8,shadowDraw,xff-symbol+reloc-jal,high,recomp,
0x01193650,0x0119365C,MANAGER,sub_01193650,getShadowIntensity,xff-symbol+reloc-jal,high,recomp,
0x01193660,0x0119366C,MANAGER,sub_01193660,getShadowDebug,xff-symbol,high,recomp,
0x01193670,0x0119367C,MANAGER,sub_01193670,setShadowIntensity,xff-symbol,high,recomp,
0x01193680,0x01193688,MANAGER,sub_01193680,GetShadowLength,xff-symbol+reloc-jal,high,recomp,
0x01193688,0x01193690,MANAGER,sub_01193688,shadowGetWorkSize,xff-symbol+reloc-la+reloc-jal,high,recomp,
0x01193690,0x01193708,MANAGER,sub_01193690,shadowModelInit,xff-symbol+reloc-jal,high,recomp,
0x01193708,0x01193730,MANAGER,sub_01193708,shadowModelReInit,xff-symbol+reloc-j,high,recomp,
0x01193730,0x011937D8,MANAGER,sub_01193730,shadowReInit,xff-symbol+reloc-jal,high,recomp,
0x011937D8,0x011938BC,MANAGER,sub_011937D8,shadowInit,xff-symbol+reloc-jal,high,recomp,
0x011938C0,0x01193A64,MANAGER,sub_011938C0,shadowDisp,xff-symbol+reloc-jal+reloc-j,high,recomp,
0x01193A68,0x01193A74,MANAGER,sub_01193A68,getShadowDispFlag,xff-symbol,high,recomp,
0x01193A78,0x011952E0,MANAGER,sub_01193A78,,reloc-j,medium,recomp,
0x011952E0,0x01196CF0,MANAGER,sub_011952E0,,reloc-jal,high,recomp,
0x01196CF0,0x01196EA0,MANAGER,sub_01196CF0,solarFlareReset,xff-symbol+reloc-jal+reloc-j,high,recomp,
0x01196EA0,0x01196EFC,MANAGER,sub_01196EA0,solarFlare,xff-symbol+reloc-jal,high,recomp,
0x01196F00,0x01196F0C,MANAGER,sub_01196F00,getSolarFlareSw,xff-symbol+reloc-jal,high,recomp,
0x01196F10,0x01196F1C,MANAGER,sub_01196F10,getSolarFlareBlur,xff-symbol+reloc-jal,high,recomp,
0x01196F20,0x01196F2C,MANAGER,sub_01196F20,getSolarFlareColorR,xff-symbol+reloc-jal,high,recomp,
0x01196F30,0x01196F3C,MANAGER,sub_01196F30,getSolarFlareColorG,xff-symbol+reloc-jal,high,recomp,
0x01196F40,0x01196F4C,MANAGER,sub_01196F40,getSolarFlareColorB,xff-symbol+reloc-jal,high,recomp,
0x01196F50,0x01196F5C,MANAGER,sub_01196F50,getSolarFlareSolarLevel,xff-symbol+reloc-jal,high,recomp,
0x01196F60,0x01196F6C,MANAGER,sub_01196F60,getSolarGlowLevel,xff-symbol+reloc-jal,high,recomp,
0x01196F70,0x01196F7C,MANAGER,sub_01196F70,getSolarFlareSamplePix,xff-symbol+reloc-jal,high,recomp,
0x01196F80,0x01196F8C,MANAGER,sub_01196F80,getSolarFlarePanelZ,xff-symbol,high,recomp,
0x01196F90,0x01196F9C,MANAGER,sub_01196F90,getSolarFlareReduceOfsU,xff-symbol,high,recomp,
0x01196FA0,0x01196FAC,MANAGER,sub_01196FA0,getSolarFlareReduceOfsV,xff-symbol,high,recomp,
0x01196FB0,0x01196FBC,MANAGER,sub_01196FB0,getSolarFlareZoomOfsU,xff-symbol,high,recomp,
0x01196FC0,0x01196FCC,MANAGER,sub_01196FC0,getSolarFlareZoomOfsV,xff-symbol,high,recomp,
0x01196FD0,0x01197528,MANAGER,sub_01196FD0,,after-named,medium,recomp,
0x01197528,0x011976E4,MANAGER,sub_01197528,spriteInitObject,xff-symbol+reloc-jal,high,recomp,
0x011976E8,0x01197818,MANAGER,sub_011976E8,,reloc-jal,high,recomp,
0x01197818,0x011979D0,MANAGER,sub_01197818,,reloc-jal,high,recomp,
0x011979D0,0x01197C98,MANAGER,sub_011979D0,,reloc-jal,high,recomp,
0x01197C98,0x01198A8C,MANAGER,sub_01197C98,spriteDrawSpriteTexNoSet,xff-symbol,high,recomp,
0x01198A90,0x011998F8,MANAGER,sub_01198A90,spriteDrawSprite,xff-symbol+reloc-jal,high,recomp,
0x011998F8,0x01199BA0,MANAGER,sub_011998F8,,reloc-jal,high,recomp,
0x01199BA0,0x01199DC4,MANAGER,sub_01199BA0,setVertexPos,xff-symbol+reloc-jal,high,recomp,
0x01199DC8,0x0119A068,MANAGER,sub_01199DC8,spriteDrawSpriteUV,xff-symbol,high,recomp,
0x0119A068,0x0119A310,MANAGER,sub_0119A068,spriteDrawSpriteST,xff-symbol,high,recomp,
0x0119A310,0x0119A6A4,MANAGER,sub_0119A310,spriteDrawSpriteUV2,xff-symbol,high,recomp,
0x0119A6A8,0x0119AA44,MANAGER,sub_0119A6A8,spriteDrawSpriteST2,xff-symbol,high,recomp,
0x0119AA48,0x0119AA90,MANAGER,sub_0119AA48,spriteCreateObject,xff-symbol+reloc-jal,high,recomp,
0x0119AA90,0x0119AAA4,MANAGER,sub_0119AA90,spriteDeleteObject,xff-symbol,high,recomp,
0x0119AAA8,0x0119AAB4,MANAGER,sub_0119AAA8,spriteSetPosition,xff-symbol+reloc-jal,high,recomp,
0x0119AAB8,0x0119AAE8,MANAGER,sub_0119AAB8,spriteSetTextureCoordinateST,xff-symbol+reloc-jal,high,recomp,
0x0119AAE8,0x0119AB90,MANAGER,sub_0119AAE8,spriteSetTextureCoordinateSTFromUV,xff-symbol,high,recomp,
0x0119AB90,0x0119ABE8,MANAGER,sub_0119AB90,spriteSetTextureCoordinateUV,xff-symbol+reloc-jal,high,recomp,
0x0119ABE8,0x0119ABFC,MANAGER,sub_0119ABE8,spriteSetColor,xff-symbol+reloc-jal,high,recomp,
0x0119AC00,0x0119AC0C,MANAGER,sub_0119AC00,spriteSetScale,xff-symbol+reloc-jal,high,recomp,
0x0119AC10,0x0119AC18,MANAGER,sub_0119AC10,spriteSetRotation,xff-symbol+reloc-jal,high,recomp,
0x0119AC18,0x0119ACA8,MANAGER,sub_0119AC18,spriteSetBlendMode,xff-symbol+reloc-j+reloc-jal,high,recomp,
0x0119ACA8,0x0119ACB0,MANAGER,sub_0119ACA8,spriteSetFade,xff-symbol+reloc-jal,high,recomp,
0x0119ACB0,0x0119ACB8,MANAGER,sub_0119ACB0,spriteSetPriority,xff-symbol+reloc-jal,high,recomp,
0x0119ACB8,0x0119ACC4,MANAGER,sub_0119ACB8,getSpriteDispFlag,xff-symbol+reloc-jal,high,recomp,
0x0119ACC8,0x0119E690,MANAGER,sub_0119ACC8,texTransResolve,xff-symbol,high,recomp,
0x0119E690,0x0119E9C0,MANAGER,sub_0119E690,,reloc-jal,high,recomp,
0x0119E9C0,0x0119EEE0,MANAGER,sub_0119E9C0,texClutScrollOne,xff-symbol,high,recomp,
0x0119EEE0,0x0119F894,MANAGER,sub_0119EEE0,texAnimationOne,xff-symbol,high,recomp,
0x0119F898,0x011A0248,MANAGER,sub_0119F898,,reloc-jal,high,recomp,
0x011A0248,0x011A039C,MANAGER,sub_011A0248,texInit,xff-symbol+reloc-jal,high,recomp,
0x011A03A0,0x011A0520,MANAGER,sub_011A03A0,texScaleClutAlphaByName,xff-symbol,high,recomp,
0x011A0520,0x011A06D0,MANAGER,sub_011A0520,texScaleClut,xff-symbol+reloc-j,high,recomp,
0x011A06D0,0x011A0724,MANAGER,sub_011A06D0,texName,xff-symbol,high,recomp,
0x011A0728,0x011A0774,MANAGER,sub_011A0728,texNameRes,xff-symbol,high,recomp,
0x011A0778,0x011A078C,MANAGER,sub_011A0778,texGetCSM1Idx,xff-symbol,high,recomp,
0x011A0790,0x011A07B8,MANAGER,sub_011A0790,texGetTexByteSize,xff-symbol,high,recomp,
0x011A07B8,0x011A07EC,MANAGER,sub_011A07B8,texGetTexTBPSize,xff-symbol+reloc-jal,high,recomp,
0x011A07F0,0x011A0848,MANAGER,sub_011A07F0,texGetSize,xff-symbol+reloc-jal,high,recomp,
0x011A0848,0x011A096C,MANAGER,sub_011A0848,texTransRequest,xff-symbol+reloc-jal+reloc-j,high,recomp,
0x011A0970,0x011A0AA8,MANAGER,sub_011A0970,texTransRequestMulti,xff-symbol+reloc-jal,high,recomp,
0x011A0AA8,0x011A0B88,MANAGER,sub_011A0AA8,texResetVRAMRequest,xff-symbol+reloc-jal,high,recomp,
0x011A0B88,0x011A0B94,MANAGER,sub_011A0B88,texGetTextureModuleGroup,xff-symbol,high,recomp,
0x011A0B98,0x011A0BF8,MANAGER,sub_011A0B98,texGetWorkSize,xff-symbol+reloc-la+reloc-jal,high,recomp,
0x011A0BF8,0x011A0C90,MANAGER,sub_011A0BF8,texInitialize,xff-symbol+reloc-jal,high,recomp,
0x011A0C90,0x011A0D00,MANAGER,sub_011A0C90,texDelete,xff-symbol+reloc-jal,high,recomp,
0x011A0D00,0x011A0D9C,MANAGER,sub_011A0D00,texClutReset,xff-symbol,high,recomp,
0x011A0DA0,0x011A0EA4,MANAGER,sub_011A0DA0,texReset,xff-symbol+reloc-jal,high,recomp,
0x011A0EA8,0x011A0F68,MANAGER,sub_011A0EA8,texSearchMopByName,xff-symbol,high,recomp,
0x011A0F68,0x011A1028,MANAGER,sub_011A0F68,texScaleClutAlpha,xff-symbol,high,recomp,
0x011A1028,0x011A1118,MANAGER,sub_011A1028,texScaleClutByName,xff-symbol,high,recomp,
0x011A1118,0x011A1160,MANAGER,sub_011A1118,,reloc-jal,high,recomp,
0x011A1160,0x011A11AC,MANAGER,sub_011A1160,texNameResErrorCheck,xff-symbol,high,recomp,
0x011A11B0,0x011A11BC,MANAGER,sub_011A11B0,getTexTransEnableFlag,xff-symbol,high,recomp,
0x011A11C0,0x011A11CC,MANAGER,sub_011A11C0,texSetModelName,xff-symbol,high,recomp,
0x011A11D0,0x011A1348,MANAGER,sub_011A11D0,,reloc-jal,high,recomp,
0x011A1348,0x011A14A0,MANAGER,sub_011A1348,,reloc-j+reloc-jal,medium,recomp,
0x011A14A0,0x011A1748,MANAGER,sub_011A14A0,,reloc-jal,high,recomp,
0x011A1748,0x011A1838,MANAGER,sub_011A1748,,reloc-jal,high,recomp,
0x011A1838,0x011A18D0,MANAGER,sub_011A1838,vramAlloc,xff-symbol+reloc-jal,high,recomp,
0x011A18D0,0x011A19C4,MANAGER,sub_011A18D0,vramCreateBlock,xff-symbol+reloc-jal,high,recomp,
0x011A19C8,0x011A19DC,MANAGER,sub_011A19C8,vramDeleteBlock,xff-symbol+reloc-jal,high,recomp,
0x011A19E0,0x011A1A20,MANAGER,sub_011A19E0,vramFree,xff-symbol+reloc-jal,high,recomp,
0x011A1A20,0x011A1AC0,MANAGER,sub_011A1A20,vramReset,xff-symbol+reloc-jal,high,recomp,
0x011A1AC0,0x011A1ADC,MANAGER,sub_011A1AC0,vramEnd,xff-symbol+reloc-jal,high,recomp,
0x011A1AE0,0x011A1B90,MANAGER,sub_011A1AE0,vramInit,xff-symbol+reloc-jal,high,recomp,
0x011A1B90,0x011A1BA4,MANAGER,sub_011A1B90,vramAllocByTBPSize,xff-symbol,high,recomp,
0x011A1BA8,0x011A1EFC,MANAGER,sub_011A1BA8,zFog,xff-symbol+reloc-jal,high,recomp,
0x011A1F00,0x011A1F0C,MANAGER,sub_011A1F00,getZFogDivide,xff-symbol+reloc-jal,high,recomp,
0x011A1F10,0x011A1F1C,MANAGER,sub_011A1F10,getZFogWidth,xff-symbol,high,recomp,
0x011A1F20,0x011A1F2C,MANAGER,sub_011A1F20,getZFogFarMargin,xff-symbol,high,recomp,
0x011A1F30,0x011A1F3C,MANAGER,sub_011A1F30,getZFogFar,xff-symbol,high,recomp,
0x011A1F40,0x011A1F4C,MANAGER,sub_011A1F40,getZFogScissorMargin,xff-symbol+reloc-jal,high,recomp,
0x011A1F50,0x011A1F5C,MANAGER,sub_011A1F50,getBgFogOffset,xff-symbol,high,recomp,
0x011A1F60,0x011A1F6C,MANAGER,sub_011A1F60,setZFogFar,xff-symbol,high,recomp,
0x011A1F70,0x011A1F78,MANAGER,sub_011A1F70,zFogInit,xff-symbol+reloc-jal,high,recomp,
0x011A1F78,0x011A1F9C,MANAGER,sub_011A1F78,getZFogNear,xff-symbol+reloc-jal,high,recomp,
0x011A1FA0,0x011A21C8,MANAGER,sub_011A1FA0,,reloc-j+reloc-jal,medium,recomp,
0x011A21C8,0x011A2B48,MANAGER,sub_011A21C8,,reloc-jal+reloc-j,high,recomp,
0x011A2B48,0x011A2CB0,MANAGER,sub_011A2B48,,reloc-j+reloc-jal,medium,recomp,
0x011A2CB0,0x011A2F14,MANAGER,sub_011A2CB0,GetMotionFloatFrameNoCaribration,xff-symbol+reloc-jal+reloc-j,high,recomp,
0x011A2F18,0x011A3208,MANAGER,sub_011A2F18,,reloc-j,medium,recomp,
0x011A3208,0x011A3510,MANAGER,sub_011A3208,,reloc-j+reloc-jal,medium,recomp,
0x011A3510,0x011A36D0,MANAGER,sub_011A3510,,reloc-j,medium,recomp,
0x011A36D0,0x011A3908,MANAGER,sub_011A36D0,,reloc-jal+reloc-j,high,recomp,
0x011A3908,0x011A3AC0,MANAGER,sub_011A3908,,reloc-jal,high,recomp,
0x011A3AC0,0x011A3C24,MANAGER,sub_011A3AC0,GetMotionColSphereInfoIntFrame,xff-symbol+reloc-jal,high,recomp,
0x011A3C28,0x011A4158,MANAGER,sub_011A3C28,,reloc-jal+reloc-j,high,recomp,
0x011A4158,0x011A45F8,MANAGER,sub_011A4158,,reloc-jal,high,recomp,
0x011A45F8,0x011A4918,MANAGER,sub_011A45F8,,reloc-jal,high,recomp,
0x011A4918,0x011A4B70,MANAGER,sub_011A4918,,reloc-jal,high,recomp,
0x011A4B70,0x011A4DA0,MANAGER,sub_011A4B70,,reloc-jal,high,recomp,
0x011A4DA0,0x011A4FD8,MANAGER,sub_011A4DA0,,reloc-jal,high,recomp,
0x011A4FD8,0x011A52C0,MANAGER,sub_011A4FD8,,reloc-jal,high,recomp,
0x011A52C0,0x011A5438,MANAGER,sub_011A52C0,,reloc-jal,high,recomp,
0x011A5438,0x011A55E0,MANAGER,sub_011A5438,,reloc-jal,high,recomp,
0x011A55E0,0x011A58C0,MANAGER,sub_011A55E0,,reloc-jal,high,recomp,
0x011A58C0,0x011A5BA8,MANAGER,sub_011A58C0,,reloc-jal,high,recomp,
0x011A5BA8,0x011A5EB0,MANAGER,sub_011A5BA8,,reloc-jal,high,recomp,
0x011A5EB0,0x011A61A8,MANAGER,sub_011A5EB0,,reloc-jal,high,recomp,
0x011A61A8,0x011A64A0,MANAGER,sub_011A61A8,,reloc-jal,high,recomp,
0x011A64A0,0x011A67B0,MANAGER,sub_011A64A0,,reloc-jal,high,recomp,
0x011A67B0,0x011A6A08,MANAGER,sub_011A67B0,,reloc-jal,high,recomp,
0x011A6A08,0x011A6C68,MANAGER,sub_011A6A08,,reloc-jal,high,recomp,
0x011A6C68,0x011A6F58,MANAGER,sub_011A6C68,,reloc-jal,high,recomp,
0x011A6F58,0x011A785C,MANAGER,sub_011A6F58,GetObjectAnimationFloatFrame,xff-symbol+reloc-jal+reloc-j,high,recomp,
0x011A7860,0x011A7BE4,MANAGER,sub_011A7860,GetMotionMatrix,xff-symbol+reloc-jal,high,recomp,
0x011A7BE8,0x011A7E18,MANAGER,sub_011A7BE8,GetInitialInverseMatrix,xff-symbol+reloc-jal,high,recomp,
0x011A7E18,0x011A7F38,MANAGER,sub_011A7E18,,reloc-jal,high,recomp,
0x011A7F38,0x011A81C4,MANAGER,sub_011A7F38,DebugDispMotion,xff-symbol,high,recomp,
0x011A81C8,0x011A828C,MANAGER,sub_011A81C8,InitDebugMotion,xff-symbol,high,recomp,
0x011A8290,0x011A83DC,MANAGER,sub_011A8290,getBlendBaseMotion,xff-symbol+reloc-jal,high,recomp,
0x011A83E0,0x011A8520,MANAGER,sub_011A83E0,getBlendLastMotion,xff-symbol+reloc-jal,high,recomp,
0x011A8520,0x011A88E8,MANAGER,sub_011A8520,GetMotionDirectResourceNodeQuaternionPosFloatFrame,xff-symbol,high,recomp,
0x011A88E8,0x011A8A68,MANAGER,sub_011A88E8,GetAnimObjResource,xff-symbol+reloc-jal,high,recomp,
0x011A8A68,0x011A8BC0,MANAGER,sub_011A8A68,DebugGetAnimObjName,xff-symbol+reloc-jal,high,recomp,
0x011A8BC0,0x011A8E5C,MANAGER,sub_011A8BC0,GetMotionOptionNodeNextSwitchFrameDirectResource,xff-symbol+reloc-j,high,recomp,
0x011A8E60,0x011A9008,MANAGER,sub_011A8E60,GetMotionOptionNodeNextSwitchFrame,xff-symbol,high,recomp,
0x011A9008,0x011A91C8,MANAGER,sub_011A9008,GetMotionOptionNodeBooleanInfoFloatFrame,xff-symbol+reloc-jal,high,recomp,
0x011A91C8,0x011A9310,MANAGER,sub_011A91C8,GetMotionNbOptionNodes,xff-symbol+reloc-jal,high,recomp,
0x011A9310,0x011A94AC,MANAGER,sub_011A9310,GetMotionOptionNodePhysicalId,xff-symbol+reloc-jal,high,recomp,
0x011A94B0,0x011A95F8,MANAGER,sub_011A94B0,GetMotionVersion,xff-symbol+reloc-jal,high,recomp,
0x011A95F8,0x011A9740,MANAGER,sub_011A95F8,GetMotionResourceOriginalFrames,xff-symbol+reloc-jal,high,recomp,
0x011A9740,0x011A9994,MANAGER,sub_011A9740,GetMotionStretchRatio,xff-symbol+reloc-jal,high,recomp,
0x011A9998,0x011A9B94,MANAGER,sub_011A9998,GetMotionIntFrame,xff-symbol+reloc-jal,high,recomp,
0x011A9B98,0x011A9D18,MANAGER,sub_011A9B98,GetMotionRootIntFrame,xff-symbol+reloc-jal+reloc-j,high,recomp,
0x011A9D18,0x011A9F74,MANAGER,sub_011A9D18,GetMotionOptionNodeIntFrame,xff-symbol+reloc-jal,high,recomp,
0x011A9F78,0x011AA164,MANAGER,sub_011A9F78,GetMotionRootFloatFrame,xff-symbol+reloc-jal+reloc-j,high,recomp,
0x011AA168,0x011AA2E8,MANAGER,sub_011AA168,GetMotionRootDirInfo,xff-symbol+reloc-jal,high,recomp,
0x011AA2E8,0x011AA468,MANAGER,sub_011AA2E8,GetMotionGazeDirInfo,xff-symbol+reloc-jal,high,recomp,
0x011AA468,0x011AA5E8,MANAGER,sub_011AA468,GetMotionColSphereInfo,xff-symbol+reloc-jal,high,recomp,
0x011AA5E8,0x011AAAD8,MANAGER,sub_011AA5E8,,reloc-jal,high,recomp,
0x011AAAD8,0x011AAD38,MANAGER,sub_011AAAD8,GetMotionFloatFrame,xff-symbol+reloc-jal,high,recomp,
0x011AAD38,0x011AAEF8,MANAGER,sub_011AAD38,,reloc-j,medium,recomp,
0x011AAEF8,0x011AB238,MANAGER,sub_011AAEF8,,reloc-jal,high,recomp,
0x011AB238,0x011AB4C0,MANAGER,sub_011AB238,,reloc-jal,high,recomp,
0x011AB4C0,0x011ABA0C,MANAGER,sub_011AB4C0,GetTRS_Onake_From_ObjectAnimation,xff-symbol+reloc-jal,high,recomp,
0x011ABA10,0x011ABCB0,MANAGER,sub_011ABA10,InterPOrObjectAnimation,xff-symbol+reloc-jal,high,recomp,
0x011ABCB0,0x011ABDF0,MANAGER,sub_011ABCB0,SetTRS_Onake_From_ObjectAnimation,xff-symbol+reloc-jal,high,recomp,
0x011ABDF0,0x011ABE94,MANAGER,sub_011ABDF0,GetMotionFrameDirectResource,xff-symbol+reloc-jal,high,recomp,
0x011ABE98,0x011ABEBC,MANAGER,sub_011ABE98,GetMotionOptionNodeFloatFrameDirectResource,xff-symbol,high,recomp,
0x011ABEC0,0x011ABED4,MANAGER,sub_011ABEC0,GetMotionOptionNodeParentId,xff-symbol+reloc-jal,high,recomp,
0x011ABED8,0x011ABEF8,MANAGER,sub_011ABED8,GetMotionResourceFrames,xff-symbol+reloc-jal,high,recomp,
0x011ABEF8,0x011ABF24,MANAGER,sub_011ABEF8,GetMotionNodeQuaternionPosToolCoord,xff-symbol+reloc-jal,high,recomp,
0x011ABF28,0x011ABF6C,MANAGER,sub_011ABF28,GetMotionNodeQuaternionPos,xff-symbol+reloc-jal,high,recomp,
0x011ABF70,0x011ABFA8,MANAGER,sub_011ABF70,GetMotionNodePos,xff-symbol+reloc-jal,high,recomp,
0x011ABFA8,0x011ABFBC,MANAGER,sub_011ABFA8,GetMotionNodeGeoToolCoord,xff-symbol+reloc-jal,high,recomp,
0x011ABFC0,0x011ABFF0,MANAGER,sub_011ABFC0,GetMotionNodeIntFrameDirectResource,xff-symbol+reloc-jal,high,recomp,
0x011ABFF0,0x011AC14C,MANAGER,sub_011ABFF0,GetMotionFloatFrameWithLimitCaribration,xff-symbol+reloc-jal,high,recomp,
0x011AC150,0x011AC288,MANAGER,sub_011AC150,GetMotionOptionNodeFloatFrame,xff-symbol+reloc-jal,high,recomp,
0x011AC288,0x011AC2A8,MANAGER,sub_011AC288,GetObjectAnimationParentNodeId,xff-symbol+reloc-jal,high,recomp,
0x011AC2A8,0x011AC3C4,MANAGER,sub_011AC2A8,GetMotionRootInfo,xff-symbol+reloc-jal,high,recomp,
0x011AC3C8,0x011AC690,MANAGER,sub_011AC3C8,GetMotionRootShiftInfo,xff-symbol+reloc-jal,high,recomp,
0x011AC690,0x011AC774,MANAGER,sub_011AC690,GetMotionFrame,xff-symbol+reloc-jal,high,recomp,
0x011AC778,0x011AC814,MANAGER,sub_011AC778,GetMotionFrameWithOutsideLimit,xff-symbol+reloc-jal,high,recomp,
0x011AC818,0x011AC97C,MANAGER,sub_011AC818,GetMotionBasePos,xff-symbol,high,recomp,
0x011AC980,0x011ACA60,MANAGER,sub_011AC980,GetMotionNodeBasePos,xff-symbol+reloc-jal,high,recomp,
0x011ACA60,0x011ACAD0,MANAGER,sub_011ACA60,GetMotionNodeBaseQuaternion,xff-symbol+reloc-jal,high,recomp,
0x011ACAD0,0x011ACB4C,MANAGER,sub_011ACAD0,GetMotionNodeParentBaseQuaternion,xff-symbol+reloc-jal,high,recomp,
0x011ACB50,0x011ACBB4,MANAGER,sub_011ACB50,GetMotionNodeExistNodeAnimationData,xff-symbol,high,recomp,
0x011ACBB8,0x011ACC58,MANAGER,sub_011ACBB8,getAnimObjResource,xff-symbol+reloc-jal+reloc-j,high,recomp,
0x011ACC58,0x011ACC94,MANAGER,sub_011ACC58,getMotionFloatFrameWithLimitCaribration,xff-symbol+reloc-jal,high,recomp,
0x011ACC98,0x011ACD3C,MANAGER,sub_011ACC98,getMotionFloatFrame,xff-symbol+reloc-jal,high,recomp,
0x011ACD40,0x011ACDF8,MANAGER,sub_011ACD40,GetMotionNS_RootInfo,xff-symbol+reloc-jal,high,recomp,
0x011ACDF8,0x011ACF28,MANAGER,sub_011ACDF8,GetMotionNS_RootShiftInfo,xff-symbol+reloc-jal,high,recomp,
0x011ACF28,0x011ACFB4,MANAGER,sub_011ACF28,GetMotionNS_RootDirInfo,xff-symbol+reloc-jal,high,recomp,
0x011ACFB8,0x011ACFC0,MANAGER,sub_011ACFB8,DebugDumpMotion,xff-symbol,high,recomp,
0x011ACFC0,0x011ACFD4,MANAGER,sub_011ACFC0,IsFullFixFormat,xff-symbol+reloc-jal,high,recomp,
0x011ACFD8,0x011AD0E0,MANAGER,sub_011ACFD8,getPosPQSAnimIntFrame,xff-symbol+reloc-jal,high,recomp,
0x011AD0E0,0x011AD114,MANAGER,sub_011AD0E0,getQuatPQSAnimIntFrame,xff-symbol,high,recomp,
0x011AD118,0x011AD140,MANAGER,sub_011AD118,InitMotionBoolInfo,xff-symbol+reloc-jal,high,recomp,
0x011AD140,0x011AD14C,MANAGER,sub_011AD140,SetMotionDynamicCallFunc,xff-symbol,high,recomp,
0x011AD150,0x011AD18C,MANAGER,sub_011AD150,GetMotionResourceRotAngle,xff-symbol+reloc-jal,high,recomp,
0x011AD190,0x011AD20C,MANAGER,sub_011AD190,MultiGlobalQuaternionToRootSkeleton,xff-symbol+reloc-jal,high,recomp,
0x011AD210,0x011AD2AC,MANAGER,sub_011AD210,GetDissolveAnimation,xff-symbol+reloc-jal,high,recomp,
0x011AD2B0,0x011AD59C,MANAGER,sub_011AD2B0,GetMotionMatrixOfTargetFromRoot,xff-symbol,high,recomp,
0x011AD5A0,0x011AD7F0,MANAGER,sub_011AD5A0,GetMotionMatrixOfTargetFromParent,xff-symbol,high,recomp,
0x011AD7F0,0x011AD9B4,MANAGER,sub_011AD7F0,GetMotionMatrixOfChildsFromTarget,xff-symbol,high,recomp,
0x011AD9B8,0x011ADAB0,MANAGER,sub_011AD9B8,GetMorphAnimation,xff-symbol+reloc-jal,high,recomp,
0x011ADAB0,0x011ADCF8,MANAGER,sub_011ADAB0,resourceRot,xff-symbol+reloc-jal,high,recomp,
0x011ADCF8,0x011ADE48,MANAGER,sub_011ADCF8,,reloc-jal+reloc-j,high,recomp,
0x011ADE48,0x011ADE90,MANAGER,sub_011ADE48,GetMotionRootDirInfoIntFrame,xff-symbol,high,recomp,
0x011ADE90,0x011ADED8,MANAGER,sub_011ADE90,GetMotionGazeDirInfoIntFrame,xff-symbol,high,recomp,
0x011ADED8,0x011ADF84,MANAGER,sub_011ADED8,GetBlendedMotion,xff-symbol,high,recomp,
0x011ADF88,0x011ADFB0,MANAGER,sub_011ADF88,GetBlendedMotionRoot,xff-symbol,high,recomp,
0x011ADFB0,0x011AE090,MANAGER,sub_011ADFB0,,reloc-jal,high,recomp,
0x011AE090,0x011AE298,MANAGER,sub_011AE090,,reloc-jal,high,recomp,
0x011AE298,0x011AE458,MANAGER,sub_011AE298,,reloc-jal,high,recomp,
0x011AE458,0x011AE5B8,MANAGER,sub_011AE458,,reloc-jal,high,recomp,
0x011AE5B8,0x011AE7D0,MANAGER,sub_011AE5B8,,reloc-jal,high,recomp,
0x011AE7D0,0x011AE824,MANAGER,sub_011AE7D0,CopyMultiQuaternionFromMotionRotElem,xff-symbol,high,recomp,
0x011AE828,0x011AE8B0,MANAGER,sub_011AE828,,reloc-la,high,recomp,
0x011AE8B0,0x011AE910,MANAGER,sub_011AE8B0,,reloc-la,high,recomp,
0x011AE910,0x011AEA50,MANAGER,sub_011AE910,,reloc-jal,high,recomp,
0x011AEA50,0x011AEA58,MANAGER,sub_011AEA50,InitAnimationData,xff-symbol,high,recomp,
0x011AEA58,0x011AEB1C,MANAGER,sub_011AEA58,getBlendFirstMotion,xff-symbol,high,recomp,
0x011AEB20,0x011AEB70,MANAGER,sub_011AEB20,GetMotionOptionNodeBooleanInfoFloatFrameDirectResource,xff-symbol,high,recomp,
0x011AEB70,0x011AEDA4,MANAGER,sub_011AEB70,get_temp_parameter_motion_ik_base,xff-symbol+reloc-jal,high,recomp,
0x011AEDA8,0x011AEDB0,MANAGER,sub_011AEDA8,constructor_motion_ik_base,xff-symbol+reloc-jal,high,recomp,
0x011AEDB0,0x011AEDB8,MANAGER,sub_011AEDB0,init_motion_ik_base,xff-symbol+reloc-jal,high,recomp,
0x011AEDB8,0x011AEDC0,MANAGER,sub_011AEDB8,doit_motion_ik_base,xff-symbol+reloc-jal,high,recomp,
0x011AEDC0,0x011AEE28,MANAGER,sub_011AEDC0,get_type_parameter_segment_motion_ik_base,xff-symbol+reloc-jal,high,recomp,
0x011AEE28,0x011AEF44,MANAGER,sub_011AEE28,update_node_by_quater_motion_ik_base,xff-symbol,high,recomp,
0x011AEF48,0x011AF08C,MANAGER,sub_011AEF48,update_node_by_rotXYZ_motion_ik_base,xff-symbol+reloc-jal,high,recomp,
0x011AF090,0x011AF158,MANAGER,sub_011AF090,get_animation_designer_node_quater_motion_ik_base,xff-symbol,high,recomp,
0x011AF158,0x011AF248,MANAGER,sub_011AF158,get_animation_designer_node_rotXYZ_motion_ik_base,xff-symbol+reloc-jal,high,recomp,
0x011AF248,0x011AF2C4,MANAGER,sub_011AF248,convert_from_quater_to_rotXYZ_motion_ik_base,xff-symbol+reloc-jal,high,recomp,
0x011AF2C8,0x011AF308,MANAGER,sub_011AF2C8,convert_from_quater_to_rotXYZ_direct_motion_ik_base,xff-symbol+reloc-j,high,recomp,
0x011AF308,0x011AF384,MANAGER,sub_011AF308,convert_from_rotXYZ_to_quater_motion_ik_base,xff-symbol+reloc-jal,high,recomp,
0x011AF388,0x011AF3DC,MANAGER,sub_011AF388,convert_from_rotXYZ_to_quater_direct_motion_ik_base,xff-symbol+reloc-j,high,recomp,
0x011AF3E0,0x011AF6A4,MANAGER,sub_011AF3E0,doit_motion_ik_interest,xff-symbol,high,recomp,
0x011AF6A8,0x011AFB18,MANAGER,sub_011AF6A8,,reloc-jal,high,recomp,
0x011AFB18,0x011AFB8C,MANAGER,sub_011AFB18,constructor_motion_ik_interest,xff-symbol,high,recomp,
0x011AFB90,0x011AFC20,MANAGER,sub_011AFB90,begin_motion_ik_interest,xff-symbol,high,recomp,
0x011AFC20,0x011AFC34,MANAGER,sub_011AFC20,request_end_motion_ik_interest,xff-symbol,high,recomp,
0x011AFC38,0x011AFC40,MANAGER,sub_011AFC38,is_doing_motion_ik_interest,xff-symbol,high,recomp,
0x011AFC40,0x011AFC50,MANAGER,sub_011AFC40,,reloc-j+reloc-jal,medium,recomp,
0x011AFC50,0x011AFCF0,MANAGER,sub_011AFC50,,reloc-jal,high,recomp,
0x011AFCF0,0x011B0050,MANAGER,sub_011AFCF0,,reloc-jal,high,recomp,
0x011B0050,0x011B0078,MANAGER,sub_011B0050,constructor_neck_turn,xff-symbol,high,recomp,
0x011B0078,0x011B00B0,MANAGER,sub_011B0078,begin_neck_turn,xff-symbol,high,recomp,
0x011B00B0,0x011B00D0,MANAGER,sub_011B00B0,request_end_neck_turn,xff-symbol,high,recomp,
0x011B00D0,0x011B00D8,MANAGER,sub_011B00D0,is_doit_neck_turn_need,xff-symbol,high,recomp,
0x011B00D8,0x011B0188,MANAGER,sub_011B00D8,doit_neck_turn,xff-symbol,high,recomp,
0x011B0188,0x011B0218,MANAGER,sub_011B0188,,reloc-jal,high,recomp,
0x011B0218,0x011B02A0,MANAGER,sub_011B0218,initGazeIKWork,xff-symbol,high,recomp,
0x011B02A0,0x011B02A8,MANAGER,sub_011B02A0,getSizeGazeIKWork,xff-symbol,high,recomp,
0x011B02A8,0x011B0318,MANAGER,sub_011B02A8,GetAnimationClass,xff-symbol+reloc-jal,high,recomp,
0x011B0318,0x011B03A0,MANAGER,sub_011B0318,InitAnimationClassWithFrame,xff-symbol+reloc-jal,high,recomp,
0x011B03A0,0x011B0428,MANAGER,sub_011B03A0,InitAnimationClass,xff-symbol+reloc-jal,high,recomp,
0x011B0428,0x011B046C,MANAGER,sub_011B0428,GetAnimationClassCurrentInfo,xff-symbol+reloc-jal,high,recomp,
0x011B0470,0x011B04AC,MANAGER,sub_011B0470,GetAnimationClassCurrentInfoWithOutsideLimit,xff-symbol+reloc-jal,high,recomp,
0x011B04B0,0x011B04D8,MANAGER,sub_011B04B0,GetAnimationClassObjectAnimation,xff-symbol+reloc-jal,high,recomp,
0x011B04D8,0x011B04E4,MANAGER,sub_011B04D8,UpdateAnimationClassPastSimpleInfo,xff-symbol+reloc-jal,high,recomp,
0x011B04E8,0x011B057C,MANAGER,sub_011B04E8,GetAnimationClassCurrentInfoDirectResource,xff-symbol+reloc-jal,high,recomp,
0x011B0580,0x011B05EC,MANAGER,sub_011B0580,SetAnimationClassLastInfoDirectResource,xff-symbol+reloc-jal,high,recomp,
0x011B05F0,0x011B0810,MANAGER,sub_011B05F0,,reloc-jal+reloc-j,high,recomp,
0x011B0810,0x011B0868,MANAGER,sub_011B0810,,ptr-table,medium,recomp,
0x011B0868,0x011B08A0,MANAGER,sub_011B0868,,ptr-table,medium,recomp,
0x011B08A0,0x011B08B8,MANAGER,sub_011B08A0,,ptr-table,medium,recomp,
0x011B08B8,0x011B08D0,MANAGER,sub_011B08B8,,ptr-table,medium,recomp,
0x011B08D0,0x011B0900,MANAGER,sub_011B08D0,,ptr-table,medium,recomp,
0x011B0900,0x011B0930,MANAGER,sub_011B0900,,ptr-table,medium,recomp,
0x011B0930,0x011B09F8,MANAGER,sub_011B0930,,ptr-table,medium,recomp,
0x011B09F8,0x011B0A00,MANAGER,sub_011B09F8,,ptr-table,medium,recomp,
0x011B0A00,0x011B0A20,MANAGER,sub_011B0A00,,ptr-table,medium,recomp,
0x011B0A20,0x011B0AA8,MANAGER,sub_011B0A20,,ptr-table,medium,recomp,
0x011B0AA8,0x011B0AC0,MANAGER,sub_011B0AA8,,ptr-table,medium,recomp,
0x011B0AC0,0x011B0AE0,MANAGER,sub_011B0AC0,,ptr-table,medium,recomp,
0x011B0AE0,0x011B0AFC,MANAGER,sub_011B0AE0,,ptr-table,medium,recomp,
0x011B0AFC,0x011B0B50,MANAGER,sub_011B0AFC,,ptr-table,medium,recomp,
0x011B0B50,0x011B0B5C,MANAGER,sub_011B0B50,GetAnimationDefObjLeaveType,xff-symbol,high,recomp,
0x011B0B60,0x011B0B7C,MANAGER,sub_011B0B60,GetAnimationDefClass,xff-symbol+reloc-jal,high,recomp,
0x011B0B80,0x011B0C7C,MANAGER,sub_011B0B80,getAnimationDefByName,xff-symbol+reloc-jal,high,recomp,
0x011B0C80,0x011B0D04,MANAGER,sub_011B0C80,CreateAnimationDefObj,xff-symbol+reloc-jal,high,recomp,
0x011B0D08,0x011B0D10,MANAGER,sub_011B0D08,,reloc-la,high,recomp,
0x011B0D10,0x011B0D34,MANAGER,sub_011B0D10,InitAnimationDefObj,xff-symbol,high,recomp,
0x011B0D38,0x011B0D58,MANAGER,sub_011B0D38,GetAnimationDefObjWorkSize,xff-symbol,high,recomp,
0x011B0D58,0x011B155C,MANAGER,sub_011B0D58,CalcNodeInterp,xff-symbol+reloc-jal,high,recomp,
0x011B1560,0x011B1CD0,MANAGER,sub_011B1560,CalcNodeQuaternionWithIK,xff-symbol+reloc-jal,high,recomp,
0x011B1CD0,0x011B1DF4,MANAGER,sub_011B1CD0,SetCharacterClassMotionAddSyncMode,xff-symbol+reloc-jal,high,recomp,
0x011B1DF8,0x011B1FF0,MANAGER,sub_011B1DF8,,reloc-jal,high,recomp,
0x011B1FF0,0x011B2218,MANAGER,sub_011B1FF0,,reloc-jal,high,recomp,
0x011B2218,0x011B2400,MANAGER,sub_011B2218,,reloc-jal+reloc-j,high,recomp,
0x011B2400,0x011B29C8,MANAGER,sub_011B2400,,reloc-jal,high,recomp,
0x011B29C8,0x011B2BF0,MANAGER,sub_011B29C8,CharacterClassMalloc,xff-symbol+reloc-jal,high,recomp,
0x011B2BF0,0x011B2EF4,MANAGER,sub_011B2BF0,GetCharacterObjWorkSize,xff-symbol+reloc-jal,high,recomp,
0x011B2EF8,0x011B342C,MANAGER,sub_011B2EF8,GetCharacterClassOptionNodeGeo,xff-symbol+reloc-jal,high,recomp,
0x011B3430,0x011B36F8,MANAGER,sub_011B3430,SetCharacterObjDemoMotionMode,xff-symbol,high,recomp,
0x011B36F8,0x011B4FFC,MANAGER,sub_011B36F8,InitCharacterObj,xff-symbol+reloc-jal,high,recomp,
0x011B5000,0x011B5138,MANAGER,sub_011B5000,ReleaseCharacterClassMotSyncAnim,xff-symbol+reloc-jal,high,recomp,
0x011B5138,0x011B5410,MANAGER,sub_011B5138,FlushCharacterObjImmediate,xff-symbol+reloc-j,high,recomp,
0x011B5410,0x011B6450,MANAGER,sub_011B5410,ExecCharaGeometry,xff-symbol,high,recomp,
0x011B6450,0x011B6668,MANAGER,sub_011B6450,getClothGeometry,xff-symbol,high,recomp,
0x011B6668,0x011B6698,MANAGER,sub_011B6668,GetCharacterClass,xff-symbol+reloc-jal,high,recomp,
0x011B6698,0x011B6728,MANAGER,sub_011B6698,FlushCharacterObj,xff-symbol+reloc-jal,high,recomp,
0x011B6728,0x011B67D8,MANAGER,sub_011B6728,ExecCharaGeometryPreprocess,xff-symbol,high,recomp,
0x011B67D8,0x011B684C,MANAGER,sub_011B67D8,ExecCharaGeometryPostprocess,xff-symbol,high,recomp,
0x011B6850,0x011B6870,MANAGER,sub_011B6850,GetCharacterClassInitParamNbNodes,xff-symbol,high,recomp,
0x011B6870,0x011B688C,MANAGER,sub_011B6870,GetCharacterClassInitParamNbOptionNodes,xff-symbol,high,recomp,
0x011B6890,0x011B6944,MANAGER,sub_011B6890,GetCharacterClassBaseQ,xff-symbol+reloc-jal,high,recomp,
0x011B6948,0x011B6A40,MANAGER,sub_011B6948,GetCharacterClassMotionTopDirection,xff-symbol+reloc-jal,high,recomp,
0x011B6A40,0x011B6A88,MANAGER,sub_011B6A40,GetCharacterClassControlFrontDirection,xff-symbol,high,recomp,
0x011B6A88,0x011B6B84,MANAGER,sub_011B6A88,GetCharacterClassMotionFrontDirection,xff-symbol+reloc-jal,high,recomp,
0x011B6B88,0x011B6C0C,MANAGER,sub_011B6B88,GetCharacterClassControlDirection,xff-symbol,high,recomp,
0x011B6C10,0x011B6CD4,MANAGER,sub_011B6C10,GetCharacterClassIKNodeBooleanInfo,xff-symbol,high,recomp,
0x011B6CD8,0x011B6D14,MANAGER,sub_011B6CD8,GetCharacterClassOptionNodeLocalQuaternionPos,xff-symbol+reloc-jal,high,recomp,
0x011B6D18,0x011B6D30,MANAGER,sub_011B6D18,ResetCharacterClassCtrlRelationInfos,xff-symbol+reloc-jal,high,recomp,
0x011B6D30,0x011B6D50,MANAGER,sub_011B6D30,ResetCharacterClassFallDownInfo,xff-symbol,high,recomp,
0x011B6D50,0x011B6DB0,MANAGER,sub_011B6D50,ResetCharacterClassIKInfo,xff-symbol,high,recomp,
0x011B6DB0,0x011B6E00,MANAGER,sub_011B6DB0,ResetCharacterClassIKNodeInterpInfo,xff-symbol,high,recomp,
0x011B6E00,0x011B6E18,MANAGER,sub_011B6E00,ResetCharacterClassWaterStatus,xff-symbol+reloc-jal,high,recomp,
0x011B6E18,0x011B6EBC,MANAGER,sub_011B6E18,ReleaseCharacterClassMotSyncAnimForceDeleteGroupWithMotChange,xff-symbol+reloc-jal,high,recomp,
0x011B6EC0,0x011B6F44,MANAGER,sub_011B6EC0,ReleaseCharacterClassAddMotSyncAnim,xff-symbol+reloc-jal,high,recomp,
0x011B6F48,0x011B7034,MANAGER,sub_011B6F48,DebugResetCharacterObjControlTarget,xff-symbol,high,recomp,
0x011B7038,0x011B713C,MANAGER,sub_011B7038,UpdateCharacterClassGeometry,xff-symbol+reloc-jal,high,recomp,
0x011B7140,0x011B7178,MANAGER,sub_011B7140,UpdateCharacterClassPastGeometry,xff-symbol+reloc-jal,high,recomp,
0x011B7178,0x011B71C8,MANAGER,sub_011B7178,RequestCharacterMotionShiftFunc,xff-symbol,high,recomp,
0x011B71C8,0x011B7290,MANAGER,sub_011B71C8,GetCharacterClassNodeQuaternionPos,xff-symbol+reloc-jal,high,recomp,
0x011B7290,0x011B72E8,MANAGER,sub_011B7290,CalcCharacterClassBaseGeo,xff-symbol,high,recomp,
0x011B72E8,0x011B7328,MANAGER,sub_011B72E8,ResetCharacterClassSyncMode,xff-symbol,high,recomp,
0x011B7328,0x011B73F4,MANAGER,sub_011B7328,SetCharacterClassMotionNormalSyncMode,xff-symbol+reloc-jal,high,recomp,
0x011B73F8,0x011B7428,MANAGER,sub_011B73F8,ResetCharacterClassMotInterpInfo,xff-symbol,high,recomp,
0x011B7428,0x011B743C,MANAGER,sub_011B7428,ResetCharacterClassSlideStatus,xff-symbol,high,recomp,
0x011B7440,0x011B7468,MANAGER,sub_011B7440,ResetCharacterClassMotionInterpRootOfs,xff-symbol,high,recomp,
0x011B7468,0x011B7588,MANAGER,sub_011B7468,GetScalableTurnQuaternionArray,xff-symbol+reloc-jal,high,recomp,
0x011B7588,0x011B7650,MANAGER,sub_011B7588,GetCharacterClassCurrentAnimationPositionInfo,xff-symbol,high,recomp,
0x011B7650,0x011B7668,MANAGER,sub_011B7650,GetCharacterClassCurAnimationFrameRate,xff-symbol+reloc-jal,high,recomp,
0x011B7668,0x011B76C4,MANAGER,sub_011B7668,GetCharacterClassCurAnimationTotalFrame,xff-symbol+reloc-jal,high,recomp,
0x011B76C8,0x011B76DC,MANAGER,sub_011B76C8,GetCharacterClassCurAnimationCurFrame,xff-symbol+reloc-jal,high,recomp,
0x011B76E0,0x011B7734,MANAGER,sub_011B76E0,regularizeMatAry,xff-symbol+reloc-jal,high,recomp,
0x011B7738,0x011B77D4,MANAGER,sub_011B7738,acceptMotionShiftFunc,xff-symbol+reloc-jal,high,recomp,
0x011B77D8,0x011B7878,MANAGER,sub_011B77D8,GetCalcNumObjWorkSize,xff-symbol+reloc-jal,high,recomp,
0x011B7878,0x011B794C,MANAGER,sub_011B7878,GetCharSuspension1D,xff-symbol+reloc-jal,high,recomp,
0x011B7950,0x011B797C,MANAGER,sub_011B7950,SetCharacterObjControlCallBackFunc,xff-symbol,high,recomp,
0x011B7980,0x011B79AC,MANAGER,sub_011B7980,SetCharacterObjAfterMotOrientCallBackFunc,xff-symbol,high,recomp,
0x011B79B0,0x011B79DC,MANAGER,sub_011B79B0,SetCharacterObjControlBypassFunc,xff-symbol,high,recomp,
0x011B79E0,0x011B7A78,MANAGER,sub_011B79E0,ChangeCharacterObjCollisionEnableFlag,xff-symbol+reloc-jal,high,recomp,
0x011B7A78,0x011B7B6C,MANAGER,sub_011B7A78,ChangeCharacterObjCollisionResourceAttribute,xff-symbol,high,recomp,
0x011B7B70,0x011B7BDC,MANAGER,sub_011B7B70,SetCharacterObjCollisionProcFlag,xff-symbol,high,recomp,
0x011B7BE0,0x011B7C04,MANAGER,sub_011B7BE0,GetGeometryPointerCharColAttr,xff-symbol,high,recomp,
0x011B7C08,0x011B7C88,MANAGER,sub_011B7C08,GetParentCharColAttr,xff-symbol+reloc-j,high,recomp,
0x011B7C88,0x011B7D40,MANAGER,sub_011B7C88,DebugGetParentCharColAttr,xff-symbol+reloc-jal,high,recomp,
0x011B7D40,0x011B7EB8,MANAGER,sub_011B7D40,PredictMotionGeometryPotential,xff-symbol,high,recomp,
0x011B7EB8,0x011B804C,MANAGER,sub_011B7EB8,PredictMotionGeometryPotentialWithScaleElem,xff-symbol,high,recomp,
0x011B8050,0x011B81CC,MANAGER,sub_011B8050,GetCharacterClassMotionInterpNodePosition,xff-symbol,high,recomp,
0x011B81D0,0x011B8324,MANAGER,sub_011B81D0,GetCharacterClassMotionInterpNodeLastPosition,xff-symbol,high,recomp,
0x011B8328,0x011B836C,MANAGER,sub_011B8328,GetCharacterClassMotionPhysicalNodeID,xff-symbol+reloc-jal,high,recomp,
0x011B8370,0x011B83D4,MANAGER,sub_011B8370,SetCharacterClassRootQuaternion,xff-symbol+reloc-jal,high,recomp,
0x011B83D8,0x011B846C,MANAGER,sub_011B83D8,SetCharacterClassRootQuaternionWithInterpolationGeometry,xff-symbol+reloc-j,high,recomp,
0x011B8470,0x011B849C,MANAGER,sub_011B8470,GetCharacterObjMotionShiftCallBackMaxEntry,xff-symbol,high,recomp,
0x011B84A0,0x011B8500,MANAGER,sub_011B84A0,ResetCharacterObjMotionShiftCallBackEntryAll,xff-symbol,high,recomp,
0x011B8500,0x011B8584,MANAGER,sub_011B8500,SetCharacterObjMotionShiftCallBackEntry,xff-symbol,high,recomp,
0x011B8588,0x011B85B4,MANAGER,sub_011B8588,SetCharacterObjParentPlaneDiscontinuousJudgeFunc,xff-symbol,high,recomp,
0x011B85B8,0x011B85E8,MANAGER,sub_011B85B8,SetCharacterObjParentPointXZFitGpChangeJudgeFunc,xff-symbol,high,recomp,
0x011B85E8,0x011B8618,MANAGER,sub_011B85E8,SetCharacterObjColSphereOverrideFunc,xff-symbol+reloc-jal,high,recomp,
0x011B8618,0x011B8674,MANAGER,sub_011B8618,SetInertiaRotInterpMode,xff-symbol,high,recomp,
0x011B8678,0x011B8750,MANAGER,sub_011B8678,DebugDispCharacterStatus,xff-symbol,high,recomp,
0x011B8750,0x011B87BC,MANAGER,sub_011B8750,CallMotShiftCallBackElemLeaveFunc,xff-symbol+reloc-jal+reloc-j,high,recomp,
0x011B87C0,0x011B882C,MANAGER,sub_011B87C0,CallMotShiftCallBackElemEntryFunc,xff-symbol+reloc-jal+reloc-j,high,recomp,
0x011B8830,0x011B885C,MANAGER,sub_011B8830,SetCharacterObjScriptKeyEnableFlagOnDemoOrient,xff-symbol,high,recomp,
0x011B8860,0x011B8894,MANAGER,sub_011B8860,UnlinkSecureParentInfo,xff-symbol+reloc-jal+reloc-j,high,recomp,
0x011B8898,0x011B88FC,MANAGER,sub_011B8898,LinkSecureParentInfoByGP,xff-symbol+reloc-jal+reloc-j,high,recomp,
0x011B8900,0x011B896C,MANAGER,sub_011B8900,LinkSecureParentInfoByDBPos,xff-symbol+reloc-jal,high,recomp,
0x011B8970,0x011B8AB4,MANAGER,sub_011B8970,ResetCharacterObj4DDynamicsInfo,xff-symbol,high,recomp,
0x011B8AB8,0x011B8AD8,MANAGER,sub_011B8AB8,InitSecureParentInfo,xff-symbol,high,recomp,
0x011B8AD8,0x011B8AE4,MANAGER,sub_011B8AD8,getMotionDebugPrintMode,xff-symbol,high,recomp,
0x011B8AE8,0x011B8AF4,MANAGER,sub_011B8AE8,getAddMotionEnableFlag,xff-symbol,high,recomp,
0x011B8AF8,0x011B8B04,MANAGER,sub_011B8AF8,getIkControlEnableFlag,xff-symbol,high,recomp,
0x011B8B08,0x011B8B14,MANAGER,sub_011B8B08,getRootMoveDisableFlag,xff-symbol,high,recomp,
0x011B8B18,0x011B8B24,MANAGER,sub_011B8B18,dispCollisionFinderFlag,xff-symbol,high,recomp,
0x011B8B28,0x011B8B34,MANAGER,sub_011B8B28,dispCollisionKeepAreaFlag,xff-symbol,high,recomp,
0x011B8B38,0x011B8B44,MANAGER,sub_011B8B38,getCollisionDisableAtDirectPlayFlag,xff-symbol,high,recomp,
0x011B8B48,0x011B8BFC,MANAGER,sub_011B8B48,GetCharacterClassMotionBaseQ,xff-symbol,high,recomp,
0x011B8C00,0x011B8F0C,MANAGER,sub_011B8C00,fittingwithrot,xff-symbol,high,recomp,
0x011B8F10,0x011B8F50,MANAGER,sub_011B8F10,,reloc-jal,high,recomp,
0x011B8F50,0x011B8F84,MANAGER,sub_011B8F50,getoptnodephysicalnodeid,xff-symbol,high,recomp,
0x011B8F88,0x011B9070,MANAGER,sub_011B8F88,GetCharacterClassNodeMatQuaternionPos,xff-symbol,high,recomp,
0x011B9070,0x011B90A0,MANAGER,sub_011B9070,EnableCharacterObjAdditionMotion,xff-symbol,high,recomp,
0x011B90A0,0x011B90CC,MANAGER,sub_011B90A0,DisableCharacterObjAdditionMotion,xff-symbol,high,recomp,
0x011B90D0,0x011B9100,MANAGER,sub_011B90D0,DisableCharacterObjAddParentVelocity,xff-symbol,high,recomp,
0x011B9100,0x011B912C,MANAGER,sub_011B9100,EnableCharacterObjAddParentVelocity,xff-symbol,high,recomp,
0x011B9130,0x011B9214,MANAGER,sub_011B9130,ReleaseCharacterClassAddMotSyncAnimAll,xff-symbol,high,recomp,
0x011B9218,0x011B9278,MANAGER,sub_011B9218,,reloc-la,high,recomp,
0x011B9278,0x011B9510,MANAGER,sub_011B9278,AddCharacterClassOptionNodeSubGeometry,xff-symbol+reloc-jal,high,recomp,
0x011B9510,0x011B98E8,MANAGER,sub_011B9510,,reloc-jal,high,recomp,
0x011B98E8,0x011B9C00,MANAGER,sub_011B98E8,,reloc-jal,high,recomp,
0x011B9C00,0x011B9E48,MANAGER,sub_011B9C00,,reloc-jal,high,recomp,
0x011B9E48,0x011BA8D0,MANAGER,sub_011B9E48,,reloc-jal,high,recomp,
0x011BA8D0,0x011BAB14,MANAGER,sub_011BA8D0,AddCharacterClassSubGeometries,xff-symbol+reloc-jal,high,recomp,
0x011BAB18,0x011BB4B0,MANAGER,sub_011BAB18,,reloc-jal,high,recomp,
0x011BB4B0,0x011BBE60,MANAGER,sub_011BB4B0,,reloc-jal,high,recomp,
0x011BBE60,0x011BC318,MANAGER,sub_011BBE60,,reloc-jal,high,recomp,
0x011BC318,0x011BC338,MANAGER,sub_011BC318,SetCharacterClassGazeAdditionChannelInfo,xff-symbol,high,recomp,
0x011BC338,0x011BC3C0,MANAGER,sub_011BC338,GetOptionNodePhysicalNodeId,xff-symbol+reloc-jal,high,recomp,
0x011BC3C0,0x011BC464,MANAGER,sub_011BC3C0,AddCharacterClassOptionNodeSubGeometries,xff-symbol+reloc-jal,high,recomp,
0x011BC468,0x011BC520,MANAGER,sub_011BC468,AddSubGeometry,xff-symbol+reloc-jal,high,recomp,
0x011BC520,0x011BC6B0,MANAGER,sub_011BC520,,reloc-jal,high,recomp,
0x011BC6B0,0x011BC8A4,MANAGER,sub_011BC6B0,AddCharacterClassSubGeometriesOfMatrix,xff-symbol+reloc-jal,high,recomp,
0x011BC8A8,0x011BC910,MANAGER,sub_011BC8A8,GetCharacterClassGazeAddMotions,xff-symbol+reloc-jal,high,recomp,
0x011BC910,0x011BC954,MANAGER,sub_011BC910,InitGazeAddChannelDef,xff-symbol+reloc-jal,high,recomp,
0x011BC958,0x011BCB10,MANAGER,sub_011BC958,,reloc-jal,high,recomp,
0x011BCB10,0x011BCE00,MANAGER,sub_011BCB10,,reloc-jal,high,recomp,
0x011BCE00,0x011BD750,MANAGER,sub_011BCE00,,reloc-jal,high,recomp,
0x011BD750,0x011BF4B0,MANAGER,sub_011BD750,,reloc-jal,high,recomp,
0x011BF4B0,0x011BF620,MANAGER,sub_011BF4B0,,reloc-jal,high,recomp,
0x011BF620,0x011BF734,MANAGER,sub_011BF620,GetControlCheckStatusFromGP,xff-symbol+reloc-jal,high,recomp,
0x011BF738,0x011BFA10,MANAGER,sub_011BF738,,reloc-jal,high,recomp,
0x011BFA10,0x011BFE54,MANAGER,sub_011BFA10,PredictMotionOrientByScriptCtrl,xff-symbol,high,recomp,
0x011BFE58,0x011C07C8,MANAGER,sub_011BFE58,,reloc-jal,high,recomp,
0x011C07C8,0x011C17F8,MANAGER,sub_011C07C8,,reloc-j,medium,recomp,
0x011C17F8,0x011C1820,MANAGER,sub_011C17F8,ChangeCharacterObjControlTarget,xff-symbol+reloc-jal,high,recomp,
0x011C1820,0x011C1894,MANAGER,sub_011C1820,ChangeCharacterObjControlledTarget,xff-symbol+reloc-jal,high,recomp,
0x011C1898,0x011C1984,MANAGER,sub_011C1898,CharaCtrlSearchControlChange,xff-symbol,high,recomp,
0x011C1988,0x011C1A74,MANAGER,sub_011C1988,CheckControlDef,xff-symbol+reloc-jal,high,recomp,
0x011C1A78,0x011C1B44,MANAGER,sub_011C1A78,CheckControlDefByStatus,xff-symbol+reloc-jal,high,recomp,
0x011C1B48,0x011C1B7C,MANAGER,sub_011C1B48,CharaCtrlPlayableControl,xff-symbol,high,recomp,
0x011C1B80,0x011C1BB4,MANAGER,sub_011C1B80,CharaCtrlPlayableControlExt,xff-symbol,high,recomp,
0x011C1BB8,0x011C1C84,MANAGER,sub_011C1BB8,CharaCtrlAIControl,xff-symbol,high,recomp,
0x011C1C88,0x011C1D58,MANAGER,sub_011C1C88,CharaCtrlResetCtrlStatus,xff-symbol+reloc-jal,high,recomp,
0x011C1D58,0x011C1DCC,MANAGER,sub_011C1D58,CharaCtrlResetAllScriptCtrlStatus,xff-symbol,high,recomp,
0x011C1DD0,0x011C1E64,MANAGER,sub_011C1DD0,CharaCtrlSetScriptCtrlStatus,xff-symbol,high,recomp,
0x011C1E68,0x011C1F00,MANAGER,sub_011C1E68,CharaCtrlResetScriptCtrlStatus,xff-symbol,high,recomp,
0x011C1F00,0x011C1FC4,MANAGER,sub_011C1F00,CharaCtrlResetPlayableCtrlStatus,xff-symbol,high,recomp,
0x011C1FC8,0x011C205C,MANAGER,sub_011C1FC8,CharaCtrlSetOutsideScriptCtrlStatus,xff-symbol+reloc-jal,high,recomp,
0x011C2060,0x011C2144,MANAGER,sub_011C2060,CharaCtrlSetScriptCtrlStatusCallBack,xff-symbol,high,recomp,
0x011C2148,0x011C2190,MANAGER,sub_011C2148,InitScriptControlButtonCallBack,xff-symbol+reloc-jal,high,recomp,
0x011C2190,0x011C2280,MANAGER,sub_011C2190,CheckParentCharOrLwsOrient,xff-symbol,high,recomp,
0x011C2280,0x011C2320,MANAGER,sub_011C2280,IsParentCharOrLwsOrient,xff-symbol+reloc-jal,high,recomp,
0x011C2320,0x011C233C,MANAGER,sub_011C2320,ForceAcceptMotionControlChange,xff-symbol+reloc-jal,high,recomp,
0x011C2340,0x011C234C,MANAGER,sub_011C2340,getMotionPrintTarget,xff-symbol,high,recomp,
0x011C2350,0x011C235C,MANAGER,sub_011C2350,getLocalAccelDispFlag,xff-symbol,high,recomp,
0x011C2360,0x011C236C,MANAGER,sub_011C2360,getScriptSwitchDispSw,xff-symbol,high,recomp,
0x011C2370,0x011C2378,MANAGER,sub_011C2370,resetOutsideScriptCtrlStatus,xff-symbol,high,recomp,
0x011C2378,0x011C2388,MANAGER,sub_011C2378,GetPadControlFlag,xff-symbol,high,recomp,
0x011C2388,0x011C23CC,MANAGER,sub_011C2388,checkScriptControlDef,xff-symbol,high,recomp,
0x011C23D0,0x011C23DC,MANAGER,sub_011C23D0,YattsukeSetPlayerR1ON,xff-symbol,high,recomp,
0x011C23E0,0x011C23F8,MANAGER,sub_011C23E0,ResetCharacterClassMailRelationalTriggerFlags,xff-symbol+reloc-jal,high,recomp,
0x011C23F8,0x011C2514,MANAGER,sub_011C23F8,RecvCharacterObjMail,xff-symbol+reloc-jal,high,recomp,
0x011C2518,0x011C2610,MANAGER,sub_011C2518,SendCharaAttackMsg,xff-symbol,high,recomp,
0x011C2610,0x011C265C,MANAGER,sub_011C2610,SendCharaControlChangeMsg,xff-symbol,high,recomp,
0x011C2660,0x011C26EC,MANAGER,sub_011C2660,SendCharaControlledChangeMsg,xff-symbol,high,recomp,
0x011C26F0,0x011C273C,MANAGER,sub_011C26F0,SendCharaMotionSyncStartMsg,xff-symbol,high,recomp,
0x011C2740,0x011C278C,MANAGER,sub_011C2740,SendCharaAddMotionSyncStartMsg,xff-symbol,high,recomp,
0x011C2790,0x011C283C,MANAGER,sub_011C2790,SendCharaNodeParentSetMsg,xff-symbol,high,recomp,
0x011C2840,0x011C2948,MANAGER,sub_011C2840,,reloc-jal,high,recomp,
0x011C2948,0x011C2B88,MANAGER,sub_011C2948,,reloc-jal,high,recomp,
0x011C2B88,0x011C2D70,MANAGER,sub_011C2B88,,reloc-jal,high,recomp,
0x011C2D70,0x011C2F60,MANAGER,sub_011C2D70,ForceAcceptMotion,xff-symbol+reloc-jal,high,recomp,
0x011C2F60,0x011C3054,MANAGER,sub_011C2F60,ResetCharacterClassAnimeFrameTableInfo,xff-symbol+reloc-jal+reloc-j,high,recomp,
0x011C3058,0x011C3170,MANAGER,sub_011C3058,,reloc-jal,high,recomp,
0x011C3170,0x011C3968,MANAGER,sub_011C3170,,reloc-jal,high,recomp,
0x011C3968,0x011C3B70,MANAGER,sub_011C3968,,reloc-jal,high,recomp,
0x011C3B70,0x011C3D90,MANAGER,sub_011C3B70,,reloc-jal,high,recomp,
0x011C3D90,0x011C3F40,MANAGER,sub_011C3D90,,reloc-jal,high,recomp,
0x011C3F40,0x011C41B0,MANAGER,sub_011C3F40,,reloc-jal,high,recomp,
0x011C41B0,0x011C4508,MANAGER,sub_011C41B0,,reloc-jal,high,recomp,
0x011C4508,0x011C4CB0,MANAGER,sub_011C4508,,reloc-jal,high,recomp,
0x011C4CB0,0x011C4F20,MANAGER,sub_011C4CB0,,reloc-jal,high,recomp,
0x011C4F20,0x011C5EB8,MANAGER,sub_011C4F20,,reloc-jal,high,recomp,
0x011C5EB8,0x011C65B0,MANAGER,sub_011C5EB8,,reloc-jal,high,recomp,
0x011C65B0,0x011C6818,MANAGER,sub_011C65B0,,reloc-la,high,recomp,
0x011C6818,0x011C6E0C,MANAGER,sub_011C6818,character_motchange_adjustrootrot,xff-symbol+reloc-jal,high,recomp,
0x011C6E10,0x011C76B8,MANAGER,sub_011C6E10,,reloc-jal,high,recomp,
0x011C76B8,0x011C79B0,MANAGER,sub_011C76B8,,reloc-jal,high,recomp,
0x011C79B0,0x011C7B88,MANAGER,sub_011C79B0,,reloc-jal,high,recomp,
0x011C7B88,0x011C7E98,MANAGER,sub_011C7B88,,reloc-jal,high,recomp,
0x011C7E98,0x011C84F0,MANAGER,sub_011C7E98,,reloc-jal,high,recomp,
0x011C84F0,0x011C86E0,MANAGER,sub_011C84F0,OptimizeMotionOrient,xff-symbol+reloc-jal,high,recomp,
0x011C86E0,0x011C8730,MANAGER,sub_011C86E0,SearchSubAnimation,xff-symbol+reloc-jal,high,recomp,
0x011C8730,0x011C8748,MANAGER,sub_011C8730,RequestCharacterClassSlip,xff-symbol+reloc-jal,high,recomp,
0x011C8748,0x011C8754,MANAGER,sub_011C8748,RequestCharacterClassNoClimbableSlip,xff-symbol+reloc-jal,high,recomp,
0x011C8758,0x011C8784,MANAGER,sub_011C8758,RequestCharacterClassMotionChange,xff-symbol,high,recomp,
0x011C8788,0x011C87C0,MANAGER,sub_011C8788,RequestCharacterClassAdditionMotionChange,xff-symbol+reloc-jal,high,recomp,
0x011C87C0,0x011C87F0,MANAGER,sub_011C87C0,RequestCharacterClassMotionChangeWithParam,xff-symbol+reloc-jal,high,recomp,
0x011C87F0,0x011C8804,MANAGER,sub_011C87F0,RequestCharacterClassMotionDirection,xff-symbol+reloc-jal,high,recomp,
0x011C8808,0x011C8814,MANAGER,sub_011C8808,RequestCharacterClassMotionDirectionByGPTop,xff-symbol+reloc-jal,high,recomp,
0x011C8818,0x011C8824,MANAGER,sub_011C8818,RequestCharacterClassMotionDirectionByGPTail,xff-symbol+reloc-jal,high,recomp,
0x011C8828,0x011C8834,MANAGER,sub_011C8828,RequestCharacterClassMotionDirectionByGPAirBalanceDir,xff-symbol,high,recomp,
0x011C8838,0x011C8848,MANAGER,sub_011C8838,RequestCharacterClassMotionTurnLevel,xff-symbol+reloc-jal,high,recomp,
0x011C8848,0x011C8854,MANAGER,sub_011C8848,RequestCharacterClassRootOffset,xff-symbol+reloc-jal,high,recomp,
0x011C8858,0x011C8864,MANAGER,sub_011C8858,RequestCharacterClassMotionPlaySpeedUp,xff-symbol+reloc-jal,high,recomp,
0x011C8868,0x011C8874,MANAGER,sub_011C8868,RequestCharacterClassMotionPlaySpeedDown,xff-symbol+reloc-jal,high,recomp,
0x011C8878,0x011C8884,MANAGER,sub_011C8878,RequestCharacterClassMotionPlaySpeedDown2,xff-symbol+reloc-jal,high,recomp,
0x011C8888,0x011C8894,MANAGER,sub_011C8888,RequestCharacterClassWindForceMove,xff-symbol+reloc-jal,high,recomp,
0x011C8898,0x011C88D8,MANAGER,sub_011C8898,ResetCharacterClassMotionShiftInfo,xff-symbol+reloc-jal,high,recomp,
0x011C88D8,0x011C8958,MANAGER,sub_011C88D8,DebugCallCharacterObjMotionLeaveFunc,xff-symbol,high,recomp,
0x011C8958,0x011C8980,MANAGER,sub_011C8958,SetCharacterObjDemoCutFinishFlag,xff-symbol+reloc-jal,high,recomp,
0x011C8980,0x011C8990,MANAGER,sub_011C8980,CancelCharacterClassMotionChange,xff-symbol,high,recomp,
0x011C8990,0x011C89F0,MANAGER,sub_011C8990,getTurnLimitInterp,xff-symbol,high,recomp,
0x011C89F0,0x011C8A38,MANAGER,sub_011C89F0,getRatioFromInterp,xff-symbol,high,recomp,
0x011C8A38,0x011C8B54,MANAGER,sub_011C8A38,PredictMotionChangeState,xff-symbol,high,recomp,
0x011C8B58,0x011C8C6C,MANAGER,sub_011C8B58,FinishCharacterObjAllAdditionMotion,xff-symbol+reloc-jal,high,recomp,
0x011C8C70,0x011C8C7C,MANAGER,sub_011C8C70,getMotionInterpMode,xff-symbol,high,recomp,
0x011C8C80,0x011C8C8C,MANAGER,sub_011C8C80,getJumpSpeedLimitEnableFlag,xff-symbol,high,recomp,
0x011C8C90,0x011C8D10,MANAGER,sub_011C8C90,callEntryFunc,xff-symbol+reloc-jal,high,recomp,
0x011C8D10,0x011C8EE4,MANAGER,sub_011C8D10,entrySyncAnim,xff-symbol+reloc-jal,high,recomp,
0x011C8EE8,0x011C8F28,MANAGER,sub_011C8EE8,SetMotionMinimumSpeed,xff-symbol,high,recomp,
0x011C8F28,0x011C8F68,MANAGER,sub_011C8F28,SetMotionMaximumSpeed,xff-symbol,high,recomp,
0x011C8F68,0x011C8F98,MANAGER,sub_011C8F68,ContinueMotionCurrentSpeed,xff-symbol,high,recomp,
0x011C8F98,0x011C9450,MANAGER,sub_011C8F98,checkShift,xff-symbol,high,recomp,
0x011C9450,0x011C946C,MANAGER,sub_011C9450,SetCharacterObjMotionJumpSpeedLimit,xff-symbol,high,recomp,
0x011C9470,0x011C9554,MANAGER,sub_011C9470,GetMainAnimation,xff-symbol+reloc-jal,high,recomp,
0x011C9558,0x011C95F8,MANAGER,sub_011C9558,GetSubAnimation,xff-symbol+reloc-jal,high,recomp,
0x011C95F8,0x011C99C8,MANAGER,sub_011C95F8,,reloc-jal,high,recomp,
0x011C99C8,0x011C9E88,MANAGER,sub_011C99C8,charrootdyn_acceptMotionRootOffset,xff-symbol+reloc-jal,high,recomp,
0x011C9E88,0x011CA090,MANAGER,sub_011C9E88,,reloc-la,high,recomp,
0x011CA090,0x011CA388,MANAGER,sub_011CA090,charrootdyn_getCollisionDB,xff-symbol+reloc-jal,high,recomp,
0x011CA388,0x011CA55C,MANAGER,sub_011CA388,charrootdyn_getParentedEdgeInfo,xff-symbol+reloc-jal,high,recomp,
0x011CA560,0x011CA8F0,MANAGER,sub_011CA560,,reloc-jal,high,recomp,
0x011CA8F0,0x011CADD8,MANAGER,sub_011CA8F0,,reloc-jal,high,recomp,
0x011CADD8,0x011CAFB0,MANAGER,sub_011CADD8,,reloc-jal,high,recomp,
0x011CAFB0,0x011CB3F8,MANAGER,sub_011CAFB0,,reloc-jal,high,recomp,
0x011CB3F8,0x011CB6E4,MANAGER,sub_011CB3F8,charrootdyn_updateParentPointGPInfo,xff-symbol+reloc-jal,high,recomp,
0x011CB6E8,0x011CB894,MANAGER,sub_011CB6E8,charrootdyn_getChainStatus,xff-symbol+reloc-jal,high,recomp,
0x011CB898,0x011CBA14,MANAGER,sub_011CB898,charrootdyn_getNipPlaneStatus,xff-symbol+reloc-jal,high,recomp,
0x011CBA18,0x011CBF9C,MANAGER,sub_011CBA18,GetCharaVCollisionStatus,xff-symbol+reloc-jal,high,recomp,
0x011CBFA0,0x011CC87C,MANAGER,sub_011CBFA0,charrootdyn_HslidecollisionCB,xff-symbol+reloc-jal,high,recomp,
0x011CC880,0x011CCAD4,MANAGER,sub_011CC880,charrootdyn_setkeepcolhitstatus,xff-symbol+reloc-jal,high,recomp,
0x011CCAD8,0x011CCE64,MANAGER,sub_011CCAD8,charrootdyn_slidecollisionCB,xff-symbol+reloc-jal,high,recomp,
0x011CCE68,0x011CD1A8,MANAGER,sub_011CCE68,,reloc-jal,high,recomp,
0x011CD1A8,0x011CD718,MANAGER,sub_011CD1A8,getAverageNormal,xff-symbol+reloc-jal,high,recomp,
0x011CD718,0x011CDC4C,MANAGER,sub_011CD718,charrootdyn_getCompleteFittingYQFromStabGPWithSlopeLimit_X,xff-symbol+reloc-jal,high,recomp,
0x011CDC50,0x011CDE00,MANAGER,sub_011CDC50,,reloc-j+reloc-jal,medium,recomp,
0x011CDE00,0x011CDFE8,MANAGER,sub_011CDE00,charrootdyn_setLandingStatus,xff-symbol+reloc-jal,high,recomp,
0x011CDFE8,0x011CEAB8,MANAGER,sub_011CDFE8,,reloc-jal+reloc-j,high,recomp,
0x011CEAB8,0x011CEDD0,MANAGER,sub_011CEAB8,,reloc-jal,high,recomp,
0x011CEDD0,0x011CF078,MANAGER,sub_011CEDD0,,reloc-jal,high,recomp,
0x011CF078,0x011CF36C,MANAGER,sub_011CF078,charrootdyn_parentHColGp,xff-symbol,high,recomp,
0x011CF370,0x011CF7B0,MANAGER,sub_011CF370,charnodeparent,xff-symbol+reloc-jal,high,recomp,
0x011CF7B0,0x011CFCCC,MANAGER,sub_011CF7B0,norootdynamics,xff-symbol+reloc-jal,high,recomp,
0x011CFCD0,0x011D0B40,MANAGER,sub_011CFCD0,GetCharaRootDynamics,xff-symbol+reloc-jal,high,recomp,
0x011D0B40,0x011D1320,MANAGER,sub_011D0B40,GetCharaRootDynamicsAfter,xff-symbol+reloc-jal,high,recomp,
0x011D1320,0x011D1530,MANAGER,sub_011D1320,ReparentCharacterObj,xff-symbol+reloc-jal,high,recomp,
0x011D1530,0x011D1874,MANAGER,sub_011D1530,charrootdyn_getCyclicCollisionDetectZYOneWay,xff-symbol,high,recomp,
0x011D1878,0x011D1C04,MANAGER,sub_011D1878,charrootdyn_getCyclicCollisionDetectZY,xff-symbol+reloc-jal,high,recomp,
0x011D1C08,0x011D1C20,MANAGER,sub_011D1C08,ResetCharacterClassPositionMemoryInfo,xff-symbol+reloc-jal,high,recomp,
0x011D1C20,0x011D1D10,MANAGER,sub_011D1C20,ResetCharacterClassDynamicsElement,xff-symbol,high,recomp,
0x011D1D10,0x011D1D30,MANAGER,sub_011D1D10,charrootdyn_clipNoStopCollisionFinder,xff-symbol+reloc-jal,high,recomp,
0x011D1D30,0x011D1D8C,MANAGER,sub_011D1D30,charrootdyn_slidecollision,xff-symbol+reloc-jal,high,recomp,
0x011D1D90,0x011D1EE4,MANAGER,sub_011D1D90,charrootdyn_getCollisionDBwithFunc,xff-symbol,high,recomp,
0x011D1EE8,0x011D1F30,MANAGER,sub_011D1EE8,charrootdyn_getInterpVector,xff-symbol+reloc-jal,high,recomp,
0x011D1F30,0x011D1F80,MANAGER,sub_011D1F30,charrootdyn_getInterpPoint,xff-symbol+reloc-jal,high,recomp,
0x011D1F80,0x011D2048,MANAGER,sub_011D1F80,charrootdyn_getGPPlaneInfo,xff-symbol+reloc-jal,high,recomp,
0x011D2048,0x011D2100,MANAGER,sub_011D2048,charrootdyn_getGPPlaneInfoWithVPlane,xff-symbol+reloc-jal,high,recomp,
0x011D2100,0x011D2108,MANAGER,sub_011D2100,charrootdyn_getUpperEdgeEffectiveHeight,xff-symbol+reloc-jal,high,recomp,
0x011D2108,0x011D2160,MANAGER,sub_011D2108,charrootdyn_checkHangableEdgeWall,xff-symbol+reloc-jal,high,recomp,
0x011D2160,0x011D2248,MANAGER,sub_011D2160,charrootdyn_detectCharClimbableWall,xff-symbol+reloc-jal,high,recomp,
0x011D2248,0x011D2314,MANAGER,sub_011D2248,charrootdyn_detectCharClimbableWallContinue,xff-symbol+reloc-jal,high,recomp,
0x011D2318,0x011D246C,MANAGER,sub_011D2318,charrootdyn_checkZplane,xff-symbol+reloc-jal,high,recomp,
0x011D2470,0x011D24CC,MANAGER,sub_011D2470,charrootdyn_setHColFindStatus,xff-symbol+reloc-jal,high,recomp,
0x011D24D0,0x011D2518,MANAGER,sub_011D24D0,charrootdyn_getLandingSurface,xff-symbol+reloc-jal,high,recomp,
0x011D2518,0x011D25A8,MANAGER,sub_011D2518,charrootdyn_slideExceptionJudgeCB,xff-symbol+reloc-la,high,recomp,
0x011D25A8,0x011D25D8,MANAGER,sub_011D25A8,charrootdyn_getSlideCollisionJudgeCBArg,xff-symbol+reloc-jal,high,recomp,
0x011D25D8,0x011D269C,MANAGER,sub_011D25D8,charrootdyn_checkUnderWater,xff-symbol+reloc-jal,high,recomp,
0x011D26A0,0x011D2820,MANAGER,sub_011D26A0,charrootdyn_getWaterStatus,xff-symbol+reloc-jal,high,recomp,
0x011D2820,0x011D2A24,MANAGER,sub_011D2820,charrootdyn_addSlideElement,xff-symbol+reloc-jal,high,recomp,
0x011D2A28,0x011D2ACC,MANAGER,sub_011D2A28,ResetCharacterObjGeoDynamics,xff-symbol,high,recomp,
0x011D2AD0,0x011D2B04,MANAGER,sub_011D2AD0,charrootdyn_getvelocity,xff-symbol+reloc-jal,high,recomp,
0x011D2B08,0x011D2C1C,MANAGER,sub_011D2B08,charrootdyn_addWindDynamicsToRoot,xff-symbol+reloc-jal,high,recomp,
0x011D2C20,0x011D2CE0,MANAGER,sub_011D2C20,charrootdyn_getPlaneYFittingVector,xff-symbol+reloc-jal,high,recomp,
0x011D2CE0,0x011D2E4C,MANAGER,sub_011D2CE0,charrootdyn_getLocalOffsetFromParentGP,xff-symbol+reloc-jal+reloc-j,high,recomp,
0x011D2E50,0x011D2F64,MANAGER,sub_011D2E50,charrootdyn_getCompleteFittingYQFromYDir,xff-symbol+reloc-jal,high,recomp,
0x011D2F68,0x011D3028,MANAGER,sub_011D2F68,charrootdyn_findLocalYGeometryPoint,xff-symbol+reloc-jal,high,recomp,
0x011D3028,0x011D305C,MANAGER,sub_011D3028,charrootdyn_findGlobalYGeometryPoint,xff-symbol,high,recomp,
0x011D3060,0x011D31C0,MANAGER,sub_011D3060,charrootdyn_checkIYplane4D,xff-symbol+reloc-jal,high,recomp,
0x011D31C0,0x011D331C,MANAGER,sub_011D31C0,charrootdyn_checkIYplane3D,xff-symbol,high,recomp,
0x011D3320,0x011D3478,MANAGER,sub_011D3320,charrootdyn_checkIYPlane3DWithPos,xff-symbol,high,recomp,
0x011D3478,0x011D3608,MANAGER,sub_011D3478,charrootdyn_getCompleteFittingYQFromStabGPWithSlopeLimit,xff-symbol+reloc-jal,high,recomp,
0x011D3608,0x011D37B4,MANAGER,sub_011D3608,charrootdyn_getCompleteFittingPlaneFromStabGPWithSlopeLimit,xff-symbol+reloc-jal,high,recomp,
0x011D37B8,0x011D386C,MANAGER,sub_011D37B8,charrootdyn_getGPRelativePositionWithQ,xff-symbol+reloc-jal,high,recomp,
0x011D3870,0x011D3A34,MANAGER,sub_011D3870,charrootdyn_getLocalYGlobalXZOffsetFromParentGP,xff-symbol+reloc-jal,high,recomp,
0x011D3A38,0x011D3B14,MANAGER,sub_011D3A38,SetCharacterClassWindDynamics,xff-symbol,high,recomp,
0x011D3B18,0x011D3B24,MANAGER,sub_011D3B18,charrootdyn_setEdgeUpperPlaneInfoFlag,xff-symbol,high,recomp,
0x011D3B28,0x011D3B30,MANAGER,sub_011D3B28,charrootdyn_resetEdgeUpperPlaneInfoFlag,xff-symbol,high,recomp,
0x011D3B30,0x011D3BE4,MANAGER,sub_011D3B30,charrootdyn_setVColFindFlag,xff-symbol+reloc-jal,high,recomp,
0x011D3BE8,0x011D3C00,MANAGER,sub_011D3BE8,charrootdyn_resetHColFindFlag,xff-symbol+reloc-jal,high,recomp,
0x011D3C00,0x011D3C34,MANAGER,sub_011D3C00,charrootdyn_resetVColFindFlag,xff-symbol+reloc-jal,high,recomp,
0x011D3C38,0x011D3C6C,MANAGER,sub_011D3C38,charrootdyn_resetVColEdgeFindFlag,xff-symbol+reloc-jal,high,recomp,
0x011D3C70,0x011D3C88,MANAGER,sub_011D3C70,charrootdyn_resetChainFindStatus,xff-symbol+reloc-jal,high,recomp,
0x011D3C88,0x011D3CC0,MANAGER,sub_011D3C88,charrootdyn_resetkeepcolhitstatus,xff-symbol+reloc-jal,high,recomp,
0x011D3CC0,0x011D3E40,MANAGER,sub_011D3CC0,charrootdyn_restoreposition,xff-symbol+reloc-jal,high,recomp,
0x011D3E40,0x011D3EB0,MANAGER,sub_011D3E40,charrootdyn_getCharaFront_PlaneTopDifferenceXZAngle,xff-symbol,high,recomp,
0x011D3EB0,0x011D3F64,MANAGER,sub_011D3EB0,charrootdyn_getRegularColFinderPosition,xff-symbol+reloc-jal,high,recomp,
0x011D3F68,0x011D3F8C,MANAGER,sub_011D3F68,charrootdyn_getCollisionAttribute,xff-symbol,high,recomp,
0x011D3F90,0x011D4050,MANAGER,sub_011D3F90,charrootdyn_getOffsetGlobalPos,xff-symbol+reloc-jal,high,recomp,
0x011D4050,0x011D4074,MANAGER,sub_011D4050,charrootdyn_getForceLimitMode,xff-symbol,high,recomp,
0x011D4078,0x011D408C,MANAGER,sub_011D4078,charrootdyn_getNoLimitMode,xff-symbol+reloc-jal,high,recomp,
0x011D4090,0x011D40A4,MANAGER,sub_011D4090,charrootdyn_getForceNoLimitMode,xff-symbol+reloc-jal,high,recomp,
0x011D40A8,0x011D40E4,MANAGER,sub_011D40A8,charrootdyn_getLimitMode,xff-symbol+reloc-jal,high,recomp,
0x011D40E8,0x011D426C,MANAGER,sub_011D40E8,charrootdyn_checkSlopeLimit,xff-symbol+reloc-jal,high,recomp,
0x011D4270,0x011D4380,MANAGER,sub_011D4270,charrootdyn_getMotionRootInfo,xff-symbol+reloc-jal,high,recomp,
0x011D4380,0x011D4850,MANAGER,sub_011D4380,charrootdyn_getCyclicCollisionDetectZYOneWayCB,xff-symbol,high,recomp,
0x011D4850,0x011D4BE8,MANAGER,sub_011D4850,charrootdyn_getCyclicCollisionDetectZYOneWayComplexCB,xff-symbol+reloc-jal,high,recomp,
0x011D4BE8,0x011D4C94,MANAGER,sub_011D4BE8,GetRootRotStatus,xff-symbol+reloc-jal,high,recomp,
0x011D4C98,0x011D4CE0,MANAGER,sub_011D4C98,EnableCharacterObjMotionRootRotDynamics,xff-symbol+reloc-jal,high,recomp,
0x011D4CE0,0x011D4E3C,MANAGER,sub_011D4CE0,charrootdyn_detectCharEdge,xff-symbol+reloc-jal,high,recomp,
0x011D4E40,0x011D4E60,MANAGER,sub_011D4E40,charrootdyn_isParentToEdge,xff-symbol+reloc-jal,high,recomp,
0x011D4E60,0x011D4F24,MANAGER,sub_011D4E60,charrootdyn_getGPPlaneInfoByCollisionDBData,xff-symbol+reloc-jal,high,recomp,
0x011D4F28,0x011D5020,MANAGER,sub_011D4F28,charrootdyn_updateCharacterClassParentGeometry,xff-symbol+reloc-jal,high,recomp,
0x011D5020,0x011D510C,MANAGER,sub_011D5020,charrootdyn_getLocalOffsetFromParentGPwithGPCoordinate,xff-symbol+reloc-jal,high,recomp,
0x011D5110,0x011D5158,MANAGER,sub_011D5110,charrootdyn_setFallDownLandingOffset,xff-symbol,high,recomp,
0x011D5158,0x011D5270,MANAGER,sub_011D5158,charrootdyn_getEdgeEffectivityCheckRayPosition,xff-symbol,high,recomp,
0x011D5270,0x011D527C,MANAGER,sub_011D5270,getEdgeHangDebugFlag,xff-symbol,high,recomp,
0x011D5280,0x011D528C,MANAGER,sub_011D5280,getAirResistEnableFlag,xff-symbol,high,recomp,
0x011D5290,0x011D529C,MANAGER,sub_011D5290,getDisableExtendWallFlag,xff-symbol,high,recomp,
0x011D52A0,0x011D52E0,MANAGER,sub_011D52A0,,reloc-la,high,recomp,
0x011D52E0,0x011D53E0,MANAGER,sub_011D52E0,,reloc-la,high,recomp,
0x011D53E0,0x011D544C,MANAGER,sub_011D53E0,charrootdyn_exchangeEdgePointOtherSideSurface,xff-symbol,high,recomp,
0x011D5450,0x011D55FC,MANAGER,sub_011D5450,charrootdyn_checkParentGPPlaneDir,xff-symbol,high,recomp,
0x011D5600,0x011D5638,MANAGER,sub_011D5600,,reloc-la,high,recomp,
0x011D5638,0x011D580C,MANAGER,sub_011D5638,charrootdyn_memoryposition,xff-symbol,high,recomp,
0x011D5810,0x011D584C,MANAGER,sub_011D5810,charrootdyn_setChainFindStatus,xff-symbol,high,recomp,
0x011D5850,0x011D5898,MANAGER,sub_011D5850,motrootdyn_startfreefall,xff-symbol,high,recomp,
0x011D5898,0x011D5968,MANAGER,sub_011D5898,motrootdyn_startfreefall_from_pendulum,xff-symbol,high,recomp,
0x011D5968,0x011D5A28,MANAGER,sub_011D5968,,reloc-la,high,recomp,
0x011D5A28,0x011D5A58,MANAGER,sub_011D5A28,,reloc-la,high,recomp,
0x011D5A58,0x011D5AF8,MANAGER,sub_011D5A58,,reloc-la,high,recomp,
0x011D5AF8,0x011D5B10,MANAGER,sub_011D5AF8,freefallnostab,xff-symbol,high,recomp,
0x011D5B10,0x011D5C08,MANAGER,sub_011D5B10,motrootdyn_startmotionfall,xff-symbol,high,recomp,
0x011D5C08,0x011D5C20,MANAGER,sub_011D5C08,motionfall,xff-symbol,high,recomp,
0x011D5C20,0x011D5C9C,MANAGER,sub_011D5C20,charrootdyn_resetRootDynamicsWithLowerCollisionForXZ,xff-symbol,high,recomp,
0x011D5CA0,0x011D5D1C,MANAGER,sub_011D5CA0,charrootdyn_resetRootDynamicsWithLowerCollisionForXZFit,xff-symbol,high,recomp,
0x011D5D20,0x011D5D48,MANAGER,sub_011D5D20,,reloc-la,high,recomp,
0x011D5D48,0x011D5EA4,MANAGER,sub_011D5D48,motrootdyn_startcharnodeparent,xff-symbol,high,recomp,
0x011D5EA8,0x011D5F98,MANAGER,sub_011D5EA8,norootdynamics_vel_xzstab,xff-symbol,high,recomp,
0x011D5F98,0x011D6074,MANAGER,sub_011D5F98,norootdynamics_vel,xff-symbol,high,recomp,
0x011D6078,0x011D6220,MANAGER,sub_011D6078,directplay,xff-symbol,high,recomp,
0x011D6220,0x011D6264,MANAGER,sub_011D6220,charrootdyn_debugDispParentGeometryStatus,xff-symbol,high,recomp,
0x011D6268,0x011D6A48,MANAGER,sub_011D6268,,reloc-jal,high,recomp,
0x011D6A48,0x011D6D78,MANAGER,sub_011D6A48,,reloc-jal,high,recomp,
0x011D6D78,0x011D7518,MANAGER,sub_011D6D78,,reloc-jal,high,recomp,
0x011D7518,0x011D7BC8,MANAGER,sub_011D7518,,reloc-j,medium,recomp,
0x011D7BC8,0x011D7BD4,MANAGER,sub_011D7BC8,getIkExpressionSwBool,xff-symbol,high,recomp,
0x011D7BD8,0x011D7BE4,MANAGER,sub_011D7BD8,getRootFittingEnableFlag,xff-symbol,high,recomp,
0x011D7BE8,0x011D7BF4,MANAGER,sub_011D7BE8,getRootFittingMode,xff-symbol,high,recomp,
0x011D7BF8,0x011D7C04,MANAGER,sub_011D7BF8,getIkExpressionSw,xff-symbol,high,recomp,
0x011D7C08,0x011D7E80,MANAGER,sub_011D7C08,GetCharacterClassOptionNodeBasePos,xff-symbol,high,recomp,
0x011D7E80,0x011D7ECC,MANAGER,sub_011D7E80,resetExpressionLocalHeightDiff,xff-symbol+reloc-jal,high,recomp,
0x011D7ED0,0x011D7FDC,MANAGER,sub_011D7ED0,CalcRootFitting,xff-symbol+reloc-jal,high,recomp,
0x011D7FE0,0x011D8004,MANAGER,sub_011D7FE0,SetCharacterObjForceNoExpressionInterp,xff-symbol,high,recomp,
0x011D8008,0x011D8758,MANAGER,sub_011D8008,,reloc-jal,high,recomp,
0x011D8758,0x011D8A38,MANAGER,sub_011D8758,,reloc-jal,high,recomp,
0x011D8A38,0x011D8EFC,MANAGER,sub_011D8A38,edgepoint,xff-symbol+reloc-jal,high,recomp,
0x011D8F00,0x011D90D8,MANAGER,sub_011D8F00,charrootdyn_edgepointstab,xff-symbol+reloc-jal,high,recomp,
0x011D90D8,0x011D91B4,MANAGER,sub_011D90D8,motrootdyn_startedgepoint_from_pendulum_with_edge,xff-symbol,high,recomp,
0x011D91B8,0x011D91F0,MANAGER,sub_011D91B8,motrootdyn_setupedgepoint,xff-symbol+reloc-j,high,recomp,
0x011D91F0,0x011D92C8,MANAGER,sub_011D91F0,motrootdyn_startedgepoint,xff-symbol,high,recomp,
0x011D92C8,0x011D9838,MANAGER,sub_011D92C8,,reloc-jal,high,recomp,
0x011D9838,0x011D9C6C,MANAGER,sub_011D9838,edgexz,xff-symbol+reloc-jal,high,recomp,
0x011D9C70,0x011D9D30,MANAGER,sub_011D9C70,GetPleneFittingPointWithNormal,xff-symbol,high,recomp,
0x011D9D30,0x011DA29C,MANAGER,sub_011D9D30,charrootdyn_parentpointxzfitstab,xff-symbol+reloc-jal+reloc-j,high,recomp,
0x011DA2A0,0x011DA5C8,MANAGER,sub_011DA2A0,,reloc-j,medium,recomp,
0x011DA5C8,0x011DA938,MANAGER,sub_011DA5C8,parentpointxzfit,xff-symbol+reloc-jal,high,recomp,
0x011DA938,0x011DA9B4,MANAGER,sub_011DA938,motrootdyn_startparentpointxzfit_from_pendulum,xff-symbol,high,recomp,
0x011DA9B8,0x011DA9D4,MANAGER,sub_011DA9B8,motrootdyn_startparentpointxzfit,xff-symbol+reloc-jal,high,recomp,
0x011DA9D8,0x011DAA88,MANAGER,sub_011DA9D8,motrootdyn_startparentpointxzfit_from_falldown,xff-symbol,high,recomp,
0x011DAA88,0x011DAAB4,MANAGER,sub_011DAA88,motrootdyn_startparentpointxzfit_from_xzfit,xff-symbol,high,recomp,
0x011DAAB8,0x011DAB0C,MANAGER,sub_011DAAB8,motrootdyn_startparentpointxzfit_from_xz,xff-symbol,high,recomp,
0x011DAB10,0x011DACF8,MANAGER,sub_011DAB10,,reloc-jal+reloc-j,high,recomp,
0x011DACF8,0x011DC6E0,MANAGER,sub_011DACF8,pendulum,xff-symbol+reloc-jal,high,recomp,
0x011DC6E0,0x011DC708,MANAGER,sub_011DC6E0,motrootdyn_startpendulum_nochange_parent,xff-symbol,high,recomp,
0x011DC708,0x011DC750,MANAGER,sub_011DC708,motrootdyn_startpendulum,xff-symbol,high,recomp,
0x011DC750,0x011DC7B0,MANAGER,sub_011DC750,motrootdyn_startchainhang,xff-symbol,high,recomp,
0x011DC7B0,0x011DC83C,MANAGER,sub_011DC7B0,motrootdyn_startpendulum_with_VCOL,xff-symbol,high,recomp,
0x011DC840,0x011DCDE0,MANAGER,sub_011DC840,swim,xff-symbol+reloc-jal,high,recomp,
0x011DCDE0,0x011DCE18,MANAGER,sub_011DCDE0,motrootdyn_startswim,xff-symbol,high,recomp,
0x011DCE18,0x011DD368,MANAGER,sub_011DCE18,,reloc-la,high,recomp,
0x011DD368,0x011DDE60,MANAGER,sub_011DD368,xz,xff-symbol+reloc-jal,high,recomp,
0x011DDE60,0x011DDF3C,MANAGER,sub_011DDE60,motrootdyn_startxz_from_pendulum,xff-symbol,high,recomp,
0x011DDF40,0x011DE028,MANAGER,sub_011DDF40,motrootdyn_startxz_from_edgepoint,xff-symbol,high,recomp,
0x011DE028,0x011DE104,MANAGER,sub_011DE028,motrootdyn_startxz_from_parentpoint,xff-symbol,high,recomp,
0x011DE108,0x011DE1F0,MANAGER,sub_011DE108,motrootdyn_startxz_from_xzfit,xff-symbol,high,recomp,
0x011DE1F0,0x011DE2B8,MANAGER,sub_011DE1F0,motrootdyn_startxz,xff-symbol,high,recomp,
0x011DE2B8,0x011DE490,MANAGER,sub_011DE2B8,,reloc-jal,high,recomp,
0x011DE490,0x011DE8FC,MANAGER,sub_011DE490,motrootdyn_startxzfit,xff-symbol+reloc-j,high,recomp,
0x011DE900,0x011DEBE8,MANAGER,sub_011DE900,motrootdyn_parent_from_falldown,xff-symbol+reloc-jal,high,recomp,
0x011DEBE8,0x011DEFB8,MANAGER,sub_011DEBE8,motrootdyn_startxzfit_from_xz,xff-symbol,high,recomp,
0x011DEFB8,0x011DF2D0,MANAGER,sub_011DEFB8,,reloc-jal,high,recomp,
0x011DF2D0,0x011E0470,MANAGER,sub_011DF2D0,,reloc-jal,high,recomp,
0x011E0470,0x011E1190,MANAGER,sub_011E0470,,reloc-j,medium,recomp,
0x011E1190,0x011E12C0,MANAGER,sub_011E1190,motrootdyn_changehcol_from_xz,xff-symbol+reloc-jal,high,recomp,
0x011E12C0,0x011E1408,MANAGER,sub_011E12C0,motrootdyn_startxzfit_common,xff-symbol,high,recomp,
0x011E1408,0x011E1450,MANAGER,sub_011E1408,motrootdyn_startxzfit_from_falldown,xff-symbol,high,recomp,
0x011E1450,0x011E14BC,MANAGER,sub_011E1450,motrootdyn_startxzfit_from_edgepoint,xff-symbol,high,recomp,
0x011E14C0,0x011E153C,MANAGER,sub_011E14C0,motrootdyn_startxzfit_from_parentpointxzfit,xff-symbol,high,recomp,
0x011E1540,0x011E15AC,MANAGER,sub_011E1540,motrootdyn_startxzfit_from_pendulum,xff-symbol,high,recomp,
0x011E15B0,0x011E1670,MANAGER,sub_011E15B0,xzfit,xff-symbol+reloc-jal,high,recomp,
0x011E1670,0x011E16C0,MANAGER,sub_011E1670,GetChildGroupManagerClass,xff-symbol,high,recomp,
0x011E16C0,0x011E1718,MANAGER,sub_011E16C0,InitChildGroupManagerObj,xff-symbol+reloc-jal,high,recomp,
0x011E1718,0x011E1794,MANAGER,sub_011E1718,EntryChildGroupManagerObj,xff-symbol+reloc-jal,high,recomp,
0x011E1798,0x011E1800,MANAGER,sub_011E1798,FlushChildGroupManagerObj,xff-symbol+reloc-jal,high,recomp,
0x011E1800,0x011E18E8,MANAGER,sub_011E1800,ExecChildGroupManagerObj,xff-symbol+reloc-jal,high,recomp,
0x011E18E8,0x011E19D8,MANAGER,sub_011E18E8,GetDemoOrientNext,xff-symbol+reloc-jal,high,recomp,
0x011E19D8,0x011E1B08,MANAGER,sub_011E19D8,SetDemoMotionOrientInfo,xff-symbol+reloc-jal,high,recomp,
0x011E1B08,0x011E2040,MANAGER,sub_011E1B08,,reloc-jal,high,recomp,
0x011E2040,0x011E2518,MANAGER,sub_011E2040,ExecFogColMan,xff-symbol,high,recomp,
0x011E2518,0x011E2720,MANAGER,sub_011E2518,NewCreateFogColClass,xff-symbol,high,recomp,
0x011E2720,0x011E2AD8,MANAGER,sub_011E2720,,reloc-jal,high,recomp,
0x011E2AD8,0x011E2D38,MANAGER,sub_011E2AD8,,reloc-jal,high,recomp,
0x011E2D38,0x011E2DA8,MANAGER,sub_011E2D38,InitFogColMan,xff-symbol,high,recomp,
0x011E2DA8,0x011E2EEC,MANAGER,sub_011E2DA8,AddCollMan,xff-symbol+reloc-jal,high,recomp,
0x011E2EF0,0x011E2FD8,MANAGER,sub_011E2EF0,DeleteCollMan,xff-symbol+reloc-j+reloc-jal,high,recomp,
0x011E2FD8,0x011E30B0,MANAGER,sub_011E2FD8,CreateFogColMan,xff-symbol,high,recomp,
0x011E30B0,0x011E3100,MANAGER,sub_011E30B0,SetInitFogColClassFromStageData,xff-symbol,high,recomp,
0x011E3100,0x011E3194,MANAGER,sub_011E3100,UpdateFogAnim,xff-symbol+reloc-jal,high,recomp,
0x011E3198,0x011E3274,MANAGER,sub_011E3198,UpdateFogCol,xff-symbol+reloc-jal,high,recomp,
0x011E3278,0x011E3280,MANAGER,sub_011E3278,SetFogColAvailableFlag,xff-symbol+reloc-jal,high,recomp,
0x011E3280,0x011E3290,MANAGER,sub_011E3280,IsEnvelopeFogType,xff-symbol+reloc-jal,high,recomp,
0x011E3290,0x011E329C,MANAGER,sub_011E3290,GetFogColMan,xff-symbol,high,recomp,
0x011E32A0,0x011E32BC,MANAGER,sub_011E32A0,GetFogColClass,xff-symbol,high,recomp,
0x011E32C0,0x011E32D8,MANAGER,sub_011E32C0,ForceFogColFlagEnvelope,xff-symbol+reloc-jal,high,recomp,
0x011E32D8,0x011E332C,MANAGER,sub_011E32D8,getOutSideVectorXYZSquare,xff-symbol,high,recomp,
0x011E3330,0x011E3338,MANAGER,sub_011E3330,,reloc-la,high,recomp,
0x011E3338,0x011E33E0,MANAGER,sub_011E3338,CheckCollisionColClass,xff-symbol,high,recomp,
0x011E33E0,0x011E33FC,MANAGER,sub_011E33E0,GetGeoDispClass,xff-symbol+reloc-jal,high,recomp,
0x011E3400,0x011E34D0,MANAGER,sub_011E3400,CreateGeoDispObj,xff-symbol+reloc-jal,high,recomp,
0x011E34D0,0x011E34D8,MANAGER,sub_011E34D0,,reloc-la,high,recomp,
0x011E34D8,0x011E3508,MANAGER,sub_011E34D8,,reloc-la,high,recomp,
0x011E3508,0x011E383C,MANAGER,sub_011E3508,CheckPositionInsideOfJudgeVolumeInfo,xff-symbol+reloc-jal,high,recomp,
0x011E3840,0x011E3B40,MANAGER,sub_011E3840,,reloc-jal,high,recomp,
0x011E3B40,0x011E3E80,MANAGER,sub_011E3B40,,reloc-jal,high,recomp,
0x011E3E80,0x011E4170,MANAGER,sub_011E3E80,ClipJudgeVolumeInfo,xff-symbol,high,recomp,
0x011E4170,0x011E41D8,MANAGER,sub_011E4170,GetJudgeVolumeClass,xff-symbol+reloc-jal,high,recomp,
0x011E41D8,0x011E4304,MANAGER,sub_011E41D8,InitJudgeVolumeClass,xff-symbol+reloc-jal,high,recomp,
0x011E4308,0x011E4380,MANAGER,sub_011E4308,FlushJudgeVolumeClassImmediate,xff-symbol+reloc-jal,high,recomp,
0x011E4380,0x011E4450,MANAGER,sub_011E4380,FlushJudgeVolumeObjImmediate,xff-symbol+reloc-j,high,recomp,
0x011E4450,0x011E4458,MANAGER,sub_011E4450,FlushJudgeVolumeClass,xff-symbol+reloc-jal,high,recomp,
0x011E4458,0x011E44BC,MANAGER,sub_011E4458,FlushJudgeVolumeObj,xff-symbol+reloc-j,high,recomp,
0x011E44C0,0x011E4520,MANAGER,sub_011E44C0,GetJudgeVolumeClassWorkSize,xff-symbol+reloc-jal,high,recomp,
0x011E4520,0x011E4560,MANAGER,sub_011E4520,EntryJudgeVolumeClassObjectGroup,xff-symbol+reloc-jal,high,recomp,
0x011E4560,0x011E4588,MANAGER,sub_011E4560,GetJudgeVolumeClassObjectGroup,xff-symbol+reloc-jal,high,recomp,
0x011E4588,0x011E45A8,MANAGER,sub_011E4588,GetJudgeVolumeClassObjectGroupById,xff-symbol,high,recomp,
0x011E45A8,0x011E46D0,MANAGER,sub_011E45A8,CheckPositionInsideOfJudgeVolumeObject,xff-symbol,high,recomp,
0x011E46D0,0x011E4828,MANAGER,sub_011E46D0,CheckPositionInsideOfJudgeVolumeObjectByLabel,xff-symbol,high,recomp,
0x011E4828,0x011E4954,MANAGER,sub_011E4828,GetCenterPositionOfJudgeVolumeInfo,xff-symbol,high,recomp,
0x011E4958,0x011E4994,MANAGER,sub_011E4958,SetJudgeVolumeInfo,xff-symbol+reloc-jal,high,recomp,
0x011E4998,0x011E4AAC,MANAGER,sub_011E4998,SearchJudgeVolumeByName,xff-symbol+reloc-jal,high,recomp,
0x011E4AB0,0x011E5044,MANAGER,sub_011E4AB0,UpdateLayoutClassSimpleGeometry,xff-symbol+reloc-jal,high,recomp,
0x011E5048,0x011E5254,MANAGER,sub_011E5048,UnparentLayoutObj,xff-symbol,high,recomp,
0x011E5258,0x011E53B8,MANAGER,sub_011E5258,,reloc-jal,high,recomp,
0x011E53B8,0x011E5688,MANAGER,sub_011E53B8,,reloc-jal,high,recomp,
0x011E5688,0x011E58A8,MANAGER,sub_011E5688,,reloc-jal,high,recomp,
0x011E58A8,0x011E5A60,MANAGER,sub_011E58A8,,reloc-la,high,recomp,
0x011E5A60,0x011E65B8,MANAGER,sub_011E5A60,,reloc-jal,high,recomp,
0x011E65B8,0x011E6880,MANAGER,sub_011E65B8,,reloc-jal,high,recomp,
0x011E6880,0x011E6B5C,MANAGER,sub_011E6880,InitAliasLayoutObj,xff-symbol+reloc-jal,high,recomp,
0x011E6B60,0x011E6C70,MANAGER,sub_011E6B60,FlushLayoutObj,xff-symbol+reloc-jal+reloc-j,high,recomp,
0x011E6C70,0x011E6E64,MANAGER,sub_011E6C70,FlushLayoutObjImmediate,xff-symbol+reloc-jal+reloc-j,high,recomp,
0x011E6E68,0x011E6FD4,MANAGER,sub_011E6E68,GetLayoutObjChildWithName,xff-symbol,high,recomp,
0x011E6FD8,0x011E70F4,MANAGER,sub_011E6FD8,SaveLayoutObjGroupAllGeo,xff-symbol,high,recomp,
0x011E70F8,0x011E7230,MANAGER,sub_011E70F8,SetLayoutObjAccessSwitch,xff-symbol+reloc-jal,high,recomp,
0x011E7230,0x011E7388,MANAGER,sub_011E7230,,after-named,medium,recomp,
0x011E7388,0x011E7508,MANAGER,sub_011E7388,CreateLayoutObj,xff-symbol+reloc-jal,high,recomp,
0x011E7508,0x011E7698,MANAGER,sub_011E7508,CreateLayoutObjVU0Secure,xff-symbol+reloc-jal,high,recomp,
0x011E7698,0x011E7708,MANAGER,sub_011E7698,GetLayoutObjNum,xff-symbol,high,recomp,
0x011E7708,0x011E7778,MANAGER,sub_011E7708,GetLayoutDispObjNum,xff-symbol,high,recomp,
0x011E7778,0x011E7808,MANAGER,sub_011E7778,GetLayoutClass,xff-symbol+reloc-jal,high,recomp,
0x011E7808,0x011E78A8,MANAGER,sub_011E7808,SetLayoutUserClipFunc,xff-symbol,high,recomp,
0x011E78A8,0x011E79B4,MANAGER,sub_011E78A8,InitLayoutObj,xff-symbol+reloc-jal,high,recomp,
0x011E79B8,0x011E7A64,MANAGER,sub_011E79B8,CreateAliasLayoutObj,xff-symbol,high,recomp,
0x011E7A68,0x011E7AB8,MANAGER,sub_011E7A68,GetLayoutObjWorkSize,xff-symbol+reloc-jal+reloc-j,high,recomp,
0x011E7AB8,0x011E7B7C,MANAGER,sub_011E7AB8,FlushCollisionWork,xff-symbol+reloc-jal,high,recomp,
0x011E7B80,0x011E7C34,MANAGER,sub_011E7B80,SetLayoutObjSubDispFunc,xff-symbol,high,recomp,
0x011E7C38,0x011E7D18,MANAGER,sub_011E7C38,ParentLayoutObj,xff-symbol+reloc-jal+reloc-j,high,recomp,
0x011E7D18,0x011E7D78,MANAGER,sub_011E7D18,ForceUnparentLayoutObj,xff-symbol+reloc-jal+reloc-j,high,recomp,
0x011E7D78,0x011E7E14,MANAGER,sub_011E7D78,ForceDeleteLayoutObjChildLink,xff-symbol+reloc-jal,high,recomp,
0x011E7E18,0x011E7ED0,MANAGER,sub_011E7E18,ForceParentLayoutObj,xff-symbol+reloc-jal,high,recomp,
0x011E7ED0,0x011E7F10,MANAGER,sub_011E7ED0,AddLayoutObjSubLink,xff-symbol+reloc-jal,high,recomp,
0x011E7F10,0x011E7FAC,MANAGER,sub_011E7F10,ForceUnparentLayoutObjChildLink,xff-symbol,high,recomp,
0x011E7FB0,0x011E8010,MANAGER,sub_011E7FB0,SetLayoutClassRootQuaternion,xff-symbol+reloc-j+reloc-jal,high,recomp,
0x011E8010,0x011E81E8,MANAGER,sub_011E8010,UpdateLayoutClassParentGeometry,xff-symbol+reloc-jal,high,recomp,
0x011E81E8,0x011E822C,MANAGER,sub_011E81E8,GetLayoutClassObjectName,xff-symbol,high,recomp,
0x011E8230,0x011E8284,MANAGER,sub_011E8230,UpdateLayoutClassPastSimpleGeometry,xff-symbol+reloc-jal,high,recomp,
0x011E8288,0x011E8424,MANAGER,sub_011E8288,UpdateLayoutClassParentSimpleGeometry,xff-symbol,high,recomp,
0x011E8428,0x011E88A8,MANAGER,sub_011E8428,UpdateLayoutClassGeometry,xff-symbol+reloc-jal,high,recomp,
0x011E88A8,0x011E88FC,MANAGER,sub_011E88A8,UpdateLayoutClassPastGeometry,xff-symbol+reloc-jal,high,recomp,
0x011E8900,0x011E89D0,MANAGER,sub_011E8900,SetLayoutObjAccessSwitchThisObjOnly,xff-symbol+reloc-jal,high,recomp,
0x011E89D0,0x011E8B04,MANAGER,sub_011E89D0,GetLayoutClassWindGeometry,xff-symbol+reloc-jal,high,recomp,
0x011E8B08,0x011E8B98,MANAGER,sub_011E8B08,SetLayoutClassScaleElem,xff-symbol+reloc-jal,high,recomp,
0x011E8B98,0x011E8C3C,MANAGER,sub_011E8B98,CheckLayoutObjChainExist,xff-symbol+reloc-jal,high,recomp,
0x011E8C40,0x011E8CD8,MANAGER,sub_011E8C40,SetLayoutObjDebugResetFunc,xff-symbol,high,recomp,
0x011E8CD8,0x011E8D88,MANAGER,sub_011E8CD8,CallLayoutObjDebugResetFunc,xff-symbol,high,recomp,
0x011E8D88,0x011E8DD8,MANAGER,sub_011E8D88,GetLayoutClassCollisionBoundaryInfo,xff-symbol,high,recomp,
0x011E8DD8,0x011E8E78,MANAGER,sub_011E8DD8,SetLayoutObjCollisionEnableFlag,xff-symbol+reloc-jal+reloc-j,high,recomp,
0x011E8E78,0x011E8F0C,MANAGER,sub_011E8E78,GetLayoutObjCollisionEnableFlag,xff-symbol+reloc-jal,high,recomp,
0x011E8F10,0x011E8F18,MANAGER,sub_011E8F10,SetLayoutClassCollisionWorkAdr,xff-symbol+reloc-jal,high,recomp,
0x011E8F18,0x011E9034,MANAGER,sub_011E8F18,ChangeLayoutObjCollisionResourceAttribute,xff-symbol+reloc-jal+reloc-j,high,recomp,
0x011E9038,0x011E90F0,MANAGER,sub_011E9038,SaveLayoutObjGeo,xff-symbol,high,recomp,
0x011E90F0,0x011E9178,MANAGER,sub_011E90F0,GetLayoutRootMatrix,xff-symbol,high,recomp,
0x011E9178,0x011E91A8,MANAGER,sub_011E9178,GetLayoutParentObj,xff-symbol+reloc-jal+reloc-j,high,recomp,
0x011E91A8,0x011E91C4,MANAGER,sub_011E91A8,getSeqNo,xff-symbol,high,recomp,
0x011E91C8,0x011E91F8,MANAGER,sub_011E91C8,,reloc-jal,high,recomp,
0x011E91F8,0x011E9224,MANAGER,sub_011E91F8,GetAliasLayoutObjWorkSize,xff-symbol,high,recomp,
0x011E9228,0x011E93BC,MANAGER,sub_011E9228,UpdateAliasLayoutObjClothGeometry,xff-symbol,high,recomp,
0x011E93C0,0x011E93C8,MANAGER,sub_011E93C0,,reloc-la,high,recomp,
0x011E93C8,0x011E94D8,MANAGER,sub_011E93C8,,reloc-la,high,recomp,
0x011E94D8,0x011E94F0,MANAGER,sub_011E94D8,,reloc-la,high,recomp,
0x011E94F0,0x011E9508,MANAGER,sub_011E94F0,,reloc-la,high,recomp,
0x011E9508,0x011E9520,MANAGER,sub_011E9508,,reloc-la,high,recomp,
0x011E9520,0x011E9760,MANAGER,sub_011E9520,,reloc-jal,high,recomp,
0x011E9760,0x011E9CB8,MANAGER,sub_011E9760,,reloc-jal,high,recomp,
0x011E9CB8,0x011E9F88,MANAGER,sub_011E9CB8,,reloc-jal,high,recomp,
0x011E9F88,0x011EA960,MANAGER,sub_011E9F88,,reloc-jal,high,recomp,
0x011EA960,0x011EAB04,MANAGER,sub_011EA960,ClipLayoutObjModel,xff-symbol+reloc-la,high,recomp,
0x011EAB08,0x011EAE38,MANAGER,sub_011EAB08,,reloc-jal,high,recomp,
0x011EAE38,0x011EB0A8,MANAGER,sub_011EAE38,_CalcLightLayoutObj,xff-symbol+reloc-j,high,recomp,
0x011EB0A8,0x011EB3B8,MANAGER,sub_011EB0A8,,reloc-jal,high,recomp,
0x011EB3B8,0x011EB8C4,MANAGER,sub_011EB3B8,DispDispObjGroupModel,xff-symbol,high,recomp,
0x011EB8C8,0x011EB8E4,MANAGER,sub_011EB8C8,SetVIF1MarkCallbackFunc,xff-symbol,high,recomp,
0x011EB8E8,0x011EB8F4,MANAGER,sub_011EB8E8,SetCameraResetSw,xff-symbol,high,recomp,
0x011EB8F8,0x011EB9F8,MANAGER,sub_011EB8F8,InitLayoutObjMatrix,xff-symbol,high,recomp,
0x011EB9F8,0x011EBB04,MANAGER,sub_011EB9F8,DispLayoutObjModel,xff-symbol+reloc-la,high,recomp,
0x011EBB08,0x011EBB7C,MANAGER,sub_011EBB08,initSortDisplayObj,xff-symbol,high,recomp,
0x011EBB80,0x011EBBCC,MANAGER,sub_011EBB80,deleteSortLayoutObj,xff-symbol,high,recomp,
0x011EBBD0,0x011EBBE8,MANAGER,sub_011EBBD0,CalcLightLayoutObj,xff-symbol+reloc-la,high,recomp,
0x011EBBE8,0x011EBBF4,MANAGER,sub_011EBBE8,GetResetCameraFlagForDisplay,xff-symbol,high,recomp,
0x011EBBF8,0x011EBC04,MANAGER,sub_011EBBF8,getSubObjDispSw,xff-symbol,high,recomp,
0x011EBC08,0x011EBC14,MANAGER,sub_011EBC08,getMotionBlurSw,xff-symbol,high,recomp,
0x011EBC18,0x011EBC24,MANAGER,sub_011EBC18,motionBlurTestType,xff-symbol,high,recomp,
0x011EBC28,0x011EBC5C,MANAGER,sub_011EBC28,SetLayoutDisplayFlag,xff-symbol,high,recomp,
0x011EBC60,0x011EBCB0,MANAGER,sub_011EBC60,GetAmbientBrightnessOfLayoutObject,xff-symbol,high,recomp,
0x011EBCB0,0x011EBCB8,MANAGER,sub_011EBCB0,,reloc-la,high,recomp,
0x011EBCB8,0x011EBDE4,MANAGER,sub_011EBCB8,CreateLightColMan,xff-symbol,high,recomp,
0x011EBDE8,0x011EC050,MANAGER,sub_011EBDE8,LoopExecPreLightColMan,xff-symbol+reloc-jal,high,recomp,
0x011EC050,0x011EC260,MANAGER,sub_011EC050,,reloc-jal,high,recomp,
0x011EC260,0x011EC448,MANAGER,sub_011EC260,InitStageLightColMan,xff-symbol+reloc-jal,high,recomp,
0x011EC448,0x011EC454,MANAGER,sub_011EC448,GetLightColMan,xff-symbol+reloc-jal,high,recomp,
0x011EC458,0x011EC4B8,MANAGER,sub_011EC458,InitLightColMan,xff-symbol,high,recomp,
0x011EC4B8,0x011EC4F4,MANAGER,sub_011EC4B8,LoopExecAfterLightColMan,xff-symbol+reloc-j,high,recomp,
0x011EC4F8,0x011EC50C,MANAGER,sub_011EC4F8,TaskExecLightColMan,xff-symbol,high,recomp,
0x011EC510,0x011EC5B0,MANAGER,sub_011EC510,SetCameraReverbFlag,xff-symbol+reloc-jal,high,recomp,
0x011EC5B0,0x011EC65C,MANAGER,sub_011EC5B0,SetGeoDispClassLightColMan,xff-symbol+reloc-jal+reloc-j,high,recomp,
0x011EC660,0x011EC66C,MANAGER,sub_011EC660,getColLightDebugSts,xff-symbol,high,recomp,
0x011EC670,0x011EC67C,MANAGER,sub_011EC670,GetColLightDebugSts,xff-symbol,high,recomp,
0x011EC680,0x011EC9F0,MANAGER,sub_011EC680,,reloc-jal,high,recomp,
0x011EC9F0,0x011ECAE0,MANAGER,sub_011EC9F0,DeleteGameLight,xff-symbol+reloc-jal,high,recomp,
0x011ECAE0,0x011ECC4C,MANAGER,sub_011ECAE0,UpdateClipGameLight,xff-symbol+reloc-jal+reloc-j,high,recomp,
0x011ECC50,0x011ECE38,MANAGER,sub_011ECC50,,reloc-jal,high,recomp,
0x011ECE38,0x011ED420,MANAGER,sub_011ECE38,ExecGameLight,xff-symbol+reloc-jal,high,recomp,
0x011ED420,0x011ED5CC,MANAGER,sub_011ED420,NewCreateGameLightClass,xff-symbol,high,recomp,
0x011ED5D0,0x011ED5D8,MANAGER,sub_011ED5D0,deleteGameLightObj,xff-symbol+reloc-la,high,recomp,
0x011ED5D8,0x011ED5F4,MANAGER,sub_011ED5D8,GetGameLightClass,xff-symbol+reloc-jal,high,recomp,
0x011ED5F8,0x011ED600,MANAGER,sub_011ED5F8,SetGameLightAvailable,xff-symbol+reloc-jal,high,recomp,
0x011ED600,0x011ED744,MANAGER,sub_011ED600,AddGaLightMan,xff-symbol+reloc-jal,high,recomp,
0x011ED748,0x011ED768,MANAGER,sub_011ED748,ForceGameLightFlagEnvelope,xff-symbol+reloc-jal,high,recomp,
0x011ED768,0x011ED77C,MANAGER,sub_011ED768,IsEnvelopeGameLightType,xff-symbol+reloc-jal,high,recomp,
0x011ED780,0x011ED8C8,MANAGER,sub_011ED780,UpdateGameLight,xff-symbol+reloc-jal+reloc-j,high,recomp,
0x011ED8C8,0x011ED920,MANAGER,sub_011ED8C8,CalcColorParamGameLight,xff-symbol,high,recomp,
0x011ED920,0x011ED930,MANAGER,sub_011ED920,GameLightCalcOutSideParam,xff-symbol,high,recomp,
0x011ED930,0x011ED994,MANAGER,sub_011ED930,ForceDelGameLighObj,xff-symbol+reloc-jal,high,recomp,
0x011ED998,0x011ED9A0,MANAGER,sub_011ED998,SetGameLightUserParam,xff-symbol,high,recomp,
0x011ED9A0,0x011ED9A8,MANAGER,sub_011ED9A0,SetGameLightUserFunc,xff-symbol,high,recomp,
0x011ED9A8,0x011ED9B0,MANAGER,sub_011ED9A8,InitGameLightClass,xff-symbol,high,recomp,
0x011ED9B0,0x011ED9EC,MANAGER,sub_011ED9B0,GameLightCalcImpact,xff-symbol,high,recomp,
0x011ED9F0,0x011EDE78,MANAGER,sub_011ED9F0,,reloc-jal,high,recomp,
0x011EDE78,0x011EE050,MANAGER,sub_011EDE78,AddGlLightMan,xff-symbol+reloc-jal,high,recomp,
0x011EE050,0x011EE174,MANAGER,sub_011EE050,DeleteGlobalLight,xff-symbol+reloc-j+reloc-jal,high,recomp,
0x011EE178,0x011EE2D8,MANAGER,sub_011EE178,,reloc-jal+reloc-j,high,recomp,
0x011EE2D8,0x011EE450,MANAGER,sub_011EE2D8,GlobalLightConsistencyWorkGrp,xff-symbol+reloc-jal,high,recomp,
0x011EE450,0x011EE818,MANAGER,sub_011EE450,,reloc-jal,high,recomp,
0x011EE818,0x011EEC0C,MANAGER,sub_011EE818,ExecGlobalLightMan,xff-symbol+reloc-jal,high,recomp,
0x011EEC10,0x011EEC2C,MANAGER,sub_011EEC10,GetGlobalLightClass,xff-symbol+reloc-jal,high,recomp,
0x011EEC30,0x011EEC40,MANAGER,sub_011EEC30,SetGlobalLightAvailable,xff-symbol+reloc-jal,high,recomp,
0x011EEC40,0x011EEC48,MANAGER,sub_011EEC40,deleteGlobalLightObj,xff-symbol+reloc-la,high,recomp,
0x011EEC48,0x011EECD0,MANAGER,sub_011EEC48,ForceDelGlobalLighObj,xff-symbol+reloc-jal,high,recomp,
0x011EECD0,0x011EED7C,MANAGER,sub_011EECD0,GlobalLightCalcOutSideParam,xff-symbol,high,recomp,
0x011EED80,0x011EEDA0,MANAGER,sub_011EED80,ForceGlobalLightFlagEnvelope,xff-symbol+reloc-jal,high,recomp,
0x011EEDA0,0x011EEDB4,MANAGER,sub_011EEDA0,IsEnvelopeGlobalLightType,xff-symbol+reloc-jal,high,recomp,
0x011EEDB8,0x011EEE20,MANAGER,sub_011EEDB8,SetColorParamAmbientLight,xff-symbol,high,recomp,
0x011EEE20,0x011EEE4C,MANAGER,sub_011EEE20,UpdateGlobalLightInRange,xff-symbol+reloc-jal,high,recomp,
0x011EEE50,0x011EEF30,MANAGER,sub_011EEE50,UpdateGlobalLightOutRange,xff-symbol+reloc-jal+reloc-j,high,recomp,
0x011EEF30,0x011EEF98,MANAGER,sub_011EEF30,UpdateGlobalLightAmbient,xff-symbol+reloc-jal,high,recomp,
0x011EEF98,0x011EF080,MANAGER,sub_011EEF98,UpdateGlobalLightDistant,xff-symbol+reloc-jal,high,recomp,
0x011EF080,0x011EF0E0,MANAGER,sub_011EF080,IsEnvelopeDistantLightType,xff-symbol+reloc-jal,high,recomp,
0x011EF0E0,0x011EF1B8,MANAGER,sub_011EF0E0,globalLightCalcLightNum,xff-symbol+reloc-jal,high,recomp,
0x011EF1B8,0x011EF200,MANAGER,sub_011EF1B8,CalcColorParamDistantLight,xff-symbol+reloc-jal,high,recomp,
0x011EF200,0x011EF258,MANAGER,sub_011EF200,CalcColorParamAmbientLight,xff-symbol+reloc-jal,high,recomp,
0x011EF258,0x011EF35C,MANAGER,sub_011EF258,SetWorkFromGlobalLight,xff-symbol+reloc-jal,high,recomp,
0x011EF360,0x011EF3A0,MANAGER,sub_011EF360,GetNextWorkLightClass,xff-symbol+reloc-jal,high,recomp,
0x011EF3A0,0x011EF3EC,MANAGER,sub_011EF3A0,GetImpactWorstWorkLightClass,xff-symbol+reloc-jal,high,recomp,
0x011EF3F0,0x011EF424,MANAGER,sub_011EF3F0,GetDirColorFromWorkLight,xff-symbol+reloc-jal,high,recomp,
0x011EF428,0x011EF4DC,MANAGER,sub_011EF428,CreateLightObj,xff-symbol+reloc-jal,high,recomp,
0x011EF4E0,0x011EF4FC,MANAGER,sub_011EF4E0,GetLightClass,xff-symbol+reloc-jal+reloc-j,high,recomp,
0x011EF500,0x011EF56C,MANAGER,sub_011EF500,CreateAmbientLightObj,xff-symbol+reloc-jal,high,recomp,
0x011EF570,0x011EF588,MANAGER,sub_011EF570,,reloc-la,high,recomp,
0x011EF588,0x011EF5F4,MANAGER,sub_011EF588,InitLightObj,xff-symbol,high,recomp,
0x011EF5F8,0x011EF614,MANAGER,sub_011EF5F8,GetAmbientLightClass,xff-symbol+reloc-jal,high,recomp,
0x011EF618,0x011EF620,MANAGER,sub_011EF618,,reloc-la,high,recomp,
0x011EF620,0x011EF650,MANAGER,sub_011EF620,InitAmbientLightObj,xff-symbol,high,recomp,
0x011EF650,0x011EF968,MANAGER,sub_011EF650,,reloc-jal+reloc-j,high,recomp,
0x011EF968,0x011EFB0C,MANAGER,sub_011EF968,ExecLwsDemoOrientManagerObj,xff-symbol,high,recomp,
0x011EFB10,0x011EFBD4,MANAGER,sub_011EFB10,InitLwsDemoOrientManagerObj,xff-symbol+reloc-jal,high,recomp,
0x011EFBD8,0x011EFC70,MANAGER,sub_011EFBD8,CreateLwsDemoOrientManagerObj,xff-symbol,high,recomp,
0x011EFC70,0x011EFC78,MANAGER,sub_011EFC70,SetLwoDemoOrientManagerObjCutFinishFlag,xff-symbol,high,recomp,
0x011EFC78,0x011EFC8C,MANAGER,sub_011EFC78,FlushLwsDemoOrientManagerObj,xff-symbol,high,recomp,
0x011EFC90,0x011EFD20,MANAGER,sub_011EFC90,,reloc-la,high,recomp,
0x011EFD20,0x011EFD48,MANAGER,sub_011EFD20,,reloc-la,high,recomp,
0x011EFD48,0x011EFD5C,MANAGER,sub_011EFD48,GetLwsDemoOrientManagerObjWorkSize,xff-symbol,high,recomp,
0x011EFD60,0x011F02A8,MANAGER,sub_011EFD60,,reloc-jal,high,recomp,
0x011F02A8,0x011F04E0,MANAGER,sub_011F02A8,,reloc-jal,high,recomp,
0x011F04E0,0x011F0948,MANAGER,sub_011F04E0,,reloc-jal,high,recomp,
0x011F0948,0x011F09A8,MANAGER,sub_011F0948,,reloc-jal,high,recomp,
0x011F09A8,0x011F09F0,MANAGER,sub_011F09A8,,ptr-table,medium,recomp,
0x011F09F0,0x011F0A28,MANAGER,sub_011F09F0,,ptr-table,medium,recomp,
0x011F0A28,0x011F0A60,MANAGER,sub_011F0A28,,ptr-table,medium,recomp,
0x011F0A60,0x011F0A98,MANAGER,sub_011F0A60,,ptr-table,medium,recomp,
0x011F0A98,0x011F0AB8,MANAGER,sub_011F0A98,,ptr-table,medium,recomp,
0x011F0AB8,0x011F0AF8,MANAGER,sub_011F0AB8,,ptr-table,medium,recomp,
0x011F0AF8,0x011F0B50,MANAGER,sub_011F0AF8,,ptr-table,medium,recomp,
0x011F0B50,0x011F0BA8,MANAGER,sub_011F0B50,,ptr-table,medium,recomp,
0x011F0BA8,0x011F0BF8,MANAGER,sub_011F0BA8,,ptr-table,medium,recomp,
0x011F0BF8,0x011F0C38,MANAGER,sub_011F0BF8,,ptr-table,medium,recomp,
0x011F0C38,0x011F0C78,MANAGER,sub_011F0C38,,ptr-table,medium,recomp,
0x011F0C78,0x011F0CB0,MANAGER,sub_011F0C78,,ptr-table,medium,recomp,
0x011F0CB0,0x011F0CE8,MANAGER,sub_011F0CB0,,ptr-table,medium,recomp,
0x011F0CE8,0x011F0D20,MANAGER,sub_011F0CE8,,ptr-table,medium,recomp,
0x011F0D20,0x011F0D58,MANAGER,sub_011F0D20,,ptr-table,medium,recomp,
0x011F0D58,0x011F0D70,MANAGER,sub_011F0D58,,ptr-table,medium,recomp,
0x011F0D70,0x011F0D90,MANAGER,sub_011F0D70,,ptr-table,medium,recomp,
0x011F0D90,0x011F0DC0,MANAGER,sub_011F0D90,,reloc-jal,high,recomp,
0x011F0DC0,0x011F0E50,MANAGER,sub_011F0DC0,,ptr-table,medium,recomp,
0x011F0E50,0x011F0E98,MANAGER,sub_011F0E50,,ptr-table,medium,recomp,
0x011F0E98,0x011F0EE0,MANAGER,sub_011F0E98,,ptr-table,medium,recomp,
0x011F0EE0,0x011F0F98,MANAGER,sub_011F0EE0,,ptr-table,medium,recomp,
0x011F0F98,0x011F0FE0,MANAGER,sub_011F0F98,,ptr-table,medium,recomp,
0x011F0FE0,0x011F1028,MANAGER,sub_011F0FE0,,ptr-table,medium,recomp,
0x011F1028,0x011F1070,MANAGER,sub_011F1028,,ptr-table,medium,recomp,
0x011F1070,0x011F111C,MANAGER,sub_011F1070,,ptr-table,medium,recomp,
0x011F111C,0x011F1128,MANAGER,sub_011F111C,,ptr-table,medium,recomp,
0x011F1128,0x011F1AE0,MANAGER,sub_011F1128,,reloc-jal,high,recomp,
0x011F1AE0,0x011F1C08,MANAGER,sub_011F1AE0,GetLwsOrientWorkSize,xff-symbol+reloc-jal,high,recomp,
0x011F1C08,0x011F2070,MANAGER,sub_011F1C08,,reloc-jal,high,recomp,
0x011F2070,0x011F22A8,MANAGER,sub_011F2070,InitLwsOrientObj,xff-symbol+reloc-jal,high,recomp,
0x011F22A8,0x011F2304,MANAGER,sub_011F22A8,IsLwsOrientRootNode,xff-symbol,high,recomp,
0x011F2308,0x011F2364,MANAGER,sub_011F2308,GetLwsOrientNodeNum,xff-symbol+reloc-jal,high,recomp,
0x011F2368,0x011F2384,MANAGER,sub_011F2368,GetLwsOrientInitMotionPtr,xff-symbol,high,recomp,
0x011F2388,0x011F23C0,MANAGER,sub_011F2388,GetMotKToMotP,xff-symbol+reloc-jal,high,recomp,
0x011F23C0,0x011F2540,MANAGER,sub_011F23C0,ExecScriptLwsOrientClass,xff-symbol,high,recomp,
0x011F2540,0x011F2730,MANAGER,sub_011F2540,,reloc-jal,high,recomp,
0x011F2730,0x011F28D8,MANAGER,sub_011F2730,,reloc-jal,high,recomp,
0x011F28D8,0x011F2AE8,MANAGER,sub_011F28D8,loadCdNmoFile,xff-symbol,high,recomp,
0x011F2AE8,0x011F2C7C,MANAGER,sub_011F2AE8,loadCdNsoFile,xff-symbol,high,recomp,
0x011F2C80,0x011F2E04,MANAGER,sub_011F2C80,loadCdNtoFile,xff-symbol,high,recomp,
0x011F2E08,0x011F2F60,MANAGER,sub_011F2E08,loadCdColResFile,xff-symbol,high,recomp,
0x011F2F60,0x011F30AC,MANAGER,sub_011F2F60,initAnimDefSegOneElement,xff-symbol+reloc-jal,high,recomp,
0x011F30B0,0x011F33D0,MANAGER,sub_011F30B0,,reloc-jal,high,recomp,
0x011F33D0,0x011F3870,MANAGER,sub_011F33D0,setLayoutClassInitParam,xff-symbol+reloc-jal,high,recomp,
0x011F3870,0x011F3A24,MANAGER,sub_011F3870,initLayoutObj,xff-symbol+reloc-jal,high,recomp,
0x011F3A28,0x011F3BDC,MANAGER,sub_011F3A28,initLayoutObjVU0Secure,xff-symbol+reloc-jal,high,recomp,
0x011F3BE0,0x011F3EC8,MANAGER,sub_011F3BE0,,reloc-jal,high,recomp,
0x011F3EC8,0x011F4344,MANAGER,sub_011F3EC8,initScriptLayoutObj,xff-symbol+reloc-jal,high,recomp,
0x011F4348,0x011F467C,MANAGER,sub_011F4348,initAliasLayoutObj,xff-symbol,high,recomp,
0x011F4680,0x011F53C8,MANAGER,sub_011F4680,initScriptCharObj,xff-symbol,high,recomp,
0x011F53C8,0x011F5BE0,MANAGER,sub_011F53C8,initScriptLwsorientObj,xff-symbol+reloc-jal,high,recomp,
0x011F5BE0,0x011F69B8,MANAGER,sub_011F5BE0,,reloc-jal,high,recomp,
0x011F69B8,0x011F69C8,MANAGER,sub_011F69B8,GetLayoutObjGroup,xff-symbol+reloc-jal,high,recomp,
0x011F69C8,0x011F69D8,MANAGER,sub_011F69C8,GetLayoutDispObjGroup,xff-symbol+reloc-jal,high,recomp,
0x011F69D8,0x011F6A4C,MANAGER,sub_011F69D8,InitObjectManagerResourceInfo,xff-symbol,high,recomp,
0x011F6A50,0x011F6ABC,MANAGER,sub_011F6A50,initSkelObjResource,xff-symbol,high,recomp,
0x011F6AC0,0x011F6B30,MANAGER,sub_011F6AC0,initDispObjResource,xff-symbol,high,recomp,
0x011F6B30,0x011F6BA0,MANAGER,sub_011F6B30,initShadowObjResource,xff-symbol,high,recomp,
0x011F6BA0,0x011F6C10,MANAGER,sub_011F6BA0,initColObjResource,xff-symbol,high,recomp,
0x011F6C10,0x011F6C80,MANAGER,sub_011F6C10,initAnimationObjResource,xff-symbol+reloc-jal,high,recomp,
0x011F6C80,0x011F6CF0,MANAGER,sub_011F6C80,initClothObjResource,xff-symbol,high,recomp,
0x011F6CF0,0x011F6D60,MANAGER,sub_011F6CF0,GetSkeletonFocusNode,xff-symbol+reloc-jal,high,recomp,
0x011F6D60,0x011F6D74,MANAGER,sub_011F6D60,GetSkeletonFocusNodeDirect,xff-symbol+reloc-jal+reloc-j,high,recomp,
0x011F6D78,0x011F6E74,MANAGER,sub_011F6D78,SearchLayoutObjDefByName,xff-symbol+reloc-jal,high,recomp,
0x011F6E78,0x011F6F74,MANAGER,sub_011F6E78,SearchScriptLayoutObjDefByName,xff-symbol+reloc-jal,high,recomp,
0x011F6F78,0x011F7074,MANAGER,sub_011F6F78,SearchLwsOrientObjDefByName,xff-symbol+reloc-jal,high,recomp,
0x011F7078,0x011F721C,MANAGER,sub_011F7078,initScriptAnimationObj,xff-symbol,high,recomp,
0x011F7220,0x011F734C,MANAGER,sub_011F7220,initLightObj,xff-symbol,high,recomp,
0x011F7350,0x011F74A8,MANAGER,sub_011F7350,initScriptSpriteObj,xff-symbol,high,recomp,
0x011F74A8,0x011F7608,MANAGER,sub_011F74A8,initScriptSpriteMenuObj,xff-symbol,high,recomp,
0x011F7608,0x011F7688,MANAGER,sub_011F7608,initParticleObject,xff-symbol+reloc-jal,high,recomp,
0x011F7688,0x011F7754,MANAGER,sub_011F7688,initAmbientLightObj,xff-symbol,high,recomp,
0x011F7758,0x011F778C,MANAGER,sub_011F7758,InitBinarySize,xff-symbol+reloc-jal,high,recomp,
0x011F7790,0x011F7798,MANAGER,sub_011F7790,createBinaryMemoryInfoWindow,xff-symbol+reloc-jal,high,recomp,
0x011F7798,0x011F77B0,MANAGER,sub_011F7798,AddObjectManagerCollisionWorkSizeBoss,xff-symbol,high,recomp,
0x011F77B0,0x011F77C8,MANAGER,sub_011F77B0,AddObjectManagerCollisionWorkSizeStage,xff-symbol,high,recomp,
0x011F77C8,0x011F77E0,MANAGER,sub_011F77C8,AddObjectManagerSheetWorkSize,xff-symbol+reloc-jal+reloc-j,high,recomp,
0x011F77E0,0x011F77F8,MANAGER,sub_011F77E0,AddObjectManagerGameObjectSize,xff-symbol,high,recomp,
0x011F77F8,0x011F7810,MANAGER,sub_011F77F8,AddObjectManagerSeamlessWorkSize,xff-symbol,high,recomp,
0x011F7810,0x011F781C,MANAGER,sub_011F7810,getObjInitMessageDebugSw,xff-symbol,high,recomp,
0x011F7820,0x011F7830,MANAGER,sub_011F7820,GetAmbientLightObjGroup,xff-symbol+reloc-jal,high,recomp,
0x011F7830,0x011F7840,MANAGER,sub_011F7830,GetModelObjGroup,xff-symbol,high,recomp,
0x011F7840,0x011F78E8,MANAGER,sub_011F7840,skelSegInit,xff-symbol,high,recomp,
0x011F78E8,0x011F78F0,MANAGER,sub_011F78E8,skelSegDel,xff-symbol,high,recomp,
0x011F78F0,0x011F78F8,MANAGER,sub_011F78F0,debugCreateAnimObjSegmentDisp,xff-symbol,high,recomp,
0x011F78F8,0x011F7900,MANAGER,sub_011F78F8,debugDeleteAnimObjSegmentDisp,xff-symbol,high,recomp,
0x011F7900,0x011F7908,MANAGER,sub_011F7900,debugCreateAnimObjSegmentDefDisp,xff-symbol,high,recomp,
0x011F7908,0x011F7910,MANAGER,sub_011F7908,debugDeleteAnimObjSegmentDefDisp,xff-symbol,high,recomp,
0x011F7910,0x011F7A24,MANAGER,sub_011F7910,loadCdMotionFile,xff-symbol,high,recomp,
0x011F7A28,0x011F7A9C,MANAGER,sub_011F7A28,unloadCdMotionFile,xff-symbol,high,recomp,
0x011F7AA0,0x011F7AD4,MANAGER,sub_011F7AA0,garbageNmoCallBack,xff-symbol+reloc-la,high,recomp,
0x011F7AD8,0x011F7B40,MANAGER,sub_011F7AD8,unloadCdNmoFile,xff-symbol,high,recomp,
0x011F7B40,0x011F7B70,MANAGER,sub_011F7B40,garbageNsoCallBack,xff-symbol+reloc-la,high,recomp,
0x011F7B70,0x011F7BD8,MANAGER,sub_011F7B70,unloadCdNsoFile,xff-symbol,high,recomp,
0x011F7BD8,0x011F7C08,MANAGER,sub_011F7BD8,garbageNtoCallBack,xff-symbol+reloc-la,high,recomp,
0x011F7C08,0x011F7C78,MANAGER,sub_011F7C08,unloadCdNtoFile,xff-symbol,high,recomp,
0x011F7C78,0x011F7D58,MANAGER,sub_011F7C78,loadCdWinTexFile,xff-symbol,high,recomp,
0x011F7D58,0x011F7DB0,MANAGER,sub_011F7D58,unloadCdWinTexFile,xff-symbol,high,recomp,
0x011F7DB0,0x011F7E20,MANAGER,sub_011F7DB0,loadCdNfbFile,xff-symbol,high,recomp,
0x011F7E20,0x011F7E4C,MANAGER,sub_011F7E20,unloadCdNfbFile,xff-symbol,high,recomp,
0x011F7E50,0x011F7F54,MANAGER,sub_011F7E50,loadCdXffFile,xff-symbol,high,recomp,
0x011F7F58,0x011F7FA8,MANAGER,sub_011F7F58,unloadCdXffFile,xff-symbol,high,recomp,
0x011F7FA8,0x011F7FBC,MANAGER,sub_011F7FA8,garbageColResCallBack,xff-symbol+reloc-la,high,recomp,
0x011F7FC0,0x011F803C,MANAGER,sub_011F7FC0,unloadCdColResFile,xff-symbol,high,recomp,
0x011F8040,0x011F809C,MANAGER,sub_011F8040,initAnimDefSeg,xff-symbol,high,recomp,
0x011F80A0,0x011F8108,MANAGER,sub_011F80A0,deleteAnimDefSeg,xff-symbol,high,recomp,
0x011F8108,0x011F8164,MANAGER,sub_011F8108,initLwsOriDefSeg,xff-symbol,high,recomp,
0x011F8168,0x011F82A8,MANAGER,sub_011F8168,deleteLwsOriDefSeg,xff-symbol,high,recomp,
0x011F82A8,0x011F83FC,MANAGER,sub_011F82A8,EntryObjectManagerCollisionGroup,xff-symbol+reloc-j+reloc-jal,high,recomp,
0x011F8400,0x011F84D0,MANAGER,sub_011F8400,EntryInterestGroup,xff-symbol,high,recomp,
0x011F84D0,0x011F84D8,MANAGER,sub_011F84D0,deleteAmbientLightObj,xff-symbol,high,recomp,
0x011F84D8,0x011F84E4,MANAGER,sub_011F84D8,getMemoryInfoMode,xff-symbol,high,recomp,
0x011F84E8,0x011F84F4,MANAGER,sub_011F84E8,getMemoryInfoLightSw,xff-symbol,high,recomp,
0x011F84F8,0x011F8540,MANAGER,sub_011F84F8,objectmanager_mallocerrorfunc,xff-symbol,high,recomp,
0x011F8540,0x011F85F8,MANAGER,sub_011F8540,GetScriptClass,xff-symbol+reloc-jal,high,recomp,
0x011F85F8,0x011F8740,MANAGER,sub_011F85F8,initScriptObj,xff-symbol+reloc-jal,high,recomp,
0x011F8740,0x011F8890,MANAGER,sub_011F8740,,reloc-jal,high,recomp,
0x011F8890,0x011F88D8,MANAGER,sub_011F8890,initScriptSystem,xff-symbol,high,recomp,
0x011F88D8,0x011F89D0,MANAGER,sub_011F88D8,createScriptObj,xff-symbol+reloc-jal+reloc-j,high,recomp,
0x011F89D0,0x011F8A34,MANAGER,sub_011F89D0,flushScriptObj,xff-symbol+reloc-j+reloc-jal,high,recomp,
0x011F8A38,0x011F8A80,MANAGER,sub_011F8A38,execScript,xff-symbol,high,recomp,
0x011F8A80,0x011F8B44,MANAGER,sub_011F8A80,flushScriptObjImmediate,xff-symbol+reloc-jal+reloc-j,high,recomp,
0x011F8B48,0x011F8B60,MANAGER,sub_011F8B48,GetScriptObjWorkSize,xff-symbol+reloc-jal+reloc-j,high,recomp,
0x011F8B60,0x011F8B98,MANAGER,sub_011F8B60,SetScriptObjDeleteCallBackFunc,xff-symbol+reloc-jal,high,recomp,
0x011F8B98,0x011F8BD0,MANAGER,sub_011F8B98,SetScriptObjDeleteCallBackFunc2,xff-symbol,high,recomp,
0x011F8BD0,0x011F8C08,MANAGER,sub_011F8BD0,SetScriptObjFinishCallBackFunc,xff-symbol,high,recomp,
0x011F8C08,0x011F8C20,MANAGER,sub_011F8C08,GetScriptPriorityGroup,xff-symbol,high,recomp,
0x011F8C20,0x011F8C48,MANAGER,sub_011F8C20,setScriptObjArgument,xff-symbol,high,recomp,
0x011F8C48,0x011F8CB8,MANAGER,sub_011F8C48,,reloc-la,high,recomp,
0x011F8CB8,0x011F8D80,MANAGER,sub_011F8CB8,,reloc-la,high,recomp,
0x011F8D80,0x011F8D8C,MANAGER,sub_011F8D80,getStackViewFlag,xff-symbol,high,recomp,
0x011F8D90,0x011F8EF4,MANAGER,sub_011F8D90,scriptIntrSignal,xff-symbol,high,recomp,
0x011F8EF8,0x011F8F80,MANAGER,sub_011F8EF8,scriptIntrEntryJump,xff-symbol,high,recomp,
0x011F8F80,0x011F8FBC,MANAGER,sub_011F8F80,scriptIntrDeleteJump,xff-symbol,high,recomp,
0x011F8FC0,0x011F8FDC,MANAGER,sub_011F8FC0,scriptIntrAllDeleteJump,xff-symbol,high,recomp,
0x011F8FE0,0x011F9078,MANAGER,sub_011F8FE0,scriptIntrEntryChildThread,xff-symbol,high,recomp,
0x011F9078,0x011F90BC,MANAGER,sub_011F9078,scriptIntrDeleteChildThread,xff-symbol,high,recomp,
0x011F90C0,0x011F90DC,MANAGER,sub_011F90C0,scriptIntrAllDeleteSubThread,xff-symbol,high,recomp,
0x011F90E0,0x011F90E8,MANAGER,sub_011F90E0,scriptIntrSegInit,xff-symbol,high,recomp,
0x011F90E8,0x011F9184,MANAGER,sub_011F90E8,scriptIntrSegDelete,xff-symbol,high,recomp,
0x011F9188,0x011F91B0,MANAGER,sub_011F9188,,reloc-la,high,recomp,
0x011F91B0,0x011F91D8,MANAGER,sub_011F91B0,,reloc-la,high,recomp,
0x011F91D8,0x011F92A0,MANAGER,sub_011F91D8,,reloc-jal,high,recomp,
0x011F92A0,0x011F92C0,MANAGER,sub_011F92A0,,ptr-table,medium,recomp,
0x011F92C0,0x011F92D4,MANAGER,sub_011F92C0,,ptr-table,medium,recomp,
0x011F92D4,0x011F9300,MANAGER,sub_011F92D4,,ptr-table,medium,recomp,
0x011F9300,0x011F9440,MANAGER,sub_011F9300,,reloc-jal,high,recomp,
0x011F9440,0x011F95EC,MANAGER,sub_011F9440,SetScriptAnimationObjAccessSwitch,xff-symbol+reloc-jal,high,recomp,
0x011F95F0,0x011F9700,MANAGER,sub_011F95F0,,reloc-jal,high,recomp,
0x011F9700,0x011F9A0C,MANAGER,sub_011F9700,StartAnimationSubObjInfinitePart,xff-symbol+reloc-jal,high,recomp,
0x011F9A10,0x011F9BF0,MANAGER,sub_011F9A10,,reloc-jal,high,recomp,
0x011F9BF0,0x011F9D38,MANAGER,sub_011F9BF0,,reloc-jal,high,recomp,
0x011F9D38,0x011FA0D0,MANAGER,sub_011F9D38,PlayScriptAnimationSequence,xff-symbol+reloc-jal,high,recomp,
0x011FA0D0,0x011FA470,MANAGER,sub_011FA0D0,updateObjectGeo,xff-symbol+reloc-j+reloc-jal,high,recomp,
0x011FA470,0x011FA970,MANAGER,sub_011FA470,updateParticleGeo,xff-symbol+reloc-jal,high,recomp,
0x011FA970,0x011FACA8,MANAGER,sub_011FA970,,reloc-jal,high,recomp,
0x011FACA8,0x011FAFD8,MANAGER,sub_011FACA8,,reloc-jal,high,recomp,
0x011FAFD8,0x011FB350,MANAGER,sub_011FAFD8,updateWindGeo,xff-symbol+reloc-j+reloc-jal,high,recomp,
0x011FB350,0x011FB724,MANAGER,sub_011FB350,updateWindBoxGeo,xff-symbol+reloc-j+reloc-jal,high,recomp,
0x011FB728,0x011FBA40,MANAGER,sub_011FB728,updateSEGeo,xff-symbol+reloc-j+reloc-jal,high,recomp,
0x011FBA40,0x011FBE60,MANAGER,sub_011FBA40,,reloc-jal,high,recomp,
0x011FBE60,0x011FC3D0,MANAGER,sub_011FBE60,,ptr-table,medium,recomp,
0x011FC3D0,0x011FC3E0,MANAGER,sub_011FC3D0,,ptr-table,medium,recomp,
0x011FC3E0,0x011FC438,MANAGER,sub_011FC3E0,,ptr-table,medium,recomp,
0x011FC438,0x011FC478,MANAGER,sub_011FC438,,ptr-table,medium,recomp,
0x011FC478,0x011FC4C8,MANAGER,sub_011FC478,,ptr-table,medium,recomp,
0x011FC4C8,0x011FC520,MANAGER,sub_011FC4C8,,ptr-table,medium,recomp,
0x011FC520,0x011FC590,MANAGER,sub_011FC520,,ptr-table,medium,recomp,
0x011FC590,0x011FC608,MANAGER,sub_011FC590,,ptr-table,medium,recomp,
0x011FC608,0x011FC678,MANAGER,sub_011FC608,,ptr-table,medium,recomp,
0x011FC678,0x011FC6F0,MANAGER,sub_011FC678,,ptr-table,medium,recomp,
0x011FC6F0,0x011FC75C,MANAGER,sub_011FC6F0,,ptr-table,medium,recomp,
0x011FC75C,0x011FC900,MANAGER,sub_011FC75C,,ptr-table,medium,recomp,
0x011FC900,0x011FCB70,MANAGER,sub_011FC900,CreateScriptAnimationObj,xff-symbol+reloc-jal,high,recomp,
0x011FCB70,0x011FCD00,MANAGER,sub_011FCB70,CreateScriptAnimationSequence,xff-symbol+reloc-jal,high,recomp,
0x011FCD00,0x011FD198,MANAGER,sub_011FCD00,kickLWS,xff-symbol+reloc-jal,high,recomp,
0x011FD198,0x011FD328,MANAGER,sub_011FD198,,reloc-jal,high,recomp,
0x011FD328,0x011FD448,MANAGER,sub_011FD328,,reloc-jal,high,recomp,
0x011FD448,0x011FD460,MANAGER,sub_011FD448,,ptr-table,medium,recomp,
0x011FD460,0x011FD4E8,MANAGER,sub_011FD460,,ptr-table,medium,recomp,
0x011FD4E8,0x011FD528,MANAGER,sub_011FD4E8,,ptr-table,medium,recomp,
0x011FD528,0x011FD958,MANAGER,sub_011FD528,updateDamageGeo,xff-symbol+reloc-j+reloc-jal,high,recomp,
0x011FD958,0x011FDD20,MANAGER,sub_011FD958,,reloc-jal,high,recomp,
0x011FDD20,0x011FDFF8,MANAGER,sub_011FDD20,,reloc-jal,high,recomp,
0x011FDFF8,0x011FE138,MANAGER,sub_011FDFF8,,reloc-jal,high,recomp,
0x011FE138,0x011FE3F0,MANAGER,sub_011FE138,,reloc-jal,high,recomp,
0x011FE3F0,0x011FE5C8,MANAGER,sub_011FE3F0,,reloc-jal,high,recomp,
0x011FE5C8,0x011FE758,MANAGER,sub_011FE5C8,DebugDispVolumeShapeColor,xff-symbol+reloc-jal,high,recomp,
0x011FE758,0x011FEA5C,MANAGER,sub_011FE758,updateVolumeShapePQSGeo,xff-symbol+reloc-jal,high,recomp,
0x011FEA60,0x01200230,MANAGER,sub_011FEA60,,reloc-jal,high,recomp,
0x01200230,0x012004D0,MANAGER,sub_01200230,ExecObjectAnimation,xff-symbol,high,recomp,
0x012004D0,0x01200780,MANAGER,sub_012004D0,ExecMotionSyncAnimation,xff-symbol+reloc-jal,high,recomp,
0x01200780,0x012007E8,MANAGER,sub_01200780,SetScriptAnimationGlobalBaseInfo,xff-symbol,high,recomp,
0x012007E8,0x012007F4,MANAGER,sub_012007E8,GetScriptAnimationGlobalBaseInfo,xff-symbol,high,recomp,
0x012007F8,0x0120089C,MANAGER,sub_012007F8,GetScriptAnimationWindParam,xff-symbol+reloc-jal,high,recomp,
0x012008A0,0x012008E4,MANAGER,sub_012008A0,CopyScriptAnimationWindParam,xff-symbol+reloc-jal,high,recomp,
0x012008E8,0x01200934,MANAGER,sub_012008E8,CopyScriptAnimationWindGeometryPointer,xff-symbol+reloc-jal,high,recomp,
0x01200938,0x01200944,MANAGER,sub_01200938,getLWSDebugMode,xff-symbol,high,recomp,
0x01200948,0x01200964,MANAGER,sub_01200948,GetScriptAnimationClass,xff-symbol+reloc-jal+reloc-j,high,recomp,
0x01200968,0x012009B4,MANAGER,sub_01200968,SetScriptAnimationSinglePlay,xff-symbol,high,recomp,
0x012009B8,0x012009F0,MANAGER,sub_012009B8,SetScriptAnimationObjGeometryOverrideCallBackFunc,xff-symbol,high,recomp,
0x012009F0,0x01200A08,MANAGER,sub_012009F0,SetScriptAnimationObjChildEntryGroup,xff-symbol+reloc-jal,high,recomp,
0x01200A08,0x01200C38,MANAGER,sub_01200A08,updateLayoutGeo,xff-symbol+reloc-jal,high,recomp,
0x01200C38,0x01200E68,MANAGER,sub_01200C38,updateCamVibGeo,xff-symbol+reloc-j+reloc-jal,high,recomp,
0x01200E68,0x01201148,MANAGER,sub_01200E68,updateLWSTriggerGeo,xff-symbol+reloc-j,high,recomp,
0x01201148,0x01201320,MANAGER,sub_01201148,updateLightGeo,xff-symbol+reloc-j,high,recomp,
0x01201320,0x012013B0,MANAGER,sub_01201320,updateParticleDissolveGeo,xff-symbol+reloc-jal,high,recomp,
0x012013B0,0x0120160C,MANAGER,sub_012013B0,update_camera_region_geometry,xff-symbol+reloc-jal,high,recomp,
0x01201610,0x01201624,MANAGER,sub_01201610,kickEffect,xff-symbol+reloc-la+reloc-jal,high,recomp,
0x01201628,0x01201640,MANAGER,sub_01201628,kickParticle,xff-symbol+reloc-la+reloc-jal,high,recomp,
0x01201640,0x0120169C,MANAGER,sub_01201640,particleOnOff,xff-symbol+reloc-la,high,recomp,
0x012016A0,0x01201758,MANAGER,sub_012016A0,GetScriptAnimationObjChildObjWithName,xff-symbol,high,recomp,
0x01201758,0x01201840,MANAGER,sub_01201758,updateGameLightGeo,xff-symbol+reloc-j,high,recomp,
0x01201840,0x01201928,MANAGER,sub_01201840,updateClipGameLightGeo,xff-symbol+reloc-j,high,recomp,
0x01201928,0x01201968,MANAGER,sub_01201928,IsNonISysObjTypeRes,xff-symbol+reloc-jal,high,recomp,
0x01201968,0x012019CC,MANAGER,sub_01201968,SubCallDeleteFuncNonISysObjTypeRes,xff-symbol+reloc-jal,high,recomp,
0x012019D0,0x01201A98,MANAGER,sub_012019D0,EntryScriptAnimationObjJudgeVolumeGroup,xff-symbol+reloc-jal,high,recomp,
0x01201A98,0x01201B14,MANAGER,sub_01201A98,ScriptAnimationObjCheckPositionInsideOfJudgeVolumeObject,xff-symbol+reloc-jal,high,recomp,
0x01201B18,0x01201B7C,MANAGER,sub_01201B18,ScriptAnimationObjOfJudgeVolumeObject,xff-symbol+reloc-jal,high,recomp,
0x01201B80,0x01201C40,MANAGER,sub_01201B80,GetScriptAnimationSubObjectWithTypeFiltering,xff-symbol,high,recomp,
0x01201C40,0x01201C58,MANAGER,sub_01201C40,SetScariptAnimationObjMotSyncSlotId,xff-symbol+reloc-jal,high,recomp,
0x01201C58,0x01201C8C,MANAGER,sub_01201C58,DebugDispVolumeShape,xff-symbol,high,recomp,
0x01201C90,0x01201D58,MANAGER,sub_01201C90,DebugDispVolumeAll,xff-symbol,high,recomp,
0x01201D58,0x01201E08,MANAGER,sub_01201D58,DebugDispVolumeAllColor,xff-symbol,high,recomp,
0x01201E08,0x01201F10,MANAGER,sub_01201E08,DeleteAllActiveScriptAnimationObj,xff-symbol,high,recomp,
0x01201F10,0x01201FAC,MANAGER,sub_01201F10,GetScriptAnimationObjResourcePlayTime,xff-symbol,high,recomp,
0x01201FB0,0x01202068,MANAGER,sub_01201FB0,ExecScriptAnimationObjClothGeometry,xff-symbol+reloc-jal,high,recomp,
0x01202068,0x01202170,MANAGER,sub_01202068,,reloc-jal,high,recomp,
0x01202170,0x01202208,MANAGER,sub_01202170,,reloc-jal,high,recomp,
0x01202208,0x012022A0,MANAGER,sub_01202208,,reloc-jal,high,recomp,
0x012022A0,0x012022E8,MANAGER,sub_012022A0,,reloc-jal,high,recomp,
0x012022E8,0x012022F4,MANAGER,sub_012022E8,getLWSDebugMode2,xff-symbol,high,recomp,
0x012022F8,0x01202304,MANAGER,sub_012022F8,getExternalLWSFlag,xff-symbol,high,recomp,
0x01202308,0x01202480,MANAGER,sub_01202308,,reloc-jal,high,recomp,
0x01202480,0x012024E0,MANAGER,sub_01202480,,reloc-la,high,recomp,
0x012024E0,0x012025B8,MANAGER,sub_012024E0,,reloc-la,high,recomp,
0x012025B8,0x012025D8,MANAGER,sub_012025B8,,reloc-la,high,recomp,
0x012025D8,0x012026E8,MANAGER,sub_012025D8,,reloc-j,medium,recomp,
0x012026E8,0x01202818,MANAGER,sub_012026E8,,reloc-jal,high,recomp,
0x01202818,0x01202948,MANAGER,sub_01202818,,reloc-jal,high,recomp,
0x01202948,0x01202988,MANAGER,sub_01202948,,reloc-la,high,recomp,
0x01202988,0x012029A0,MANAGER,sub_01202988,,reloc-la,high,recomp,
0x012029A0,0x01202A2C,MANAGER,sub_012029A0,GetMotionResourceTime,xff-symbol,high,recomp,
0x01202A30,0x01202ACC,MANAGER,sub_01202A30,UpdateOutRangeLightGeo,xff-symbol,high,recomp,
0x01202AD0,0x01202B30,MANAGER,sub_01202AD0,,reloc-la,high,recomp,
0x01202B30,0x01202B74,MANAGER,sub_01202B30,ReparentChildObjects,xff-symbol+reloc-la,high,recomp,
0x01202B78,0x01202CDC,MANAGER,sub_01202B78,CreateScriptCharObj,xff-symbol+reloc-jal,high,recomp,
0x01202CE0,0x01202CFC,MANAGER,sub_01202CE0,GetScriptCharacterClass,xff-symbol+reloc-jal+reloc-j,high,recomp,
0x01202D00,0x01202D64,MANAGER,sub_01202D00,FlushScriptCharObj,xff-symbol,high,recomp,
0x01202D68,0x01202E1C,MANAGER,sub_01202D68,InitScriptCharObj,xff-symbol,high,recomp,
0x01202E20,0x01202E2C,MANAGER,sub_01202E20,SetScriptCharDefaultScriptFunc,xff-symbol,high,recomp,
0x01202E30,0x01202E4C,MANAGER,sub_01202E30,SetScriptCharacterObjReleaseCallBackFunc,xff-symbol,high,recomp,
0x01202E50,0x01202EA8,MANAGER,sub_01202E50,,reloc-la,high,recomp,
0x01202EA8,0x01202F08,MANAGER,sub_01202EA8,,reloc-la,high,recomp,
0x01202F08,0x01202F44,MANAGER,sub_01202F08,GetScriptCharObjWorkSize,xff-symbol,high,recomp,
0x01202F48,0x0120307C,MANAGER,sub_01202F48,CreateScriptLayoutObj,xff-symbol+reloc-jal,high,recomp,
0x01203080,0x012031C0,MANAGER,sub_01203080,CreateAliasScriptLayoutObj,xff-symbol+reloc-jal,high,recomp,
0x012031C0,0x01203210,MANAGER,sub_012031C0,FlushScriptLayoutObj,xff-symbol+reloc-jal,high,recomp,
0x01203210,0x01203254,MANAGER,sub_01203210,GetScriptLayoutClass,xff-symbol+reloc-jal+reloc-j,high,recomp,
0x01203258,0x012032AC,MANAGER,sub_01203258,SetScriptLayoutObjLetterProcMode,xff-symbol,high,recomp,
0x012032B0,0x012032E8,MANAGER,sub_012032B0,ExecScriptLayoutObj,xff-symbol,high,recomp,
0x012032E8,0x0120339C,MANAGER,sub_012032E8,InitScriptLayoutObj,xff-symbol+reloc-jal,high,recomp,
0x012033A0,0x012033DC,MANAGER,sub_012033A0,GetScriptLayoutObjWorkSize,xff-symbol+reloc-jal,high,recomp,
0x012033E0,0x01203408,MANAGER,sub_012033E0,FlushScriptLayoutObjImmediate,xff-symbol+reloc-jal,high,recomp,
0x01203408,0x01203458,MANAGER,sub_01203408,,reloc-la,high,recomp,
0x01203458,0x01203480,MANAGER,sub_01203458,,reloc-la,high,recomp,
0x01203480,0x01203534,MANAGER,sub_01203480,InitAliasScriptLayoutObj,xff-symbol,high,recomp,
0x01203538,0x012036C0,MANAGER,sub_01203538,,reloc-la,high,recomp,
0x012036C0,0x012037D0,MANAGER,sub_012036C0,CreateScriptLwsOri,xff-symbol+reloc-jal,high,recomp,
0x012037D0,0x012038D8,MANAGER,sub_012037D0,,reloc-jal,high,recomp,
0x012038D8,0x012038E8,MANAGER,sub_012038D8,,ptr-table,medium,recomp,
0x012038E8,0x01203920,MANAGER,sub_012038E8,,ptr-table,medium,recomp,
0x01203920,0x01203930,MANAGER,sub_01203920,,ptr-table,medium,recomp,
0x01203930,0x01203960,MANAGER,sub_01203930,,ptr-table,medium,recomp,
0x01203960,0x01203970,MANAGER,sub_01203960,,ptr-table,medium,recomp,
0x01203970,0x01203978,MANAGER,sub_01203970,,ptr-table,medium,recomp,
0x01203978,0x01203980,MANAGER,sub_01203978,,ptr-table,medium,recomp,
0x01203980,0x01203998,MANAGER,sub_01203980,,ptr-table,medium,recomp,
0x01203998,0x012039C8,MANAGER,sub_01203998,,ptr-table,medium,recomp,
0x012039C8,0x012039E0,MANAGER,sub_012039C8,,ptr-table,medium,recomp,
0x012039E0,0x01203A20,MANAGER,sub_012039E0,,ptr-table,medium,recomp,
0x01203A20,0x01203A3C,MANAGER,sub_01203A20,GetScrLwsOriClass,xff-symbol+reloc-jal,high,recomp,
0x01203A40,0x01203ACC,MANAGER,sub_01203A40,FlushScriptLwsOri,xff-symbol,high,recomp,
0x01203AD0,0x01203AF0,MANAGER,sub_01203AD0,SetScrLwsOriObjReleaseCallBackFunc,xff-symbol,high,recomp,
0x01203AF0,0x01203B64,MANAGER,sub_01203AF0,InitScriptLwsOrientObj,xff-symbol,high,recomp,
0x01203B68,0x01203BA4,MANAGER,sub_01203B68,GetScriptLwsOrientObjWorkSize,xff-symbol,high,recomp,
0x01203BA8,0x01203BB4,MANAGER,sub_01203BA8,SetScriptLwsOrientObjDefaultScriptFunc,xff-symbol,high,recomp,
0x01203BB8,0x01203C44,MANAGER,sub_01203BB8,CreateScriptLwsOrientDefObj,xff-symbol+reloc-jal,high,recomp,
0x01203C48,0x01203C64,MANAGER,sub_01203C48,GetScriptLwsOrientDefinfo,xff-symbol+reloc-jal,high,recomp,
0x01203C68,0x01203CF0,MANAGER,sub_01203C68,,reloc-la,high,recomp,
0x01203CF0,0x01203DD0,MANAGER,sub_01203CF0,DeleteScriptLwsOrientObjSubObjects,xff-symbol,high,recomp,
0x01203DD0,0x01203DD8,MANAGER,sub_01203DD0,,reloc-la,high,recomp,
0x01203DD8,0x01203EDC,MANAGER,sub_01203DD8,AddSortObj,xff-symbol+reloc-jal,high,recomp,
0x01203EE0,0x01203F8C,MANAGER,sub_01203EE0,GetNextSortObj,xff-symbol+reloc-jal,high,recomp,
0x01203F90,0x01203FE0,MANAGER,sub_01203F90,GetFirstSortObj,xff-symbol+reloc-jal,high,recomp,
0x01203FE0,0x01203FF0,MANAGER,sub_01203FE0,InitSortObj,xff-symbol+reloc-jal,high,recomp,
0x01203FF0,0x01204028,MANAGER,sub_01203FF0,ClearSortList,xff-symbol+reloc-jal,high,recomp,
0x01204028,0x01204100,MANAGER,sub_01204028,CreateSortList,xff-symbol+reloc-jal,high,recomp,
0x01204100,0x0120412C,MANAGER,sub_01204100,DeleteSortList,xff-symbol+reloc-jal+reloc-j,high,recomp,
0x01204130,0x01204580,MANAGER,sub_01204130,,reloc-jal,high,recomp,
0x01204580,0x012046C0,MANAGER,sub_01204580,,reloc-jal,high,recomp,
0x012046C0,0x01204798,MANAGER,sub_012046C0,,reloc-j,medium,recomp,
0x01204798,0x01204810,MANAGER,sub_01204798,,ptr-table,medium,recomp,
0x01204810,0x012048F8,MANAGER,sub_01204810,,ptr-table,medium,recomp,
0x012048F8,0x012049D0,MANAGER,sub_012048F8,,ptr-table,medium,recomp,
0x012049D0,0x01204A90,MANAGER,sub_012049D0,,ptr-table,medium,recomp,
0x01204A90,0x01204AF0,MANAGER,sub_01204A90,,ptr-table,medium,recomp,
0x01204AF0,0x01204CC8,MANAGER,sub_01204AF0,,reloc-jal,high,recomp,
0x01204CC8,0x01204E88,MANAGER,sub_01204CC8,,reloc-jal,high,recomp,
0x01204E88,0x01204F80,MANAGER,sub_01204E88,SpriteMenuIsFadeCheckSelectLayer,xff-symbol,high,recomp,
0x01204F80,0x01205118,MANAGER,sub_01204F80,,reloc-jal,high,recomp,
0x01205118,0x01205288,MANAGER,sub_01205118,,reloc-jal,high,recomp,
0x01205288,0x01205388,MANAGER,sub_01205288,,reloc-jal,high,recomp,
0x01205388,0x01205840,MANAGER,sub_01205388,,reloc-jal,high,recomp,
0x01205840,0x01205B88,MANAGER,sub_01205840,,reloc-jal,high,recomp,
0x01205B88,0x01205F48,MANAGER,sub_01205B88,,reloc-la,high,recomp,
0x01205F48,0x01206188,MANAGER,sub_01205F48,SpriteMenuSetSpriteObjectParam,xff-symbol+reloc-jal,high,recomp,
0x01206188,0x01206660,MANAGER,sub_01206188,,reloc-jal,high,recomp,
0x01206660,0x012068A0,MANAGER,sub_01206660,,reloc-jal,high,recomp,
0x012068A0,0x01206BF8,MANAGER,sub_012068A0,,reloc-jal,high,recomp,
0x01206BF8,0x01207050,MANAGER,sub_01206BF8,,reloc-jal,high,recomp,
0x01207050,0x01207380,MANAGER,sub_01207050,,reloc-jal,high,recomp,
0x01207380,0x012074B8,MANAGER,sub_01207380,,reloc-jal,high,recomp,
0x012074B8,0x01207950,MANAGER,sub_012074B8,,reloc-jal,high,recomp,
0x01207950,0x01207B28,MANAGER,sub_01207950,,reloc-jal,high,recomp,
0x01207B28,0x01207B44,MANAGER,sub_01207B28,GetSpriteMenuClass,xff-symbol,high,recomp,
0x01207B48,0x01207B64,MANAGER,sub_01207B48,GetScriptSpriteMenuClass,xff-symbol+reloc-j,high,recomp,
0x01207B68,0x01207B94,MANAGER,sub_01207B68,SpriteMenuSetPadEventCallback,xff-symbol,high,recomp,
0x01207B98,0x01207BC4,MANAGER,sub_01207B98,SpriteSubMenuSetPadEventCallback,xff-symbol,high,recomp,
0x01207BC8,0x01207C58,MANAGER,sub_01207BC8,SpriteMenuSetDispFlag,xff-symbol,high,recomp,
0x01207C58,0x01207D08,MANAGER,sub_01207C58,SpriteMenuSetDispFlagNoFade,xff-symbol,high,recomp,
0x01207D08,0x01207E00,MANAGER,sub_01207D08,SpriteMenuSetDispFlagByHash,xff-symbol,high,recomp,
0x01207E00,0x01207EF4,MANAGER,sub_01207E00,SpriteMenuSetDispFlagAll,xff-symbol,high,recomp,
0x01207EF8,0x01207F98,MANAGER,sub_01207EF8,SpriteMenuSetMenuDispFlag,xff-symbol,high,recomp,
0x01207F98,0x01207FB0,MANAGER,sub_01207F98,SpriteMenuGetSpriteMenuClassParam,xff-symbol,high,recomp,
0x01207FB0,0x01208030,MANAGER,sub_01207FB0,SpriteMenuSetLayer,xff-symbol,high,recomp,
0x01208030,0x01208078,MANAGER,sub_01208030,SpriteMenuSetLayerPriority,xff-symbol,high,recomp,
0x01208078,0x012080F8,MANAGER,sub_01208078,SpriteMenuSetLayerPriorityAllLayer,xff-symbol,high,recomp,
0x012080F8,0x01208128,MANAGER,sub_012080F8,SpriteMenuGetLayerStatus,xff-symbol,high,recomp,
0x01208128,0x0120819C,MANAGER,sub_01208128,SpriteMenuGetLayerByHash,xff-symbol,high,recomp,
0x012081A0,0x0120821C,MANAGER,sub_012081A0,SpriteMenuGetLayerNoByHashWithoutErrorCheck,xff-symbol,high,recomp,
0x01208220,0x0120829C,MANAGER,sub_01208220,SpriteMenuGetLayerNoByHash,xff-symbol,high,recomp,
0x012082A0,0x01208364,MANAGER,sub_012082A0,SpriteMenuGetPartsParamByHash,xff-symbol,high,recomp,
0x01208368,0x01208478,MANAGER,sub_01208368,SpriteMenuGetPartsParamByHashStr,xff-symbol,high,recomp,
0x01208478,0x0120854C,MANAGER,sub_01208478,SpriteMenuGetPartsDefByHash,xff-symbol,high,recomp,
0x01208550,0x0120866C,MANAGER,sub_01208550,SpriteMenuGetPartsDefByHashStr,xff-symbol,high,recomp,
0x01208670,0x01208744,MANAGER,sub_01208670,SpriteMenuGetPartsDefValueByHash,xff-symbol,high,recomp,
0x01208748,0x01208868,MANAGER,sub_01208748,SpriteMenuGetPartsDefValueByHashStr,xff-symbol,high,recomp,
0x01208868,0x0120893C,MANAGER,sub_01208868,SpriteMenuSetPartsDefValueByHash,xff-symbol,high,recomp,
0x01208940,0x01208A6C,MANAGER,sub_01208940,SpriteMenuSetPartsDefValueByHashStr,xff-symbol,high,recomp,
0x01208A70,0x01208BAC,MANAGER,sub_01208A70,SpriteMenuSetPartsDefValueByHashStrWithoutErrorCheck,xff-symbol,high,recomp,
0x01208BB0,0x01208C90,MANAGER,sub_01208BB0,SpriteMenuSetSpriteMenuSoundSwitchByHash,xff-symbol,high,recomp,
0x01208C90,0x01208DB8,MANAGER,sub_01208C90,SpriteMenuSetSpriteMenuSoundSwitchByHashStr,xff-symbol,high,recomp,
0x01208DB8,0x01208DD0,MANAGER,sub_01208DB8,SpriteMenuGetSelectLayer,xff-symbol,high,recomp,
0x01208DD0,0x01208DE8,MANAGER,sub_01208DD0,SpriteMenuGetPadEvent,xff-symbol,high,recomp,
0x01208DE8,0x01208E24,MANAGER,sub_01208DE8,SpriteMenuGetProgressiveOffset,xff-symbol,high,recomp,
0x01208E28,0x01208E9C,MANAGER,sub_01208E28,SpriteMenuGetMenuIdByPartsId,xff-symbol,high,recomp,
0x01208EA0,0x01208F6C,MANAGER,sub_01208EA0,SpriteMenuGetMenuIdByHash,xff-symbol,high,recomp,
0x01208F70,0x01209080,MANAGER,sub_01208F70,SpriteMenuGetMenuIdByHashStr,xff-symbol,high,recomp,
0x01209080,0x012090B8,MANAGER,sub_01209080,SpriteMenuGetSelectMenuIdBySpriteMenuClass,xff-symbol,high,recomp,
0x012090B8,0x01209100,MANAGER,sub_012090B8,SpriteMenuGetSelectMenuId,xff-symbol,high,recomp,
0x01209100,0x01209158,MANAGER,sub_01209100,SpriteMenuSetSelectMenuId,xff-symbol,high,recomp,
0x01209158,0x012091A8,MANAGER,sub_01209158,SpriteMenuGetSelectSubMenuId,xff-symbol,high,recomp,
0x012091A8,0x0120928C,MANAGER,sub_012091A8,SpriteMenuSetSelectSubMenuId,xff-symbol,high,recomp,
0x01209290,0x012092E0,MANAGER,sub_01209290,SpriteMenuGetSelectMenuMode,xff-symbol,high,recomp,
0x012092E0,0x01209334,MANAGER,sub_012092E0,SpriteMenuSetSelectMenuMode,xff-symbol,high,recomp,
0x01209338,0x01209380,MANAGER,sub_01209338,SpriteMenuSetDefaultSelectMenu,xff-symbol,high,recomp,
0x01209380,0x01209464,MANAGER,sub_01209380,SpriteMenuSetSliderValue,xff-symbol,high,recomp,
0x01209468,0x01209530,MANAGER,sub_01209468,SpriteMenuSetSliderValueByHash,xff-symbol,high,recomp,
0x01209530,0x01209650,MANAGER,sub_01209530,SpriteMenuSetSliderValueByHashStr,xff-symbol,high,recomp,
0x01209650,0x012096B8,MANAGER,sub_01209650,SpriteMenuSetCheckBoxByPartsId,xff-symbol,high,recomp,
0x012096B8,0x012097A8,MANAGER,sub_012096B8,SpriteMenuSetCheckBoxByHash,xff-symbol,high,recomp,
0x012097A8,0x0120988C,MANAGER,sub_012097A8,SpriteMenuSetNumPartsFormatByHash,xff-symbol,high,recomp,
0x01209890,0x012099BC,MANAGER,sub_01209890,SpriteMenuSetNumPartsFormatByHashStr,xff-symbol,high,recomp,
0x012099C0,0x012099E4,MANAGER,sub_012099C0,SpriteMenuSetNumPartsFormatByPartsParam,xff-symbol,high,recomp,
0x012099E8,0x01209A50,MANAGER,sub_012099E8,SpriteMenuSetAnimParam,xff-symbol,high,recomp,
0x01209A50,0x01209AD0,MANAGER,sub_01209A50,SpriteMenuIsFadeCheckAllLayer,xff-symbol,high,recomp,
0x01209AD0,0x01209B58,MANAGER,sub_01209AD0,SpriteMenuIsFadeCheckLayer,xff-symbol+reloc-jal,high,recomp,
0x01209B58,0x01209BC8,MANAGER,sub_01209B58,SpriteMenuGetFadeByLayer,xff-symbol,high,recomp,
0x01209BC8,0x01209C18,MANAGER,sub_01209BC8,DeleteScriptSpriteMenuObj,xff-symbol+reloc-la,high,recomp,
0x01209C18,0x01209CF0,MANAGER,sub_01209C18,CreateScriptSpriteMenuObj,xff-symbol+reloc-jal,high,recomp,
0x01209CF0,0x01209D04,MANAGER,sub_01209CF0,setDefaultMenuControlButton,xff-symbol,high,recomp,
0x01209D08,0x01209D4C,MANAGER,sub_01209D08,spriteMenuCheckSelectPushPad,xff-symbol,high,recomp,
0x01209D50,0x01209DE0,MANAGER,sub_01209D50,spriteMenuObjPadChangeHorse,xff-symbol,high,recomp,
0x01209DE0,0x01209E68,MANAGER,sub_01209DE0,,reloc-j+reloc-jal,medium,recomp,
0x01209E68,0x01209F08,MANAGER,sub_01209E68,,reloc-la,high,recomp,
0x01209F08,0x01209F20,MANAGER,sub_01209F08,,reloc-la,high,recomp,
0x01209F20,0x0120A220,MANAGER,sub_01209F20,,reloc-jal,high,recomp,
0x0120A220,0x0120A378,MANAGER,sub_0120A220,InitSpriteObj,xff-symbol+reloc-jal,high,recomp,
0x0120A378,0x0120A394,MANAGER,sub_0120A378,GetSpriteClass,xff-symbol,high,recomp,
0x0120A398,0x0120A3C4,MANAGER,sub_0120A398,FlushSpriteObj,xff-symbol,high,recomp,
0x0120A3C8,0x0120A440,MANAGER,sub_0120A3C8,DeleteScriptSpriteObj,xff-symbol+reloc-la,high,recomp,
0x0120A440,0x0120A45C,MANAGER,sub_0120A440,GetScriptSpriteClass,xff-symbol+reloc-j,high,recomp,
0x0120A460,0x0120A47C,MANAGER,sub_0120A460,GetSpriteObjWorkSize,xff-symbol,high,recomp,
0x0120A480,0x0120A4C0,MANAGER,sub_0120A480,GetScriptSpriteObjWorkSize,xff-symbol,high,recomp,
0x0120A4C0,0x0120A5A4,MANAGER,sub_0120A4C0,CreateScriptSpriteObj,xff-symbol+reloc-jal,high,recomp,
0x0120A5A8,0x0120A5B0,MANAGER,sub_0120A5A8,ExecScriptSpriteObj,xff-symbol,high,recomp,
0x0120A5B0,0x0120A680,MANAGER,sub_0120A5B0,,reloc-la,high,recomp,
0x0120A680,0x0120A698,MANAGER,sub_0120A680,,reloc-la,high,recomp,
0x0120A698,0x0120A6B4,MANAGER,sub_0120A698,GetSubLinkClass,xff-symbol+reloc-jal,high,recomp,
0x0120A6B8,0x0120A7A4,MANAGER,sub_0120A6B8,CreateSubLinkObj,xff-symbol,high,recomp,
0x0120A7A8,0x0120A7F4,MANAGER,sub_0120A7A8,SetSubLinkObjDeleteFuncInfo,xff-symbol+reloc-jal,high,recomp,
0x0120A7F8,0x0120A81C,MANAGER,sub_0120A7F8,DeleteSubLinkObjLink,xff-symbol,high,recomp,
0x0120A820,0x0120A908,MANAGER,sub_0120A820,CreateSubLinkObjByGeometryPointer,xff-symbol+reloc-jal,high,recomp,
0x0120A908,0x0120A980,MANAGER,sub_0120A908,,reloc-la,high,recomp,
0x0120A980,0x0120AA60,MANAGER,sub_0120A980,InitSubLinkObj,xff-symbol,high,recomp,
0x0120AA60,0x0120ACFC,MANAGER,sub_0120AA60,ViewIntervalClip,xff-symbol+reloc-jal,high,recomp,
0x0120AD00,0x0120AD1C,MANAGER,sub_0120AD00,InitViewIntervalClip,xff-symbol+reloc-jal,high,recomp,
0x0120AD20,0x0120AD48,MANAGER,sub_0120AD20,FlushRequestViewIntervalClip,xff-symbol,high,recomp,
0x0120AD48,0x0120AD60,MANAGER,sub_0120AD48,getMicroCodeAddress,xff-symbol,high,recomp,
0x0120AD60,0x0120ADD0,MANAGER,sub_0120AD60,transMicroCode,xff-symbol+reloc-jal+reloc-j,high,recomp,
0x0120ADD0,0x0120AE40,MANAGER,sub_0120ADD0,transMicroCodeWithFlush,xff-symbol,high,recomp,
0x0120AE40,0x0120AE7C,MANAGER,sub_0120AE40,resetMicroCodeManager,xff-symbol+reloc-jal,high,recomp,
0x0120AE80,0x0120B368,MANAGER,sub_0120AE80,,reloc-jal+reloc-j,high,recomp,
0x0120B368,0x0120B6F8,MANAGER,sub_0120B368,,reloc-jal,high,recomp,
0x0120B6F8,0x0120B9A8,MANAGER,sub_0120B6F8,,reloc-la,high,recomp,
0x0120B9A8,0x0120BC60,MANAGER,sub_0120B9A8,,reloc-la,high,recomp,
0x0120BC60,0x0120BF10,MANAGER,sub_0120BC60,,reloc-la,high,recomp,
0x0120BF10,0x0120C318,MANAGER,sub_0120BF10,,reloc-jal,high,recomp,
0x0120C318,0x0120C8A8,MANAGER,sub_0120C318,,reloc-jal+reloc-j,high,recomp,
0x0120C8A8,0x0120CB68,MANAGER,sub_0120C8A8,,reloc-jal,high,recomp,
0x0120CB68,0x0120D550,MANAGER,sub_0120CB68,,reloc-jal,high,recomp,
0x0120D550,0x0120D9A8,MANAGER,sub_0120D550,,reloc-jal,high,recomp,
0x0120D9A8,0x0120DD68,MANAGER,sub_0120D9A8,,reloc-jal,high,recomp,
0x0120DD68,0x0120E0B0,MANAGER,sub_0120DD68,,reloc-jal,high,recomp,
0x0120E0B0,0x0120E550,MANAGER,sub_0120E0B0,,reloc-jal,high,recomp,
0x0120E550,0x0120E8B8,MANAGER,sub_0120E550,,reloc-la,high,recomp,
0x0120E8B8,0x0120EB2C,MANAGER,sub_0120E8B8,AddCollisionDB,xff-symbol+reloc-jal,high,recomp,
0x0120EB30,0x0120ED94,MANAGER,sub_0120EB30,GetCollisionDB,xff-symbol+reloc-jal,high,recomp,
0x0120ED98,0x0120F158,MANAGER,sub_0120ED98,,reloc-jal+reloc-j,high,recomp,
0x0120F158,0x0120F458,MANAGER,sub_0120F158,GetLayoutObjCollisionDBWithTargetAttributeJudgeFunc,xff-symbol+reloc-jal,high,recomp,
0x0120F458,0x0120F5D4,MANAGER,sub_0120F458,getLayoutClassCollisionIndepSurfBoundary,xff-symbol+reloc-jal,high,recomp,
0x0120F5D8,0x0120F778,MANAGER,sub_0120F5D8,GetCollisionDBSurfBoundary,xff-symbol+reloc-jal,high,recomp,
0x0120F778,0x0120FA10,MANAGER,sub_0120F778,,reloc-j+reloc-jal,medium,recomp,
0x0120FA10,0x0120FE18,MANAGER,sub_0120FA10,GetCollisionDBPlaneNormalZQuaternion,xff-symbol+reloc-jal,high,recomp,
0x0120FE18,0x0120FFEC,MANAGER,sub_0120FE18,GetCollisionEdgeHangQuaternion,xff-symbol,high,recomp,
0x0120FFF0,0x012104E8,MANAGER,sub_0120FFF0,GetCollisionEdgePointerGlobalVerticalPlane,xff-symbol+reloc-jal,high,recomp,
0x012104E8,0x01210948,MANAGER,sub_012104E8,GetCollisionEdgePointerHVPlane,xff-symbol+reloc-jal,high,recomp,
0x01210948,0x01210B48,MANAGER,sub_01210948,GetCollisionEdgePointerOtherSideDBData,xff-symbol+reloc-jal,high,recomp,
0x01210B48,0x01210F9C,MANAGER,sub_01210B48,GetCollisionDBEdgeInfoNext3,xff-symbol+reloc-jal,high,recomp,
0x01210FA0,0x012111F0,MANAGER,sub_01210FA0,GetCollisionDBNext3,xff-symbol+reloc-jal,high,recomp,
0x012111F0,0x01211434,MANAGER,sub_012111F0,GetCollisionDBNext3Direct,xff-symbol,high,recomp,
0x01211438,0x0121161C,MANAGER,sub_01211438,GetCollisionDBEdgeInfo,xff-symbol+reloc-jal,high,recomp,
0x01211620,0x012118E4,MANAGER,sub_01211620,GetGeometryPointerWithCollisionDBDataGlobalPoint,xff-symbol+reloc-jal,high,recomp,
0x012118E8,0x01211BFC,MANAGER,sub_012118E8,GetGeometryPointerWithCollisionEdgeGlobalPoint,xff-symbol+reloc-jal,high,recomp,
0x01211C00,0x01212284,MANAGER,sub_01211C00,ClipCollisionDB,xff-symbol+reloc-jal,high,recomp,
0x01212288,0x01212A20,MANAGER,sub_01212288,,reloc-jal,high,recomp,
0x01212A20,0x01213FD0,MANAGER,sub_01212A20,,reloc-jal,high,recomp,
0x01213FD0,0x01215790,MANAGER,sub_01213FD0,,reloc-jal,high,recomp,
0x01215790,0x012166C0,MANAGER,sub_01215790,,reloc-jal,high,recomp,
0x012166C0,0x012168E0,MANAGER,sub_012166C0,ClipCollisionFinderWithKeep4DSlopeLimit,xff-symbol+reloc-jal,high,recomp,
0x012168E0,0x01216B64,MANAGER,sub_012168E0,ClipCollisionFinderWithKeep4DSlopeLimitCB,xff-symbol+reloc-jal,high,recomp,
0x01216B68,0x01216E08,MANAGER,sub_01216B68,,reloc-jal,high,recomp,
0x01216E08,0x01217060,MANAGER,sub_01216E08,,reloc-jal,high,recomp,
0x01217060,0x01217C90,MANAGER,sub_01217060,,reloc-jal,high,recomp,
0x01217C90,0x01217DB8,MANAGER,sub_01217C90,,reloc-jal,high,recomp,
0x01217DB8,0x01217FF0,MANAGER,sub_01217DB8,RelocateCollisionWork,xff-symbol+reloc-jal+reloc-j,high,recomp,
0x01217FF0,0x01218288,MANAGER,sub_01217FF0,InitCollisionWork,xff-symbol+reloc-jal,high,recomp,
0x01218288,0x012183B0,MANAGER,sub_01218288,GetCollisionWorkSize,xff-symbol+reloc-jal,high,recomp,
0x012183B0,0x01218444,MANAGER,sub_012183B0,GetCollisionCameraAttributeShareArrayNumber,xff-symbol,high,recomp,
0x01218448,0x01218690,MANAGER,sub_01218448,GetCollisionCameraAttributeShareArray,xff-symbol,high,recomp,
0x01218690,0x01218EA8,MANAGER,sub_01218690,,reloc-jal,high,recomp,
0x01218EA8,0x01219210,MANAGER,sub_01218EA8,,reloc-jal+reloc-j,high,recomp,
0x01219210,0x0121943C,MANAGER,sub_01219210,DebugDispCollisionDBEdge,xff-symbol+reloc-jal,high,recomp,
0x01219440,0x012195F0,MANAGER,sub_01219440,DebugDispCollisionDBEdgeAngle,xff-symbol,high,recomp,
0x012195F0,0x0121990C,MANAGER,sub_012195F0,DebugDispCollisionEdge,xff-symbol,high,recomp,
0x01219910,0x0121A110,MANAGER,sub_01219910,DebugDispCollisionFinder,xff-symbol+reloc-jal,high,recomp,
0x0121A110,0x0121A2BC,MANAGER,sub_0121A110,DebugDispManualEdgeCollisionDB,xff-symbol+reloc-jal,high,recomp,
0x0121A2C0,0x0121A404,MANAGER,sub_0121A2C0,DebugDispCollisionFinderKeep,xff-symbol,high,recomp,
0x0121A408,0x0121AD30,MANAGER,sub_0121A408,GetRayVolumeUncollisionPoint,xff-symbol+reloc-jal,high,recomp,
0x0121AD30,0x0121AED0,MANAGER,sub_0121AD30,,reloc-la,high,recomp,
0x0121AED0,0x0121AFFC,MANAGER,sub_0121AED0,CollisionPlaneJudgeCallbackParticle,xff-symbol+reloc-la,high,recomp,
0x0121B000,0x0121B1FC,MANAGER,sub_0121B000,CollisionPlaneJudgeCallbackArrow,xff-symbol,high,recomp,
0x0121B200,0x0121B404,MANAGER,sub_0121B200,CollisionPlaneJudgeCallbackCameraMove,xff-symbol,high,recomp,
0x0121B408,0x0121B61C,MANAGER,sub_0121B408,CollisionPlaneJudgeCallbackCameraVisibility,xff-symbol,high,recomp,
0x0121B620,0x0121B74C,MANAGER,sub_0121B620,CollisionPlaneJudgeCallbackCameraLeave,xff-symbol,high,recomp,
0x0121B750,0x0121B824,MANAGER,sub_0121B750,ClipEdgeLinkDBFinder,xff-symbol,high,recomp,
0x0121B828,0x0121B8B8,MANAGER,sub_0121B828,ConstructorCollisionPoint,xff-symbol,high,recomp,
0x0121B8B8,0x0121B928,MANAGER,sub_0121B8B8,ConstructorCollisionDynamics,xff-symbol,high,recomp,
0x0121B928,0x0121B960,MANAGER,sub_0121B928,CopyCollisionPoint,xff-symbol,high,recomp,
0x0121B960,0x0121B98C,MANAGER,sub_0121B960,CopyCollisionDynamics,xff-symbol,high,recomp,
0x0121B990,0x0121BA08,MANAGER,sub_0121B990,FilterCopyCollisionDynamics,xff-symbol,high,recomp,
0x0121BA08,0x0121BA60,MANAGER,sub_0121BA08,ConvertFromCollisionPointToDynamics,xff-symbol,high,recomp,
0x0121BA60,0x0121BA6C,MANAGER,sub_0121BA60,ResetCollisionDebug,xff-symbol,high,recomp,
0x0121BA70,0x0121BB0C,MANAGER,sub_0121BA70,DebugDispCollisionDB,xff-symbol,high,recomp,
0x0121BB10,0x0121BB88,MANAGER,sub_0121BB10,DebugDispCollisionDBShine,xff-symbol,high,recomp,
0x0121BB88,0x0121BC90,MANAGER,sub_0121BB88,dispVuCollisionDB,xff-symbol,high,recomp,
0x0121BC90,0x0121BD28,MANAGER,sub_0121BC90,DebugDispManualEdgeCollisionFinder,xff-symbol,high,recomp,
0x0121BD28,0x0121BDCC,MANAGER,sub_0121BD28,_CalcCollisionMultiDepSurfBoundary,xff-symbol+reloc-jal,high,recomp,
0x0121BDD0,0x0121BE8C,MANAGER,sub_0121BDD0,FlushCollisionWorkByWorkStruct,xff-symbol+reloc-j,high,recomp,
0x0121BE90,0x0121BEBC,MANAGER,sub_0121BE90,ReleaseCollisionWork,xff-symbol+reloc-jal,high,recomp,
0x0121BEC0,0x0121BEFC,MANAGER,sub_0121BEC0,FlushCollisionWorkImmediate,xff-symbol+reloc-jal,high,recomp,
0x0121BF00,0x0121C020,MANAGER,sub_0121BF00,Check_InVariableXZSurfJudgeFunc_LowerSurface,xff-symbol,high,recomp,
0x0121C020,0x0121C248,MANAGER,sub_0121C020,ClipCollisionVariableXZSurfaceCB,xff-symbol,high,recomp,
0x0121C248,0x0121C42C,MANAGER,sub_0121C248,ClipCollisionFinderWithVariableKeepCB,xff-symbol,high,recomp,
0x0121C430,0x0121C64C,MANAGER,sub_0121C430,ClipCollisionFinderWithVariableKeep4DCB,xff-symbol,high,recomp,
0x0121C650,0x0121C8CC,MANAGER,sub_0121C650,GetCollisionDBCallBack,xff-symbol+reloc-jal,high,recomp,
0x0121C8D0,0x0121CB3C,MANAGER,sub_0121C8D0,AddCollisionDBCallBack,xff-symbol,high,recomp,
0x0121CB40,0x0121CB58,MANAGER,sub_0121CB40,GetCollisionDBCurrentPointOnLastPlane,xff-symbol+reloc-jal,high,recomp,
0x0121CB58,0x0121CC44,MANAGER,sub_0121CB58,GetCollisionDBVertexPoint,xff-symbol+reloc-jal,high,recomp,
0x0121CC48,0x0121CC88,MANAGER,sub_0121CC48,GetCollisionDBRegion,xff-symbol,high,recomp,
0x0121CC88,0x0121CE24,MANAGER,sub_0121CC88,GetCollisionDBPositionWithST,xff-symbol+reloc-jal,high,recomp,
0x0121CE28,0x0121CEA0,MANAGER,sub_0121CE28,GetCollisionDBPositionWithNodeLocalPos,xff-symbol+reloc-jal,high,recomp,
0x0121CEA0,0x0121CF70,MANAGER,sub_0121CEA0,GetCollisionDBQuaternion,xff-symbol+reloc-jal,high,recomp,
0x0121CF70,0x0121D044,MANAGER,sub_0121CF70,GetCollisionDBOriginQuatPos,xff-symbol,high,recomp,
0x0121D048,0x0121D164,MANAGER,sub_0121D048,GetCollisionDBVectorPlane,xff-symbol,high,recomp,
0x0121D168,0x0121D3D0,MANAGER,sub_0121D168,GetCollisionDBPlane,xff-symbol+reloc-jal,high,recomp,
0x0121D3D0,0x0121D4F8,MANAGER,sub_0121D3D0,GetCollisionDBAttribute,xff-symbol+reloc-j,high,recomp,
0x0121D4F8,0x0121D604,MANAGER,sub_0121D4F8,GetCollisionDBAttributeAdr,xff-symbol+reloc-jal,high,recomp,
0x0121D608,0x0121D688,MANAGER,sub_0121D608,ClipCollisionDBDoubleSide,xff-symbol,high,recomp,
0x0121D688,0x0121D790,MANAGER,sub_0121D688,ClipCollisionFinderCallBack,xff-symbol+reloc-jal+reloc-j,high,recomp,
0x0121D790,0x0121D870,MANAGER,sub_0121D790,ClipCollisionFinder,xff-symbol+reloc-jal,high,recomp,
0x0121D870,0x0121D958,MANAGER,sub_0121D870,ClipCollisionFinder4D,xff-symbol,high,recomp,
0x0121D958,0x0121DA58,MANAGER,sub_0121D958,ClipCollisionFinderWithKeep,xff-symbol+reloc-jal,high,recomp,
0x0121DA58,0x0121DB58,MANAGER,sub_0121DA58,ClipCollisionFinderWithKeep4D,xff-symbol+reloc-jal,high,recomp,
0x0121DB58,0x0121DC94,MANAGER,sub_0121DB58,NippingCheckCollisionFindetWithKeep4D,xff-symbol,high,recomp,
0x0121DC98,0x0121DDB0,MANAGER,sub_0121DC98,ClipCollisionFinderWithKeep_VWallOnly,xff-symbol+reloc-jal,high,recomp,
0x0121DDB0,0x0121DFAC,MANAGER,sub_0121DDB0,ClipCollisionFinderWithKeepSlopeLimit,xff-symbol+reloc-jal,high,recomp,
0x0121DFB0,0x0121E200,MANAGER,sub_0121DFB0,ClipCollisionFinderWithKeepSlopeLimitCB,xff-symbol+reloc-jal,high,recomp,
0x0121E200,0x0121E2E0,MANAGER,sub_0121E200,ClipCollisionFinderFarPlane,xff-symbol,high,recomp,
0x0121E2E0,0x0121E3D8,MANAGER,sub_0121E2E0,ClipCollisionFinderFarPlane4D,xff-symbol,high,recomp,
0x0121E3D8,0x0121E4D8,MANAGER,sub_0121E3D8,ClipCollisionFinderFarPlaneWithKeep,xff-symbol,high,recomp,
0x0121E4D8,0x0121E5D8,MANAGER,sub_0121E4D8,ClipCollisionFinderFarPlaneWithKeep4D,xff-symbol,high,recomp,
0x0121E5D8,0x0121E7F4,MANAGER,sub_0121E5D8,SlideCollisionFinder4D,xff-symbol+reloc-jal,high,recomp,
0x0121E7F8,0x0121EA50,MANAGER,sub_0121E7F8,SlideCollisionFinder4DCB,xff-symbol+reloc-jal,high,recomp,
0x0121EA50,0x0121EC44,MANAGER,sub_0121EA50,ClipCollisionVariableXZSurface,xff-symbol+reloc-jal,high,recomp,
0x0121EC48,0x0121EE3C,MANAGER,sub_0121EC48,ClipCollisionVariableXZSurfaceNoBottomCheck,xff-symbol+reloc-jal,high,recomp,
0x0121EE40,0x0121F034,MANAGER,sub_0121EE40,CheckUnderVariableXZSurface,xff-symbol+reloc-jal,high,recomp,
0x0121F038,0x0121F054,MANAGER,sub_0121F038,GetWaterSurfacePositionY,xff-symbol+reloc-jal,high,recomp,
0x0121F058,0x0121F2B4,MANAGER,sub_0121F058,GetWaterSurfacePositionYExtend,xff-symbol+reloc-j+reloc-jal,high,recomp,
0x0121F2B8,0x0121F4F0,MANAGER,sub_0121F2B8,IsWaterSurfaceExistAround,xff-symbol+reloc-jal,high,recomp,
0x0121F4F0,0x0121F60C,MANAGER,sub_0121F4F0,GetCollisionEdgePointerVertexPoint,xff-symbol+reloc-jal,high,recomp,
0x0121F610,0x0121F748,MANAGER,sub_0121F610,GetCollisionEdgePointerVertexPoint3,xff-symbol+reloc-jal,high,recomp,
0x0121F748,0x0121F82C,MANAGER,sub_0121F748,GetCollisionEdgePointerOtherSideCollisionEdge,xff-symbol+reloc-jal,high,recomp,
0x0121F830,0x0121F94C,MANAGER,sub_0121F830,GetCollisionDBEdgeVertexPoint,xff-symbol,high,recomp,
0x0121F950,0x0121FA88,MANAGER,sub_0121F950,GetCollisionDBEdgeVertexPoint3,xff-symbol,high,recomp,
0x0121FA88,0x0121FAA4,MANAGER,sub_0121FA88,CopyCollisionEdgePointer,xff-symbol,high,recomp,
0x0121FAA8,0x0121FACC,MANAGER,sub_0121FAA8,CopyCollisionEdge,xff-symbol+reloc-jal,high,recomp,
0x0121FAD0,0x0121FC38,MANAGER,sub_0121FAD0,GetCollisionEdgePositionWithS,xff-symbol+reloc-jal,high,recomp,
0x0121FC38,0x0121FC50,MANAGER,sub_0121FC38,MakeCollisionEdgePointer,xff-symbol,high,recomp,
0x0121FC50,0x0121FCB4,MANAGER,sub_0121FC50,GetCollisionVariableXZSurfPosition,xff-symbol+reloc-jal,high,recomp,
0x0121FCB8,0x0121FCC8,MANAGER,sub_0121FCB8,IsClusterCollision,xff-symbol+reloc-jal,high,recomp,
0x0121FCC8,0x0121FD98,MANAGER,sub_0121FCC8,MakeGeometryPointerCollisionInfo,xff-symbol+reloc-jal,high,recomp,
0x0121FD98,0x0121FDC4,MANAGER,sub_0121FD98,MakeGeometryPointerCollisionEdgeInfo,xff-symbol+reloc-jal,high,recomp,
0x0121FDC8,0x0121FE2C,MANAGER,sub_0121FDC8,GetGeometryPointerCollisionSurfSTPosition,xff-symbol,high,recomp,
0x0121FE30,0x0121FF80,MANAGER,sub_0121FE30,GetCollisionDBOneObjCallBack,xff-symbol,high,recomp,
0x0121FF80,0x01220128,MANAGER,sub_0121FF80,GetCollisionDBGroupCallBack,xff-symbol,high,recomp,
0x01220128,0x01220140,MANAGER,sub_01220128,GetCollisionDBLastPointOnCurrentPlane,xff-symbol+reloc-jal,high,recomp,
0x01220140,0x01220198,MANAGER,sub_01220140,ChangeCollisionResourceAttribute,xff-symbol+reloc-j,high,recomp,
0x01220198,0x012201A4,MANAGER,sub_01220198,GetCollisionResource,xff-symbol,high,recomp,
0x012201A8,0x012201E0,MANAGER,sub_012201A8,GetRayVolumeUncollisionPointForCamera,xff-symbol,high,recomp,
0x012201E0,0x012201EC,MANAGER,sub_012201E0,CollisionObjectJudgeCallbackExceptOneObj,xff-symbol,high,recomp,
0x012201F0,0x0122025C,MANAGER,sub_012201F0,CollisionObjectJudgeCallbackExceptDescendOneObj,xff-symbol,high,recomp,
0x01220260,0x01220294,MANAGER,sub_01220260,ConstructorCollisionObjectJudgeCallbackData,xff-symbol,high,recomp,
0x01220298,0x012202E0,MANAGER,sub_01220298,CollisionObjectJudgeCallbackExceptPluralObj,xff-symbol,high,recomp,
0x012202E0,0x012203B4,MANAGER,sub_012202E0,CollisionObjectJudgeCallbackExceptDescendPluralObj,xff-symbol,high,recomp,
0x012203B8,0x01220450,MANAGER,sub_012203B8,DebugDispCollisionDBColor,xff-symbol,high,recomp,
0x01220450,0x012204EC,MANAGER,sub_01220450,CheckCollisionInsideOfObjectBoundary,xff-symbol,high,recomp,
0x012204F0,0x01220674,MANAGER,sub_012204F0,getBossDBInfo,xff-symbol+reloc-jal,high,recomp,
0x01220678,0x01220684,MANAGER,sub_01220678,getVolumeCollisionDebugMode,xff-symbol,high,recomp,
0x01220688,0x01220694,MANAGER,sub_01220688,getCollisionDebugGraphMode,xff-symbol,high,recomp,
0x01220698,0x012206A4,MANAGER,sub_01220698,getCollisionVirtualWallDispFlag,xff-symbol,high,recomp,
0x012206A8,0x012207D0,MANAGER,sub_012206A8,,reloc-jal,high,recomp,
0x012207D0,0x01220900,MANAGER,sub_012207D0,,reloc-jal,high,recomp,
0x01220900,0x01220A30,MANAGER,sub_01220900,,reloc-jal,high,recomp,
0x01220A30,0x01220A7C,MANAGER,sub_01220A30,GetColMultiDepVtxInfoVertexNormal,xff-symbol,high,recomp,
0x01220A80,0x01220AD0,MANAGER,sub_01220A80,GetColMultiDepVtxInfoVertexNormalWork,xff-symbol,high,recomp,
0x01220AD0,0x01220B38,MANAGER,sub_01220AD0,iasmCalcCollisionMultiDepSurfBoundarySub,xff-symbol,high,recomp,
0x01220B38,0x01220C10,MANAGER,sub_01220B38,CalcCollisionMultiDepSurfBoundary,xff-symbol,high,recomp,
0x01220C10,0x01220C1C,MANAGER,sub_01220C10,SetColDebug,xff-symbol,high,recomp,
0x01220C20,0x01220C78,MANAGER,sub_01220C20,,reloc-jal,high,recomp,
0x01220C78,0x01220CB8,MANAGER,sub_01220C78,,reloc-la,high,recomp,
0x01220CB8,0x01220DA8,MANAGER,sub_01220CB8,,reloc-jal,high,recomp,
0x01220DA8,0x01220DC8,MANAGER,sub_01220DA8,,reloc-la,high,recomp,
0x01220DC8,0x01220DD8,MANAGER,sub_01220DC8,,reloc-la+reloc-jal,high,recomp,
0x01220DD8,0x01220E50,MANAGER,sub_01220DD8,GetCollisionDBNextSurfLinkComp,xff-symbol,high,recomp,
0x01220E50,0x01220F14,MANAGER,sub_01220E50,GetCollisionDBNextSurfLink,xff-symbol,high,recomp,
0x01220F18,0x01220FEC,MANAGER,sub_01220F18,MakeCollisionPointCollisionInfo,xff-symbol,high,recomp,
0x01220FF0,0x01220FF8,MANAGER,sub_01220FF0,MakeGeometryPointerGlobalInfo,xff-symbol,high,recomp,
0x01220FF8,0x0122125C,MANAGER,sub_01220FF8,GetSTPositionOfCollisionDB,xff-symbol,high,recomp,
0x01221260,0x01221270,MANAGER,sub_01221260,MakeCollisionPointGlobalInfo,xff-symbol,high,recomp,
0x01221270,0x01221360,MANAGER,sub_01221270,,reloc-jal,high,recomp,
0x01221360,0x01221410,MANAGER,sub_01221360,,reloc-jal,high,recomp,
0x01221410,0x012214A0,MANAGER,sub_01221410,GetCollisionDynamicsProjectionFloatPosition,xff-symbol,high,recomp,
0x012214A0,0x012214C0,MANAGER,sub_012214A0,,reloc-la,high,recomp,
0x012214C0,0x012214C8,MANAGER,sub_012214C0,,reloc-la,high,recomp,
0x012214C8,0x012214D4,MANAGER,sub_012214C8,objfilter,xff-symbol+reloc-la,high,recomp,
0x012214D8,0x012214E0,MANAGER,sub_012214D8,FlushCollisionEdgeLinkDBVWallFinder,xff-symbol+reloc-jal,high,recomp,
0x012214E0,0x01221500,MANAGER,sub_012214E0,GetCollisionEdgeLinkDBWorkSize,xff-symbol+reloc-jal,high,recomp,
0x01221500,0x0122159C,MANAGER,sub_01221500,InitCollisionEdgeLinkDB,xff-symbol+reloc-jal,high,recomp,
0x012215A0,0x012215E8,MANAGER,sub_012215A0,ReleaseCollisionEdgeLinkDB,xff-symbol+reloc-jal,high,recomp,
0x012215E8,0x01221728,MANAGER,sub_012215E8,GetCollisionEdgeLinkDBVWallFinder,xff-symbol+reloc-jal,high,recomp,
0x01221728,0x0122187C,MANAGER,sub_01221728,ReconstructCollisionEdgeLinkDBVWallFinder,xff-symbol,high,recomp,
0x01221880,0x0122188C,MANAGER,sub_01221880,SetCollisionEdgeLinkDBFinderVWallDirectionStatus,xff-symbol+reloc-jal,high,recomp,
0x01221890,0x012218AC,MANAGER,sub_01221890,SetCollisionEdgeLinkDBFinderCollectStatus,xff-symbol,high,recomp,
0x012218B0,0x01221980,MANAGER,sub_012218B0,InitializeCollisionFinder,xff-symbol,high,recomp,
0x01221980,0x01221A0C,MANAGER,sub_01221980,FlushCollisionFinder,xff-symbol+reloc-jal,high,recomp,
0x01221A10,0x01221B20,MANAGER,sub_01221A10,InitCollisionFinder,xff-symbol+reloc-jal,high,recomp,
0x01221B20,0x01221C28,MANAGER,sub_01221B20,InitCollisionFinderWithRelyNumber,xff-symbol+reloc-jal,high,recomp,
0x01221C28,0x01221CC4,MANAGER,sub_01221C28,EntryCollisionFinder,xff-symbol+reloc-jal,high,recomp,
0x01221CC8,0x01221D04,MANAGER,sub_01221CC8,DeleteCollisionFinder,xff-symbol+reloc-jal,high,recomp,
0x01221D08,0x01221D24,MANAGER,sub_01221D08,GetCollisionFinderWorkSize,xff-symbol+reloc-jal,high,recomp,
0x01221D28,0x01221D54,MANAGER,sub_01221D28,CopyCollisionFinder,xff-symbol+reloc-jal,high,recomp,
0x01221D58,0x01221E24,MANAGER,sub_01221D58,ReleaseCollisionFinder,xff-symbol+reloc-jal,high,recomp,
0x01221E28,0x01221E4C,MANAGER,sub_01221E28,CheckCollisionFinderAlive,xff-symbol+reloc-jal,high,recomp,
0x01221E50,0x01221EB8,MANAGER,sub_01221E50,CheckCollisionFinderExistData,xff-symbol+reloc-jal,high,recomp,
0x01221EB8,0x01221EC4,MANAGER,sub_01221EB8,DebugSetCollisionWideAreaSearchGroup,xff-symbol,high,recomp,
0x01221EC8,0x01221F1C,MANAGER,sub_01221EC8,InitCollisionWideAreaSearchInfo,xff-symbol,high,recomp,
0x01221F20,0x01221FB0,MANAGER,sub_01221F20,GetCollisionWideAreaSearch,xff-symbol,high,recomp,
0x01221FB0,0x01221FFC,MANAGER,sub_01221FB0,RequestCollisionWideAreaSearch,xff-symbol,high,recomp,
0x01222000,0x01222008,MANAGER,sub_01222000,CancelRequestCollisionWideAreaSearch,xff-symbol,high,recomp,
0x01222008,0x01222064,MANAGER,sub_01222008,DebugTestWideAreaSearch,xff-symbol,high,recomp,
0x01222068,0x012226A8,MANAGER,sub_01222068,,reloc-jal,high,recomp,
0x012226A8,0x01222C28,MANAGER,sub_012226A8,,reloc-jal,high,recomp,
0x01222C28,0x01223268,MANAGER,sub_01222C28,,reloc-jal,high,recomp,
0x01223268,0x01223830,MANAGER,sub_01223268,,reloc-jal,high,recomp,
0x01223830,0x01223E70,MANAGER,sub_01223830,,reloc-jal,high,recomp,
0x01223E70,0x01223FE8,MANAGER,sub_01223E70,,reloc-jal,high,recomp,
0x01223FE8,0x01224158,MANAGER,sub_01223FE8,,reloc-jal,high,recomp,
0x01224158,0x01224404,MANAGER,sub_01224158,CheckCollisionInsideOfSurfaceXZ,xff-symbol,high,recomp,
0x01224408,0x01224F64,MANAGER,sub_01224408,ClipCollisionDirectCallBackOneObj,xff-symbol+reloc-jal,high,recomp,
0x01224F68,0x01225B58,MANAGER,sub_01224F68,ClipCollisionDirectCallBack,xff-symbol+reloc-jal,high,recomp,
0x01225B58,0x01226730,MANAGER,sub_01225B58,ClipCollisionDirectCallBackObjAry,xff-symbol,high,recomp,
0x01226730,0x01227228,MANAGER,sub_01226730,ClipCollisionDirect,xff-symbol+reloc-jal,high,recomp,
0x01227228,0x01227E68,MANAGER,sub_01227228,ClipCollisionDirectCallBackObjAryDoubleSide,xff-symbol,high,recomp,
0x01227E68,0x01228AC8,MANAGER,sub_01227E68,ClipCollisionDirectCallBackDoubleSide,xff-symbol,high,recomp,
0x01228AC8,0x01229624,MANAGER,sub_01228AC8,ClipCollisionDirectCallBackOneObjDoubleSide,xff-symbol,high,recomp,
0x01229628,0x01229658,MANAGER,sub_01229628,ClipCollisionDirectExceptObj,xff-symbol,high,recomp,
0x01229658,0x01229748,MANAGER,sub_01229658,,reloc-jal,high,recomp,
0x01229748,0x01229758,MANAGER,sub_01229748,,reloc-la,high,recomp,
0x01229758,0x01229A6C,MANAGER,sub_01229758,GetGeometryPointerPosition,xff-symbol+reloc-jal,high,recomp,
0x01229A70,0x01229C48,MANAGER,sub_01229A70,GetGeometryPointerQuaternion,xff-symbol+reloc-jal,high,recomp,
0x01229C48,0x0122A028,MANAGER,sub_01229C48,GetGeometryPointerQuatPos,xff-symbol+reloc-jal,high,recomp,
0x0122A028,0x0122A184,MANAGER,sub_0122A028,GetGeometryPointerVirtualSurfacePlane,xff-symbol+reloc-jal,high,recomp,
0x0122A188,0x0122A1CC,MANAGER,sub_0122A188,CopyGeometryPointer,xff-symbol+reloc-j+reloc-jal,high,recomp,
0x0122A1D0,0x0122A228,MANAGER,sub_0122A1D0,GetGeometryPointerSurfaceSlopeDegree,xff-symbol+reloc-jal,high,recomp,
0x0122A228,0x0122A27C,MANAGER,sub_0122A228,GetGeometryPointerSurfacePlane,xff-symbol+reloc-j+reloc-jal,high,recomp,
0x0122A280,0x0122A2CC,MANAGER,sub_0122A280,InitGeometryPointer,xff-symbol+reloc-jal,high,recomp,
0x0122A2D0,0x0122A2E8,MANAGER,sub_0122A2D0,SetGeometryPointerGlobalState,xff-symbol+reloc-jal,high,recomp,
0x0122A2E8,0x0122A344,MANAGER,sub_0122A2E8,GetGeometryPointerScale,xff-symbol,high,recomp,
0x0122A348,0x0122A36C,MANAGER,sub_0122A348,SetGeometryPointerGlobalStatePointer,xff-symbol,high,recomp,
0x0122A370,0x0122A394,MANAGER,sub_0122A370,SetGeometryPointerGlobalStatePosPointer,xff-symbol,high,recomp,
0x0122A398,0x0122A3D8,MANAGER,sub_0122A398,GetGeometryPointerObject,xff-symbol+reloc-jal+reloc-j,high,recomp,
0x0122A3D8,0x0122A3F8,MANAGER,sub_0122A3D8,GetGeometryPointerObjectParentNodeId,xff-symbol+reloc-jal,high,recomp,
0x0122A3F8,0x0122A4C8,MANAGER,sub_0122A3F8,ConvertGeometryPointerZNormalMode,xff-symbol,high,recomp,
0x0122A4C8,0x0122A520,MANAGER,sub_0122A4C8,GetGeometryPointerSurfaceAttribute,xff-symbol+reloc-jal,high,recomp,
0x0122A520,0x0122A590,MANAGER,sub_0122A520,GetGeometryPointerSurfaceZTopYPlaneCoordQuaternion,xff-symbol,high,recomp,
0x0122A590,0x0122A638,MANAGER,sub_0122A590,GetGeometryPointerSurfaceYTopZMinusPlaneCoordQuaternion,xff-symbol+reloc-jal,high,recomp,
0x0122A638,0x0122A65C,MANAGER,sub_0122A638,SetGeometryPointerNodePosState,xff-symbol+reloc-jal,high,recomp,
0x0122A660,0x0122A684,MANAGER,sub_0122A660,SetGeometryPointerNodePosStateGlobalRot,xff-symbol+reloc-jal,high,recomp,
0x0122A688,0x0122A6A0,MANAGER,sub_0122A688,SetGeometryPointerChainPos,xff-symbol+reloc-jal,high,recomp,
0x0122A6A0,0x0122A6D8,MANAGER,sub_0122A6A0,GetGeometryPointerCollisionDB,xff-symbol+reloc-jal,high,recomp,
0x0122A6D8,0x0122A730,MANAGER,sub_0122A6D8,GetGeometryPointerWithCollisionAttributeJudgeFunc,xff-symbol,high,recomp,
0x0122A730,0x0122A758,MANAGER,sub_0122A730,CheckLegalCollisionGP,xff-symbol+reloc-jal,high,recomp,
0x0122A758,0x0122A7F4,MANAGER,sub_0122A758,ExchangeGeometryPointerCollisionEdgeOtherSideInfo,xff-symbol+reloc-jal,high,recomp,
0x0122A7F8,0x0122A89C,MANAGER,sub_0122A7F8,GetMultiLocalizeMatrix,xff-symbol+reloc-jal,high,recomp,
0x0122A8A0,0x0122A908,MANAGER,sub_0122A8A0,CopyMultiMatrix,xff-symbol+reloc-jal+reloc-j,high,recomp,
0x0122A908,0x0122AB6C,MANAGER,sub_0122A908,GetMoveVectorOnWV,xff-symbol,high,recomp,
0x0122AB70,0x0122AD90,MANAGER,sub_0122AB70,GetXZVectorOnWV,xff-symbol,high,recomp,
0x0122AD90,0x0122ADDC,MANAGER,sub_0122AD90,ClipPoint,xff-symbol+reloc-jal,high,recomp,
0x0122ADE0,0x0122AF1C,MANAGER,sub_0122ADE0,GetArbitraryDirectionMatrix,xff-symbol,high,recomp,
0x0122AF20,0x0122B11C,MANAGER,sub_0122AF20,GetArbitraryDirectionInverseMatrix,xff-symbol+reloc-jal,high,recomp,
0x0122B120,0x0122B1BC,MANAGER,sub_0122B120,iosRotMatrixAxis,xff-symbol+reloc-jal,high,recomp,
0x0122B1C0,0x0122B25C,MANAGER,sub_0122B1C0,iosRotMatrixFromDirection,xff-symbol+reloc-jal,high,recomp,
0x0122B260,0x0122B320,MANAGER,sub_0122B260,iosGetMatrixFromDirPosi,xff-symbol,high,recomp,
0x0122B320,0x0122B588,MANAGER,sub_0122B320,GetSpaceTransformMatrix,xff-symbol,high,recomp,
0x0122B588,0x0122B7D0,MANAGER,sub_0122B588,GetSpaceTransformRotMatrix,xff-symbol,high,recomp,
0x0122B7D0,0x0122BAD0,MANAGER,sub_0122B7D0,GetVirtualVerticalPlane,xff-symbol+reloc-jal,high,recomp,
0x0122BAD0,0x0122BB18,MANAGER,sub_0122BAD0,GetPlaneGlobalYFittingPoint,xff-symbol,high,recomp,
0x0122BB18,0x0122BB70,MANAGER,sub_0122BB18,GetPointDistanceSquareFromUnnormalizedPlane,xff-symbol+reloc-jal,high,recomp,
0x0122BB70,0x0122BBA0,MANAGER,sub_0122BB70,GetPointDistanceFromPlane,xff-symbol+reloc-jal,high,recomp,
0x0122BBA0,0x0122BC00,MANAGER,sub_0122BBA0,MultiMatrixByPlane,xff-symbol,high,recomp,
0x0122BC00,0x0122BC28,MANAGER,sub_0122BC00,CompletePlaneD,xff-symbol+reloc-jal,high,recomp,
0x0122BC28,0x0122BCDC,MANAGER,sub_0122BC28,GetSTPositionOfVectorPlane,xff-symbol,high,recomp,
0x0122BCE0,0x0122BD20,MANAGER,sub_0122BCE0,GetYHeightOfPlaneXZProjection,xff-symbol+reloc-jal,high,recomp,
0x0122BD20,0x0122BD64,MANAGER,sub_0122BD20,GetYDifferenceOfPlaneXZProjection,xff-symbol,high,recomp,
0x0122BD68,0x0122BDB0,MANAGER,sub_0122BD68,GetPlaneFittingDiffVector,xff-symbol+reloc-jal,high,recomp,
0x0122BDB0,0x0122BE14,MANAGER,sub_0122BDB0,GetPlaneFittingPoint,xff-symbol+reloc-jal,high,recomp,
0x0122BE18,0x0122BE98,MANAGER,sub_0122BE18,GetPlaneFittingPointForUnnormalizedPlane,xff-symbol+reloc-jal,high,recomp,
0x0122BE98,0x0122BEFC,MANAGER,sub_0122BE98,GetPlaneSlopeDegree,xff-symbol+reloc-jal+reloc-j,high,recomp,
0x0122BF00,0x0122BFFC,MANAGER,sub_0122BF00,GetPlaneTopDir,xff-symbol+reloc-jal,high,recomp,
0x0122C000,0x0122C054,MANAGER,sub_0122C000,GetPlaneFittingVector,xff-symbol+reloc-jal,high,recomp,
0x0122C058,0x0122C09C,MANAGER,sub_0122C058,GetPlaneZTopYPlaneCoordQuaternion,xff-symbol+reloc-jal+reloc-j,high,recomp,
0x0122C0A0,0x0122C108,MANAGER,sub_0122C0A0,GetPlaneReflectionVector,xff-symbol,high,recomp,
0x0122C108,0x0122C15C,MANAGER,sub_0122C108,GetNormalPlane,xff-symbol+reloc-jal,high,recomp,
0x0122C160,0x0122C2B8,MANAGER,sub_0122C160,GetPlaneCrossPos,xff-symbol,high,recomp,
0x0122C2B8,0x0122C3BC,MANAGER,sub_0122C2B8,GetCrossPositionPlaneLine,xff-symbol+reloc-jal,high,recomp,
0x0122C3C0,0x0122C414,MANAGER,sub_0122C3C0,IsOppositePlaneLine,xff-symbol,high,recomp,
0x0122C418,0x0122C48C,MANAGER,sub_0122C418,GetPlaneFrom3Position,xff-symbol,high,recomp,
0x0122C490,0x0122C5A4,MANAGER,sub_0122C490,GetCrossPositionOf3Plane,xff-symbol,high,recomp,
0x0122C5A8,0x0122CB84,MANAGER,sub_0122C5A8,GetTargetLookAtQuaternionOnBase,xff-symbol,high,recomp,
0x0122CB88,0x0122CC10,MANAGER,sub_0122CB88,CopyMultiQuatPos,xff-symbol,high,recomp,
0x0122CC10,0x0122CD30,MANAGER,sub_0122CC10,GetYRotLimitQuaternionFromDir,xff-symbol,high,recomp,
0x0122CD30,0x0122CEA4,MANAGER,sub_0122CD30,GetTurnYAngleFromGlobalDir,xff-symbol+reloc-jal,high,recomp,
0x0122CEA8,0x0122D0F4,MANAGER,sub_0122CEA8,GetTurnYLimitAngleFromGlobalDir,xff-symbol+reloc-jal,high,recomp,
0x0122D0F8,0x0122D17C,MANAGER,sub_0122D0F8,GetMatrixFromQuatPos,xff-symbol+reloc-jal,high,recomp,
0x0122D180,0x0122D1F4,MANAGER,sub_0122D180,ExchangeLWQuaternion,xff-symbol+reloc-j+reloc-jal,high,recomp,
0x0122D1F8,0x0122D298,MANAGER,sub_0122D1F8,GetQuaternionAxisRot,xff-symbol+reloc-jal,high,recomp,
0x0122D298,0x0122D3CC,MANAGER,sub_0122D298,GetQuaternionFromDir,xff-symbol+reloc-jal,high,recomp,
0x0122D3D0,0x0122D4F8,MANAGER,sub_0122D3D0,GetTargetLocalDir,xff-symbol+reloc-jal,high,recomp,
0x0122D4F8,0x0122D524,MANAGER,sub_0122D4F8,CopyQuatPos,xff-symbol,high,recomp,
0x0122D528,0x0122D550,MANAGER,sub_0122D528,GetPlaneDistance,xff-symbol,high,recomp,
0x0122D550,0x0122D578,MANAGER,sub_0122D550,GetDistanceSquare,xff-symbol+reloc-jal,high,recomp,
0x0122D578,0x0122D59C,MANAGER,sub_0122D578,GetDistanceSquareXZ,xff-symbol,high,recomp,
0x0122D5A0,0x0122D5CC,MANAGER,sub_0122D5A0,ExchangeLWVector,xff-symbol+reloc-jal,high,recomp,
0x0122D5D0,0x0122D660,MANAGER,sub_0122D5D0,GetOffsetPositionAxis,xff-symbol+reloc-jal,high,recomp,
0x0122D660,0x0122D7B0,MANAGER,sub_0122D660,GetOffsetPositionQuaternion,xff-symbol+reloc-jal,high,recomp,
0x0122D7B0,0x0122DC18,MANAGER,sub_0122D7B0,IsInsideOfRegion,xff-symbol+reloc-jal,high,recomp,
0x0122DC18,0x0122DCA8,MANAGER,sub_0122DC18,CheckCubeVolumeWithInverseMatrix,xff-symbol,high,recomp,
0x0122DCA8,0x0122DD54,MANAGER,sub_0122DCA8,CheckCubeVolume,xff-symbol+reloc-jal,high,recomp,
0x0122DD58,0x0122DE24,MANAGER,sub_0122DD58,CheckEllipticalSphereVolumeWithInverseMatrix,xff-symbol,high,recomp,
0x0122DE28,0x0122DF24,MANAGER,sub_0122DE28,CheckEllipticalSphereVolume,xff-symbol,high,recomp,
0x0122DF28,0x0122E098,MANAGER,sub_0122DF28,CheckEllipticalSphereVolumeShapeWithInverseMatrix,xff-symbol,high,recomp,
0x0122E098,0x0122E22C,MANAGER,sub_0122E098,CheckEllipticalSphereVolumeShape,xff-symbol+reloc-jal,high,recomp,
0x0122E230,0x0122E3D8,MANAGER,sub_0122E230,CheckEllipticalCylinderVolumeShapeWithInverseMatrix,xff-symbol,high,recomp,
0x0122E3D8,0x0122E5B4,MANAGER,sub_0122E3D8,CheckEllipticalCylinderVolumeShape,xff-symbol+reloc-jal,high,recomp,
0x0122E5B8,0x0122E640,MANAGER,sub_0122E5B8,CheckCylinderVolumeWithInverseMatrix,xff-symbol,high,recomp,
0x0122E640,0x0122E6FC,MANAGER,sub_0122E640,CheckCylinderVolume,xff-symbol+reloc-jal,high,recomp,
0x0122E700,0x0122E75C,MANAGER,sub_0122E700,GetRateInOutEllipticalSphereVolume,xff-symbol+reloc-jal,high,recomp,
0x0122E760,0x0122E8A4,MANAGER,sub_0122E760,GetRateInOutEllipticalSphereVolumeWithInverseMatrix,xff-symbol+reloc-jal,high,recomp,
0x0122E8A8,0x0122E904,MANAGER,sub_0122E8A8,GetRateInOutCubeVolume,xff-symbol+reloc-jal,high,recomp,
0x0122E908,0x0122EAC0,MANAGER,sub_0122E908,GetRateInOutCubeVolumeWithInverseMatrix,xff-symbol+reloc-jal,high,recomp,
0x0122EAC0,0x0122EE20,MANAGER,sub_0122EAC0,,reloc-jal,high,recomp,
0x0122EE20,0x0122F018,MANAGER,sub_0122EE20,,reloc-jal,high,recomp,
0x0122F018,0x0122F230,MANAGER,sub_0122F018,,reloc-jal,high,recomp,
0x0122F230,0x0122F440,MANAGER,sub_0122F230,,reloc-jal,high,recomp,
0x0122F440,0x0122F700,MANAGER,sub_0122F440,GetClothDynamics,xff-symbol+reloc-jal+reloc-j,high,recomp,
0x0122F700,0x0122F950,MANAGER,sub_0122F700,,reloc-jal,high,recomp,
0x0122F950,0x0122FCB8,MANAGER,sub_0122F950,,reloc-jal,high,recomp,
0x0122FCB8,0x01230288,MANAGER,sub_0122FCB8,,reloc-jal,high,recomp,
0x01230288,0x01230484,MANAGER,sub_01230288,CreateClothChildLayoutObj,xff-symbol+reloc-jal,high,recomp,
0x01230488,0x012305DC,MANAGER,sub_01230488,InitClothWork,xff-symbol+reloc-jal,high,recomp,
0x012305E0,0x012308D0,MANAGER,sub_012305E0,CheckClothChainDetect,xff-symbol+reloc-jal,high,recomp,
0x012308D0,0x01230B04,MANAGER,sub_012308D0,GetClothQuaternion,xff-symbol+reloc-jal,high,recomp,
0x01230B08,0x01230B94,MANAGER,sub_01230B08,GetClothWorkSize,xff-symbol+reloc-jal,high,recomp,
0x01230B98,0x01230C9C,MANAGER,sub_01230B98,DebugDumpClothResources,xff-symbol,high,recomp,
0x01230CA0,0x01230D04,MANAGER,sub_01230CA0,DispCloth,xff-symbol+reloc-j,high,recomp,
0x01230D08,0x01230D5C,MANAGER,sub_01230D08,DebugDispCloth,xff-symbol,high,recomp,
0x01230D60,0x01230EA0,MANAGER,sub_01230D60,FlushClothWork,xff-symbol+reloc-jal,high,recomp,
0x01230EA0,0x01230F8C,MANAGER,sub_01230EA0,SetClothAccessSwitch,xff-symbol+reloc-jal,high,recomp,
0x01230F90,0x01231084,MANAGER,sub_01230F90,SetClothAccessSwitch_SystemSetting,xff-symbol,high,recomp,
0x01231088,0x01231148,MANAGER,sub_01231088,SetClothWorkDispFlag,xff-symbol,high,recomp,
0x01231148,0x012312CC,MANAGER,sub_01231148,GetClothPosition,xff-symbol+reloc-jal,high,recomp,
0x012312D0,0x012312D8,MANAGER,sub_012312D0,CheckClothChainExist,xff-symbol+reloc-j,high,recomp,
0x012312D8,0x01231380,MANAGER,sub_012312D8,ResetClothDynamics,xff-symbol+reloc-jal,high,recomp,
0x01231380,0x012313B4,MANAGER,sub_01231380,SetClothSingleFixedChainLeafFixGeometryPointer,xff-symbol,high,recomp,
0x012313B8,0x012313C0,MANAGER,sub_012313B8,SetClothSingleFixedChainLeafFixNodeOffset,xff-symbol,high,recomp,
0x012313C0,0x0123150C,MANAGER,sub_012313C0,getClothDynamics,xff-symbol,high,recomp,
0x01231510,0x0123167C,MANAGER,sub_01231510,clothmath_doubleTensionMove,xff-symbol+reloc-jal,high,recomp,
0x01231680,0x012317A8,MANAGER,sub_01231680,create_particle_texture_and_get_id,xff-symbol+reloc-jal,high,recomp,
0x012317A8,0x012318EC,MANAGER,sub_012317A8,add_particle_segment,xff-symbol,high,recomp,
0x012318F0,0x01231BC8,MANAGER,sub_012318F0,,reloc-j,medium,recomp,
0x01231BC8,0x01231D20,MANAGER,sub_01231BC8,init_particle_manager,xff-symbol+reloc-jal,high,recomp,
0x01231D20,0x01231F84,MANAGER,sub_01231D20,doit_particle_manager,xff-symbol,high,recomp,
0x01231F88,0x01232198,MANAGER,sub_01231F88,,reloc-jal,high,recomp,
0x01232198,0x012322F8,MANAGER,sub_01232198,,reloc-jal,high,recomp,
0x012322F8,0x012324C0,MANAGER,sub_012322F8,,reloc-jal,high,recomp,
0x012324C0,0x01232698,MANAGER,sub_012324C0,,reloc-j,medium,recomp,
0x01232698,0x012328D8,MANAGER,sub_01232698,,reloc-j,medium,recomp,
0x012328D8,0x01232BB8,MANAGER,sub_012328D8,,reloc-jal,high,recomp,
0x01232BB8,0x01232DE8,MANAGER,sub_01232BB8,,reloc-jal,high,recomp,
0x01232DE8,0x01232FF0,MANAGER,sub_01232DE8,,reloc-jal,high,recomp,
0x01232FF0,0x01233308,MANAGER,sub_01232FF0,,reloc-jal,high,recomp,
0x01233308,0x01233B88,MANAGER,sub_01233308,,reloc-jal,high,recomp,
0x01233B88,0x012342A8,MANAGER,sub_01233B88,,reloc-jal,high,recomp,
0x012342A8,0x01234438,MANAGER,sub_012342A8,,reloc-jal,high,recomp,
0x01234438,0x01234C60,MANAGER,sub_01234438,,reloc-jal,high,recomp,
0x01234C60,0x01234FD0,MANAGER,sub_01234C60,,reloc-jal,high,recomp,
0x01234FD0,0x01235190,MANAGER,sub_01234FD0,,reloc-jal,high,recomp,
0x01235190,0x01235368,MANAGER,sub_01235190,,reloc-jal,high,recomp,
0x01235368,0x012355D4,MANAGER,sub_01235368,disp_particle_emitter,xff-symbol+reloc-j,high,recomp,
0x012355D8,0x01235880,MANAGER,sub_012355D8,,reloc-jal,high,recomp,
0x01235880,0x01235BF8,MANAGER,sub_01235880,,reloc-jal,high,recomp,
0x01235BF8,0x012360A8,MANAGER,sub_01235BF8,,reloc-jal,high,recomp,
0x012360A8,0x01236320,MANAGER,sub_012360A8,,reloc-jal,high,recomp,
0x01236320,0x01236620,MANAGER,sub_01236320,,reloc-jal,high,recomp,
0x01236620,0x01236C00,MANAGER,sub_01236620,,reloc-jal,high,recomp,
0x01236C00,0x01236D50,MANAGER,sub_01236C00,disp_particle_manager,xff-symbol,high,recomp,
0x01236D50,0x01236D58,MANAGER,sub_01236D50,free_all_emitter_and_particle_particle_manager,xff-symbol,high,recomp,
0x01236D58,0x01236D88,MANAGER,sub_01236D58,get_top_emitter_list_from_particle_geodisp,xff-symbol+reloc-jal,high,recomp,
0x01236D88,0x01236E34,MANAGER,sub_01236D88,create_and_boot_particle_geodisp,xff-symbol+reloc-jal,high,recomp,
0x01236E38,0x01236E80,MANAGER,sub_01236E38,check_free_particle_geodisp,xff-symbol,high,recomp,
0x01236E80,0x01236EDC,MANAGER,sub_01236E80,auto_end_check_and_check_free_particle_geodisp,xff-symbol+reloc-jal,high,recomp,
0x01236EE0,0x01236F10,MANAGER,sub_01236EE0,doit_particle_geodisp,xff-symbol+reloc-jal,high,recomp,
0x01236F10,0x01236FE0,MANAGER,sub_01236F10,clip_particle_geodisp,xff-symbol+ptr-table,high,recomp,
0x01236FE0,0x01237084,MANAGER,sub_01236FE0,calc_light_particle_geodisp,xff-symbol+ptr-table,high,recomp,
0x01237088,0x012370E0,MANAGER,sub_01237088,disp_particle_geodisp,xff-symbol+ptr-table,high,recomp,
0x012370E0,0x01237128,MANAGER,sub_012370E0,is_loop_particle,xff-symbol+reloc-jal,high,recomp,
0x01237128,0x01237140,MANAGER,sub_01237128,boot_particle_emitter,xff-symbol+reloc-jal,high,recomp,
0x01237140,0x012371B8,MANAGER,sub_01237140,boot_particle_emitter_extend,xff-symbol+reloc-jal+reloc-j,high,recomp,
0x012371B8,0x012371E4,MANAGER,sub_012371B8,stop_particle_emitter_geometry_pointer_reference,xff-symbol+reloc-j,high,recomp,
0x012371E8,0x01237214,MANAGER,sub_012371E8,stop_particle_emitter_callback,xff-symbol+reloc-jal,high,recomp,
0x01237218,0x01237254,MANAGER,sub_01237218,set_generate_particle_flag,xff-symbol+reloc-j+reloc-jal,high,recomp,
0x01237258,0x01237290,MANAGER,sub_01237258,set_npe_blend_ratio_particle_emitter,xff-symbol+reloc-jal+reloc-j,high,recomp,
0x01237290,0x012372D4,MANAGER,sub_01237290,end_particle_emitter,xff-symbol+reloc-jal,high,recomp,
0x012372D8,0x012373FC,MANAGER,sub_012372D8,get_particle_effect_id_by_name,xff-symbol+reloc-jal,high,recomp,
0x01237400,0x01237408,MANAGER,sub_01237400,get_particle_effect_id_from_sheet,xff-symbol+reloc-jal,high,recomp,
0x01237408,0x0123741C,MANAGER,sub_01237408,get_particle_name_from_effect_id,xff-symbol,high,recomp,
0x01237420,0x01237450,MANAGER,sub_01237420,get_particle_camera_follow_attr_from_effect_id,xff-symbol+reloc-jal,high,recomp,
0x01237450,0x01237464,MANAGER,sub_01237450,get_particle_emitter_from_emitter_id,xff-symbol+reloc-jal,high,recomp,
0x01237468,0x01237470,MANAGER,sub_01237468,get_main_particle_effect_lod_from_sheet,xff-symbol+reloc-jal,high,recomp,
0x01237470,0x01237478,MANAGER,sub_01237470,get_sub_particle_effect_lod_from_sheet,xff-symbol,high,recomp,
0x01237478,0x01237480,MANAGER,sub_01237478,get_top_particle_effect_from_lod,xff-symbol+reloc-jal,high,recomp,
0x01237480,0x012374A0,MANAGER,sub_01237480,get_particle_effect_from_lod,xff-symbol,high,recomp,
0x012374A0,0x012374B4,MANAGER,sub_012374A0,reinit_particle_effect_lod,xff-symbol,high,recomp,
0x012374B8,0x0123752C,MANAGER,sub_012374B8,quit_particle_texture_user_by_id,xff-symbol,high,recomp,
0x01237530,0x01237564,MANAGER,sub_01237530,set_particle_texture_by_id,xff-symbol,high,recomp,
0x01237568,0x01237574,MANAGER,sub_01237568,getPtclDisp,xff-symbol,high,recomp,
0x01237578,0x01237584,MANAGER,sub_01237578,get_particle_printf_disp_level,xff-symbol,high,recomp,
0x01237588,0x01237594,MANAGER,sub_01237588,get_particle_camera_data,xff-symbol,high,recomp,
0x01237598,0x012375CC,MANAGER,sub_01237598,is_proper_particle_texture_id,xff-symbol,high,recomp,
0x012375D0,0x0123761C,MANAGER,sub_012375D0,create_particle_effect_lod,xff-symbol+reloc-jal,high,recomp,
0x01237620,0x01237674,MANAGER,sub_01237620,set_except_npe_file_data_to_particle_effect_lod,xff-symbol+reloc-jal,high,recomp,
0x01237678,0x012377A4,MANAGER,sub_01237678,init_particle_effect_lod,xff-symbol+reloc-j+reloc-jal,high,recomp,
0x012377A8,0x01237800,MANAGER,sub_012377A8,is_emitter_need_disp,xff-symbol+reloc-jal,high,recomp,
0x01237800,0x012378FC,MANAGER,sub_01237800,check_free_particle_effect_lod,xff-symbol,high,recomp,
0x01237900,0x0123796C,MANAGER,sub_01237900,recreate_particle_effects,xff-symbol+reloc-jal,high,recomp,
0x01237970,0x01237A30,MANAGER,sub_01237970,particleGWorkPut,xff-symbol,high,recomp,
0x01237A30,0x01237BB4,MANAGER,sub_01237A30,get_polygon_scale_rotation_matrix,xff-symbol+reloc-jal,high,recomp,
0x01237BB8,0x01237BD4,MANAGER,sub_01237BB8,get_radiate_range_coefficient,xff-symbol+reloc-jal,high,recomp,
0x01237BD8,0x01237C04,MANAGER,sub_01237BD8,constructor_particle_effect_lod_except_npe,xff-symbol+reloc-jal,high,recomp,
0x01237C08,0x01237C18,MANAGER,sub_01237C08,add_particle_texture_user,xff-symbol,high,recomp,
0x01237C18,0x01237D9C,MANAGER,sub_01237C18,create_and_init_particle_effect_lod,xff-symbol+reloc-jal,high,recomp,
0x01237DA0,0x01237DD4,MANAGER,sub_01237DA0,get_particle_lod_base_size,xff-symbol+reloc-jal,high,recomp,
0x01237DD8,0x01237DE4,MANAGER,sub_01237DD8,set_act_particle_lod_select_flag,xff-symbol,high,recomp,
0x01237DE8,0x01237DF4,MANAGER,sub_01237DE8,set_disp_particle_collisin_debug_flag,xff-symbol,high,recomp,
0x01237DF8,0x01237E20,MANAGER,sub_01237DF8,get_world_matrixSR,xff-symbol+reloc-jal,high,recomp,
0x01237E20,0x01237EA0,MANAGER,sub_01237E20,radiate_particle_collision_check_ray,xff-symbol+reloc-jal,high,recomp,
0x01237EA0,0x01237F24,MANAGER,sub_01237EA0,init_texture_animation_parameter,xff-symbol,high,recomp,
0x01237F28,0x01237F34,MANAGER,sub_01237F28,get_particle_geodispobj_group,xff-symbol,high,recomp,
0x01237F38,0x01237F44,MANAGER,sub_01237F38,get_set_limit_gl_draw_particle_flag,xff-symbol,high,recomp,
0x01237F48,0x01237F98,MANAGER,sub_01237F48,create_particle_texture,xff-symbol,high,recomp,
0x01237F98,0x01238010,MANAGER,sub_01237F98,,reloc-jal,high,recomp,
0x01238010,0x01238058,MANAGER,sub_01238010,,reloc-jal,high,recomp,
0x01238058,0x0123806C,MANAGER,sub_01238058,free_particle_segment,xff-symbol,high,recomp,
0x01238070,0x012380BC,MANAGER,sub_01238070,load_npe_file_main,xff-symbol,high,recomp,
0x012380C0,0x0123810C,MANAGER,sub_012380C0,load_npe_file_sub,xff-symbol,high,recomp,
0x01238110,0x01238118,MANAGER,sub_01238110,unload_npe_file_main,xff-symbol,high,recomp,
0x01238118,0x01238120,MANAGER,sub_01238118,unload_npe_file_sub,xff-symbol,high,recomp,
0x01238120,0x01238128,MANAGER,sub_01238120,,reloc-jal,high,recomp,
0x01238128,0x01238278,MANAGER,sub_01238128,,reloc-jal,high,recomp,
0x01238278,0x012382C0,MANAGER,sub_01238278,,reloc-j,medium,recomp,
0x012382C0,0x01238388,MANAGER,sub_012382C0,,reloc-jal,high,recomp,
0x01238388,0x01238550,MANAGER,sub_01238388,,reloc-jal,high,recomp,
0x01238550,0x012385F0,MANAGER,sub_01238550,,reloc-jal,high,recomp,
0x012385F0,0x01238660,MANAGER,sub_012385F0,,reloc-jal,high,recomp,
0x01238660,0x012386C0,MANAGER,sub_01238660,,reloc-jal,high,recomp,
0x012386C0,0x01238840,MANAGER,sub_012386C0,,reloc-jal,high,recomp,
0x01238840,0x01238888,MANAGER,sub_01238840,,reloc-jal,high,recomp,
0x01238888,0x012388B0,MANAGER,sub_01238888,,reloc-la,high,recomp,
0x012388B0,0x01238930,MANAGER,sub_012388B0,,reloc-jal,high,recomp,
0x01238930,0x012389B8,MANAGER,sub_01238930,,reloc-jal,high,recomp,
0x012389B8,0x01238A60,MANAGER,sub_012389B8,,reloc-jal,high,recomp,
0x01238A60,0x01238A70,MANAGER,sub_01238A60,,reloc-jal,high,recomp,
0x01238A70,0x01238AB0,MANAGER,sub_01238A70,,reloc-jal,high,recomp,
0x01238AB0,0x01238B30,MANAGER,sub_01238AB0,,reloc-jal,high,recomp,
0x01238B30,0x01238C10,MANAGER,sub_01238B30,,reloc-jal,high,recomp,
0x01238C10,0x01238DE0,MANAGER,sub_01238C10,,reloc-jal,high,recomp,
0x01238DE0,0x01238EC8,MANAGER,sub_01238DE0,,reloc-jal,high,recomp,
0x01238EC8,0x01238EF8,MANAGER,sub_01238EC8,ClipCollisionDirectForParticle,xff-symbol,high,recomp,
0x01238EF8,0x01239070,MANAGER,sub_01238EF8,,reloc-jal,high,recomp,
0x01239070,0x012390C0,MANAGER,sub_01239070,,reloc-jal,high,recomp,
0x012390C0,0x01239220,MANAGER,sub_012390C0,,reloc-jal,high,recomp,
0x01239220,0x012392B8,MANAGER,sub_01239220,,reloc-jal,high,recomp,
0x012392B8,0x012392F8,MANAGER,sub_012392B8,,reloc-jal,high,recomp,
0x012392F8,0x01239348,MANAGER,sub_012392F8,,reloc-jal,high,recomp,
0x01239348,0x01239550,MANAGER,sub_01239348,,reloc-jal,high,recomp,
0x01239550,0x012396C0,MANAGER,sub_01239550,,reloc-jal,high,recomp,
0x012396C0,0x01239700,MANAGER,sub_012396C0,,reloc-jal,high,recomp,
0x01239700,0x01239860,MANAGER,sub_01239700,,reloc-jal,high,recomp,
0x01239860,0x01239888,MANAGER,sub_01239860,,reloc-jal,high,recomp,
0x01239888,0x01239A10,MANAGER,sub_01239888,,reloc-j,medium,recomp,
0x01239A10,0x01239A60,MANAGER,sub_01239A10,,reloc-jal,high,recomp,
0x01239A60,0x01239B28,MANAGER,sub_01239A60,,reloc-jal,high,recomp,
0x01239B28,0x01239B78,MANAGER,sub_01239B28,,reloc-jal,high,recomp,
0x01239B78,0x01239C10,MANAGER,sub_01239B78,,reloc-jal,high,recomp,
0x01239C10,0x01239CB8,MANAGER,sub_01239C10,,reloc-jal,high,recomp,
0x01239CB8,0x01239D30,MANAGER,sub_01239CB8,,reloc-jal,high,recomp,
0x01239D30,0x01239FD0,MANAGER,sub_01239D30,,reloc-jal,high,recomp,
0x01239FD0,0x0123A028,MANAGER,sub_01239FD0,,reloc-j,medium,recomp,
0x0123A028,0x0123A088,MANAGER,sub_0123A028,,reloc-jal,high,recomp,
0x0123A088,0x0123C7E0,MANAGER,sub_0123A088,set_npe_file_data_to_particle_effect_lod,xff-symbol+reloc-jal,high,recomp,
0x0123C7E0,0x0123C818,MANAGER,sub_0123C7E0,,reloc-jal,high,recomp,
0x0123C818,0x0123C830,MANAGER,sub_0123C818,,reloc-jal,high,recomp,
0x0123C830,0x0123C838,MANAGER,sub_0123C830,,reloc-jal,high,recomp,
0x0123C838,0x0123C850,MANAGER,sub_0123C838,,reloc-jal,high,recomp,
0x0123C850,0x0123C868,MANAGER,sub_0123C850,,reloc-jal,high,recomp,
0x0123C868,0x0123C870,MANAGER,sub_0123C868,,reloc-jal,high,recomp,
0x0123C870,0x0123C948,MANAGER,sub_0123C870,,reloc-jal,high,recomp,
0x0123C948,0x0123D584,MANAGER,sub_0123C948,get_particle_parameter_blend_doit,xff-symbol+reloc-jal,high,recomp,
0x0123D588,0x0123D64C,MANAGER,sub_0123D588,get_particle_parameter_blend_disp,xff-symbol+reloc-jal,high,recomp,
0x0123D650,0x0123D6B0,MANAGER,sub_0123D650,,reloc-jal,high,recomp,
0x0123D6B0,0x0123D708,MANAGER,sub_0123D6B0,,reloc-jal,high,recomp,
0x0123D708,0x0123D958,MANAGER,sub_0123D708,,reloc-jal+reloc-j,high,recomp,
0x0123D958,0x0123DBA0,MANAGER,sub_0123D958,,reloc-jal,high,recomp,
0x0123DBA0,0x0123DBC0,MANAGER,sub_0123DBA0,dynamic_cast_to_wind_emitter_sphere,xff-symbol,high,recomp,
0x0123DBC0,0x0123DBE4,MANAGER,sub_0123DBC0,dynamic_cast_to_wind_emitter_box,xff-symbol,high,recomp,
0x0123DBE8,0x0123DC0C,MANAGER,sub_0123DBE8,dynamic_cast_to_wind_emitter_judge_volume,xff-symbol,high,recomp,
0x0123DC10,0x0123DC80,MANAGER,sub_0123DC10,init_wind_manager,xff-symbol+reloc-jal,high,recomp,
0x0123DC80,0x0123DD8C,MANAGER,sub_0123DC80,doit_wind_manager,xff-symbol,high,recomp,
0x0123DD90,0x0123DEA0,MANAGER,sub_0123DD90,get_wind_effect_data,xff-symbol+reloc-jal,high,recomp,
0x0123DEA0,0x0123DEC0,MANAGER,sub_0123DEA0,is_eternal_wind,xff-symbol+reloc-jal,high,recomp,
0x0123DEC0,0x0123E044,MANAGER,sub_0123DEC0,boot_wind_emitter,xff-symbol+reloc-jal,high,recomp,
0x0123E048,0x0123E1F4,MANAGER,sub_0123E048,boot_wind_emitter_by_box,xff-symbol+reloc-jal,high,recomp,
0x0123E1F8,0x0123E35C,MANAGER,sub_0123E1F8,boot_wind_emitter_by_judge_volume,xff-symbol+reloc-jal,high,recomp,
0x0123E360,0x0123E3B0,MANAGER,sub_0123E360,stop_wind_emitter_geometry_pointer_reference,xff-symbol+reloc-j,high,recomp,
0x0123E3B0,0x0123E3F0,MANAGER,sub_0123E3B0,stop_wind_emitter_callback,xff-symbol+reloc-jal,high,recomp,
0x0123E3F0,0x0123E430,MANAGER,sub_0123E3F0,end_wind_emitter,xff-symbol+reloc-jal,high,recomp,
0x0123E430,0x0123E5E4,MANAGER,sub_0123E430,GetWindVector,xff-symbol+reloc-jal,high,recomp,
0x0123E5E8,0x0123E60C,MANAGER,sub_0123E5E8,constructor_wind_effect_data,xff-symbol,high,recomp,
0x0123E610,0x0123E620,MANAGER,sub_0123E610,is_ambient_directional_wind_emitter,xff-symbol,high,recomp,
0x0123E620,0x0123E638,MANAGER,sub_0123E620,get_wind_emitter_direct,xff-symbol,high,recomp,
0x0123E638,0x0123E650,MANAGER,sub_0123E638,get_wind_effect_data_direct,xff-symbol,high,recomp,
0x0123E650,0x0123E6A0,MANAGER,sub_0123E650,,reloc-jal,high,recomp,
0x0123E6A0,0x0123E6F0,MANAGER,sub_0123E6A0,,reloc-jal,high,recomp,
0x0123E6F0,0x0123E740,MANAGER,sub_0123E6F0,,reloc-jal,high,recomp,
0x0123E740,0x0123E758,MANAGER,sub_0123E740,,reloc-jal,high,recomp,
0x0123E758,0x0123E770,MANAGER,sub_0123E758,,reloc-jal,high,recomp,
0x0123E770,0x0123E788,MANAGER,sub_0123E770,,reloc-jal,high,recomp,
0x0123E788,0x0123E898,MANAGER,sub_0123E788,,reloc-jal,high,recomp,
0x0123E898,0x0123E998,MANAGER,sub_0123E898,,reloc-jal,high,recomp,
0x0123E998,0x0123EA50,MANAGER,sub_0123E998,,reloc-jal,high,recomp,
0x0123EA50,0x0123EB30,MANAGER,sub_0123EA50,,reloc-jal,high,recomp,
0x0123EB30,0x0123EC88,MANAGER,sub_0123EB30,,reloc-jal+reloc-j,high,recomp,
0x0123EC88,0x0123EE10,MANAGER,sub_0123EC88,,reloc-jal+reloc-j,high,recomp,
0x0123EE10,0x0123EE18,MANAGER,sub_0123EE10,add_wind_segment,xff-symbol,high,recomp,
0x0123EE18,0x0123EF10,MANAGER,sub_0123EE18,free_wind_segment,xff-symbol,high,recomp,
0x0123EF10,0x0123F178,MANAGER,sub_0123EF10,FlushModifiedManagerCB,xff-symbol,high,recomp,
0x0123F178,0x0123F294,MANAGER,sub_0123F178,FlushModifiedManager,xff-symbol+reloc-jal,high,recomp,
0x0123F298,0x0123F330,MANAGER,sub_0123F298,EntryModifiedManager,xff-symbol+reloc-jal,high,recomp,
0x0123F330,0x0123F390,MANAGER,sub_0123F330,RelocateModifiedManager,xff-symbol+reloc-jal,high,recomp,
0x0123F390,0x0123F400,MANAGER,sub_0123F390,InitModifiedManager,xff-symbol+reloc-jal,high,recomp,
0x0123F400,0x0123F408,MANAGER,sub_0123F400,DeleteModifiedManager,xff-symbol,high,recomp,
0x0123F408,0x0123F454,MANAGER,sub_0123F408,GetSizeOfModifiedManagerWork,xff-symbol+reloc-jal,high,recomp,
0x0123F458,0x0123F468,MANAGER,sub_0123F458,InitTwoWayLink,xff-symbol+reloc-jal+reloc-j,high,recomp,
0x0123F468,0x0123F48C,MANAGER,sub_0123F468,AddTwoWayLinkNext,xff-symbol+reloc-jal+reloc-j,high,recomp,
0x0123F490,0x0123F4C8,MANAGER,sub_0123F490,DeleteTwoWayLink,xff-symbol+reloc-jal+reloc-j,high,recomp,
0x0123F4C8,0x0123F530,MANAGER,sub_0123F4C8,DeleteAllTwoWayLink,xff-symbol+reloc-jal+reloc-j,high,recomp,
0x0123F530,0x0123F588,MANAGER,sub_0123F530,ScanAllTwoWayLink,xff-symbol+reloc-j+reloc-jal,high,recomp,
0x0123F588,0x0123F590,MANAGER,sub_0123F588,GetTwoWayLinkNext,xff-symbol+reloc-jal,high,recomp,
0x0123F590,0x0123F5A4,MANAGER,sub_0123F590,RelocateTwoWayLinkHeader,xff-symbol+reloc-jal,high,recomp,
0x0123F5A8,0x0123F5B0,MANAGER,sub_0123F5A8,GetTwoWayLinkData,xff-symbol+reloc-jal,high,recomp,
0x0123F5B0,0x0123F754,MANAGER,sub_0123F5B0,kbGetStatus,xff-symbol+reloc-j,high,recomp,
0x0123F758,0x0123F868,MANAGER,sub_0123F758,,reloc-la,high,recomp,
0x0123F868,0x0123F95C,MANAGER,sub_0123F868,kbInit,xff-symbol+reloc-jal,high,recomp,
0x0123F960,0x0123FF28,MANAGER,sub_0123F960,,reloc-jal,high,recomp,
0x0123FF28,0x01240758,MANAGER,sub_0123FF28,,reloc-la+reloc-jal,high,recomp,
0x01240758,0x012408E8,MANAGER,sub_01240758,,reloc-jal,high,recomp,
0x012408E8,0x01240A48,MANAGER,sub_012408E8,,reloc-jal,high,recomp,
0x01240A48,0x01240B18,MANAGER,sub_01240A48,,reloc-jal,high,recomp,
0x01240B18,0x01240D70,MANAGER,sub_01240B18,mcManager,xff-symbol+reloc-la,high,recomp,
0x01240D70,0x01240DF8,MANAGER,sub_01240D70,mcWrite,xff-symbol,high,recomp,
0x01240DF8,0x01240E7C,MANAGER,sub_01240DF8,mcRead,xff-symbol,high,recomp,
0x01240E80,0x01240E8C,MANAGER,sub_01240E80,mcReqSetWaitFunc,xff-symbol,high,recomp,
0x01240E90,0x01240F74,MANAGER,sub_01240E90,mcGetInfo,xff-symbol,high,recomp,
0x01240F78,0x012410B4,MANAGER,sub_01240F78,mcGetMainDataInfo,xff-symbol,high,recomp,
0x012410B8,0x012411DC,MANAGER,sub_012410B8,mcSaveGameData,xff-symbol,high,recomp,
0x012411E0,0x01241318,MANAGER,sub_012411E0,mcLoadGameData,xff-symbol,high,recomp,
0x01241318,0x0124141C,MANAGER,sub_01241318,mcDeleteGameData,xff-symbol,high,recomp,
0x01241420,0x01241504,MANAGER,sub_01241420,mcLoadOptionData,xff-symbol,high,recomp,
0x01241508,0x01241630,MANAGER,sub_01241508,mcFormat,xff-symbol,high,recomp,
0x01241630,0x01241714,MANAGER,sub_01241630,mcUnformat,xff-symbol,high,recomp,
0x01241718,0x01241724,MANAGER,sub_01241718,mcGetProcessPer,xff-symbol,high,recomp,
0x01241728,0x0124182C,MANAGER,sub_01241728,mcDirectFileCreate,xff-symbol,high,recomp,
0x01241830,0x01241920,MANAGER,sub_01241830,mcDirectFileDelete,xff-symbol,high,recomp,
0x01241920,0x01241A44,MANAGER,sub_01241920,mcDirectFileWrite,xff-symbol,high,recomp,
0x01241A48,0x01241B6C,MANAGER,sub_01241A48,mcDirectFileRead,xff-symbol,high,recomp,
0x01241B70,0x01241CA0,MANAGER,sub_01241B70,mcReqGetDir,xff-symbol,high,recomp,
0x01241CA0,0x01241D20,MANAGER,sub_01241CA0,mcGetLastSaveGameDataIndex,xff-symbol,high,recomp,
0x01241D20,0x01241D2C,MANAGER,sub_01241D20,mcGetGameClearFlag,xff-symbol+reloc-jal,high,recomp,
0x01241D30,0x01241D40,MANAGER,sub_01241D30,mcSetGameClearFlag,xff-symbol,high,recomp,
0x01241D40,0x01241D5C,MANAGER,sub_01241D40,mcGetCompleteTimeAttack,xff-symbol+reloc-jal,high,recomp,
0x01241D60,0x01241D88,MANAGER,sub_01241D60,mcSetCompleteTimeAttack,xff-symbol,high,recomp,
0x01241D88,0x01241ED0,MANAGER,sub_01241D88,initMcManager,xff-symbol,high,recomp,
0x01241ED0,0x01241FF8,MANAGER,sub_01241ED0,,reloc-la,high,recomp,
0x01241FF8,0x01242004,MANAGER,sub_01241FF8,mcReqSync,xff-symbol,high,recomp,
0x01242008,0x012421BC,MANAGER,sub_01242008,mouseDrawCursor,xff-symbol,high,recomp,
0x012421C0,0x01242470,MANAGER,sub_012421C0,,reloc-la,high,recomp,
0x01242470,0x01242754,MANAGER,sub_01242470,mouseGetStatus,xff-symbol+reloc-jal,high,recomp,
0x01242758,0x0124276C,MANAGER,sub_01242758,mouseSetCursorPosition,xff-symbol+reloc-jal,high,recomp,
0x01242770,0x012427B4,MANAGER,sub_01242770,mouseClearStatus,xff-symbol+reloc-jal,high,recomp,
0x012427B8,0x012427E4,MANAGER,sub_012427B8,mouseDispCursor,xff-symbol+reloc-jal,high,recomp,
0x012427E8,0x01242898,MANAGER,sub_012427E8,mouseInit,xff-symbol+reloc-jal,high,recomp,
0x01242898,0x012428BC,MANAGER,sub_01242898,mouseMoveCursorPosition,xff-symbol,high,recomp,
0x012428C0,0x01242AC8,MANAGER,sub_012428C0,EntryPadHistory,xff-symbol,high,recomp,
0x01242AC8,0x01242DEC,MANAGER,sub_01242AC8,FlushPadHistory,xff-symbol,high,recomp,
0x01242DF0,0x01242E1C,MANAGER,sub_01242DF0,InitPadHistory,xff-symbol,high,recomp,
0x01242E20,0x01242FB0,MANAGER,sub_01242E20,shockRequestCalcVol,xff-symbol+reloc-jal,high,recomp,
0x01242FB0,0x01242FBC,MANAGER,sub_01242FB0,setVibrationEnableWorkAdrs,xff-symbol,high,recomp,
0x01242FC0,0x0124305C,MANAGER,sub_01242FC0,shockRequest,xff-symbol,high,recomp,
0x01243060,0x0124311C,MANAGER,sub_01243060,svdLoadFile,xff-symbol,high,recomp,
0x01243120,0x0124312C,MANAGER,sub_01243120,usbdevMouseGetStatus,xff-symbol+reloc-jal,high,recomp,
0x01243130,0x01243170,MANAGER,sub_01243130,usbdevKeybdGetStatus,xff-symbol,high,recomp,
0x01243170,0x01243254,MANAGER,sub_01243170,usbdevAddCallbackFunc,xff-symbol+reloc-j+reloc-jal,high,recomp,
0x01243258,0x012432BC,MANAGER,sub_01243258,usbdevInit,xff-symbol,high,recomp,
0x012432C0,0x012432F4,MANAGER,sub_012432C0,usbdevFrameInit,xff-symbol,high,recomp,
0x012432F8,0x01243350,MANAGER,sub_012432F8,,reloc-la,high,recomp,
0x01243350,0x012433A8,MANAGER,sub_01243350,,reloc-la,high,recomp,
0x012433A8,0x01243A48,MANAGER,sub_012433A8,,reloc-la,high,recomp,
0x01243A48,0x01243BF8,MANAGER,sub_01243A48,,reloc-la,high,recomp,
0x01243BF8,0x01244144,MANAGER,sub_01243BF8,createMenu,xff-symbol+reloc-jal+reloc-j,high,recomp,
0x01244148,0x01245038,MANAGER,sub_01244148,,reloc-la,high,recomp,
0x01245038,0x012455B8,MANAGER,sub_01245038,,reloc-la,high,recomp,
0x012455B8,0x01245800,MANAGER,sub_012455B8,createParamMenu,xff-symbol,high,recomp,
0x01245800,0x01245AA0,MANAGER,sub_01245800,,reloc-la,high,recomp,
0x01245AA0,0x01245BE8,MANAGER,sub_01245AA0,,reloc-la,high,recomp,
0x01245BE8,0x01245E70,MANAGER,sub_01245BE8,,reloc-la,high,recomp,
0x01245E70,0x0124620C,MANAGER,sub_01245E70,createNumDialog,xff-symbol+reloc-jal,high,recomp,
0x01246210,0x01246560,MANAGER,sub_01246210,,reloc-jal,high,recomp,
0x01246560,0x01246850,MANAGER,sub_01246560,,reloc-la,high,recomp,
0x01246850,0x01246B98,MANAGER,sub_01246850,,reloc-la,high,recomp,
0x01246B98,0x01246CD4,MANAGER,sub_01246B98,createSheetMenu,xff-symbol,high,recomp,
0x01246CD8,0x01246D10,MANAGER,sub_01246CD8,cursorLockParamMenu,xff-symbol,high,recomp,
0x01246D10,0x01246DE8,MANAGER,sub_01246D10,createYesNoDialog,xff-symbol,high,recomp,
0x01246DE8,0x01246F70,MANAGER,sub_01246DE8,createStringInputDialog,xff-symbol,high,recomp,
0x01246F70,0x01246FC8,MANAGER,sub_01246F70,,reloc-la,high,recomp,
0x01246FC8,0x01247138,MANAGER,sub_01246FC8,,reloc-la,high,recomp,
0x01247138,0x01247178,MANAGER,sub_01247138,,reloc-la,high,recomp,
0x01247178,0x01247210,MANAGER,sub_01247178,,reloc-la,high,recomp,
0x01247210,0x01247248,MANAGER,sub_01247210,,reloc-la,high,recomp,
0x01247248,0x012472A0,MANAGER,sub_01247248,,reloc-la,high,recomp,
0x012472A0,0x012472E0,MANAGER,sub_012472A0,,reloc-la,high,recomp,
0x012472E0,0x01247308,MANAGER,sub_012472E0,,reloc-la,high,recomp,
0x01247308,0x012473D0,MANAGER,sub_01247308,,reloc-la,high,recomp,
0x012473D0,0x012473D8,MANAGER,sub_012473D0,,reloc-la,high,recomp,
0x012473D8,0x01247458,MANAGER,sub_012473D8,,reloc-la,high,recomp,
0x01247458,0x01247550,MANAGER,sub_01247458,,reloc-la,high,recomp,
0x01247550,0x01247560,MANAGER,sub_01247550,,reloc-la,high,recomp,
0x01247560,0x01247608,MANAGER,sub_01247560,,reloc-la,high,recomp,
0x01247608,0x01247708,MANAGER,sub_01247608,,reloc-la,high,recomp,
0x01247708,0x01247740,MANAGER,sub_01247708,,reloc-la,high,recomp,
0x01247740,0x012478B8,MANAGER,sub_01247740,spriteDraw,xff-symbol+reloc-jal,high,recomp,
0x012478B8,0x01247A18,MANAGER,sub_012478B8,spriteDrawUVSensitive,xff-symbol+reloc-jal,high,recomp,
0x01247A18,0x01247B34,MANAGER,sub_01247A18,spriteDrawNoTex,xff-symbol+reloc-jal,high,recomp,
0x01247B38,0x01247DEC,MANAGER,sub_01247B38,windowPrintf,xff-symbol+reloc-jal,high,recomp,
0x01247DF0,0x012480B4,MANAGER,sub_01247DF0,windowPrintfScale,xff-symbol,high,recomp,
0x012480B8,0x01248474,MANAGER,sub_012480B8,windowPrintfBackBoard,xff-symbol,high,recomp,
0x01248478,0x012486B8,MANAGER,sub_01248478,windowSpriteMenuArrow,xff-symbol+reloc-j,high,recomp,
0x012486B8,0x01248760,MANAGER,sub_012486B8,,reloc-jal,high,recomp,
0x01248760,0x012489B8,MANAGER,sub_01248760,,reloc-jal,high,recomp,
0x012489B8,0x01248BD0,MANAGER,sub_012489B8,,reloc-jal,high,recomp,
0x01248BD0,0x0124A0C0,MANAGER,sub_01248BD0,,reloc-jal,high,recomp,
0x0124A0C0,0x0124A678,MANAGER,sub_0124A0C0,,reloc-jal,high,recomp,
0x0124A678,0x0124A7BC,MANAGER,sub_0124A678,windowAddControl,xff-symbol+reloc-jal,high,recomp,
0x0124A7C0,0x0124AB48,MANAGER,sub_0124A7C0,,reloc-jal,high,recomp,
0x0124AB48,0x0124AD0C,MANAGER,sub_0124AB48,windowCursorBlink,xff-symbol+reloc-jal,high,recomp,
0x0124AD10,0x0124B050,MANAGER,sub_0124AD10,windowSetMouseStatus,xff-symbol+reloc-jal,high,recomp,
0x0124B050,0x0124B198,MANAGER,sub_0124B050,,reloc-jal,high,recomp,
0x0124B198,0x0124B580,MANAGER,sub_0124B198,,reloc-jal,high,recomp,
0x0124B580,0x0124BAC0,MANAGER,sub_0124B580,windowDraw,xff-symbol,high,recomp,
0x0124BAC0,0x0124C0C0,MANAGER,sub_0124BAC0,,reloc-jal,high,recomp,
0x0124C0C0,0x0124C230,MANAGER,sub_0124C0C0,,reloc-jal,high,recomp,
0x0124C230,0x0124CEB0,MANAGER,sub_0124C230,,reloc-la,high,recomp,
0x0124CEB0,0x0124D320,MANAGER,sub_0124CEB0,windowCreate,xff-symbol+reloc-jal,high,recomp,
0x0124D320,0x0124D58C,MANAGER,sub_0124D320,windowReInit,xff-symbol+reloc-jal,high,recomp,
0x0124D590,0x0124D59C,MANAGER,sub_0124D590,windowSemiTransRate,xff-symbol,high,recomp,
0x0124D5A0,0x0124D5AC,MANAGER,sub_0124D5A0,windowDisplayMode,xff-symbol,high,recomp,
0x0124D5B0,0x0124D5D4,MANAGER,sub_0124D5B0,windowFontColor,xff-symbol+reloc-jal,high,recomp,
0x0124D5D8,0x0124D73C,MANAGER,sub_0124D5D8,windowSpriteNoTex,xff-symbol+reloc-jal,high,recomp,
0x0124D740,0x0124D914,MANAGER,sub_0124D740,windowSprite,xff-symbol,high,recomp,
0x0124D918,0x0124D9DC,MANAGER,sub_0124D918,windowCheckCursorInRect,xff-symbol,high,recomp,
0x0124D9E0,0x0124D9F4,MANAGER,sub_0124D9E0,windowGetCursorPos,xff-symbol+reloc-jal,high,recomp,
0x0124D9F8,0x0124DA58,MANAGER,sub_0124D9F8,windowSetCursorPos,xff-symbol,high,recomp,
0x0124DA58,0x0124DA90,MANAGER,sub_0124DA58,windowGetCursorPosOnWindow,xff-symbol+reloc-jal,high,recomp,
0x0124DA90,0x0124DB24,MANAGER,sub_0124DA90,windowSetCursorPosOnWindow,xff-symbol+reloc-jal,high,recomp,
0x0124DB28,0x0124DB34,MANAGER,sub_0124DB28,windowGetMouseStatus,xff-symbol+reloc-jal,high,recomp,
0x0124DB38,0x0124DB44,MANAGER,sub_0124DB38,windowGetCurrentWindowHandle,xff-symbol+reloc-jal,high,recomp,
0x0124DB48,0x0124DB94,MANAGER,sub_0124DB48,windowGetTargetWindowHandle,xff-symbol,high,recomp,
0x0124DB98,0x0124DBF0,MANAGER,sub_0124DB98,windowDelete,xff-symbol+reloc-jal,high,recomp,
0x0124DBF0,0x0124DC04,MANAGER,sub_0124DBF0,windowCloseRequest,xff-symbol+reloc-jal+reloc-j,high,recomp,
0x0124DC08,0x0124DC94,MANAGER,sub_0124DC08,windowDeleteAllObjByGroup,xff-symbol,high,recomp,
0x0124DC98,0x0124DCF8,MANAGER,sub_0124DC98,windowDeleteControl,xff-symbol,high,recomp,
0x0124DCF8,0x0124DD78,MANAGER,sub_0124DCF8,windowInit,xff-symbol+reloc-jal,high,recomp,
0x0124DD78,0x0124DD84,MANAGER,sub_0124DD78,windowSetTex,xff-symbol+reloc-jal,high,recomp,
0x0124DD88,0x0124E068,MANAGER,sub_0124DD88,,reloc-jal,high,recomp,
0x0124E068,0x0124E084,MANAGER,sub_0124E068,GetWindowClass,xff-symbol+reloc-j+reloc-jal,high,recomp,
0x0124E088,0x0124E144,MANAGER,sub_0124E088,CreateWindowObj,xff-symbol+reloc-jal,high,recomp,
0x0124E148,0x0124E15C,MANAGER,sub_0124E148,RequestDeleteWindowObj,xff-symbol+reloc-j,high,recomp,
0x0124E160,0x0124E178,MANAGER,sub_0124E160,,reloc-la,high,recomp,
0x0124E178,0x0124E1D0,MANAGER,sub_0124E178,,reloc-la,high,recomp,
0x0124E1D0,0x0124E200,MANAGER,sub_0124E1D0,,reloc-la,high,recomp,
0x0124E200,0x0124E448,MANAGER,sub_0124E200,,reloc-jal,high,recomp,
0x0124E448,0x0124E640,MANAGER,sub_0124E448,,reloc-jal,high,recomp,
0x0124E640,0x0124E958,MANAGER,sub_0124E640,_adpcmOpenReq,xff-symbol,high,recomp,
0x0124E958,0x0124EC90,MANAGER,sub_0124E958,,reloc-la,high,recomp,
0x0124EC90,0x0124F118,MANAGER,sub_0124EC90,,reloc-la,high,recomp,
0x0124F118,0x0124F2B0,MANAGER,sub_0124F118,,reloc-jal,high,recomp,
0x0124F2B0,0x0124F2D0,MANAGER,sub_0124F2B0,adpcmOpenChkComplete,xff-symbol,high,recomp,
0x0124F2D0,0x0124F380,MANAGER,sub_0124F2D0,adpcmPlay,xff-symbol,high,recomp,
0x0124F380,0x0124F3B8,MANAGER,sub_0124F380,adpcmCloseReq,xff-symbol,high,recomp,
0x0124F3B8,0x0124F40C,MANAGER,sub_0124F3B8,adpcmCloseFadeReq,xff-symbol,high,recomp,
0x0124F410,0x0124F440,MANAGER,sub_0124F410,adpcmCloseFadeSetVol,xff-symbol,high,recomp,
0x0124F440,0x0124F44C,MANAGER,sub_0124F440,adpcmCloseChkComplete,xff-symbol,high,recomp,
0x0124F450,0x0124F47C,MANAGER,sub_0124F450,adpcmDeleteAdpcmSeq,xff-symbol,high,recomp,
0x0124F480,0x0124F4B8,MANAGER,sub_0124F480,adpcmSetVol,xff-symbol,high,recomp,
0x0124F4B8,0x0124F4D8,MANAGER,sub_0124F4B8,adpcmSetPitch,xff-symbol,high,recomp,
0x0124F4D8,0x0124F4F4,MANAGER,sub_0124F4D8,adpcmSetPan,xff-symbol,high,recomp,
0x0124F4F8,0x0124F5B8,MANAGER,sub_0124F4F8,adpcmMgrInit,xff-symbol+reloc-jal,high,recomp,
0x0124F5B8,0x0124F5CC,MANAGER,sub_0124F5B8,adpcmGamePause,xff-symbol,high,recomp,
0x0124F5D0,0x0124F690,MANAGER,sub_0124F5D0,,reloc-la,high,recomp,
0x0124F690,0x0124F710,MANAGER,sub_0124F690,adpcmLoadStsFile,xff-symbol,high,recomp,
0x0124F710,0x0124F8F8,MANAGER,sub_0124F710,sound3DCalc,xff-symbol+reloc-jal,high,recomp,
0x0124F8F8,0x0124FB60,MANAGER,sub_0124F8F8,,reloc-j,medium,recomp,
0x0124FB60,0x0124FD38,MANAGER,sub_0124FB60,sePlay3D,xff-symbol+reloc-jal,high,recomp,
0x0124FD38,0x0124FDB0,MANAGER,sub_0124FD38,sePlayStageEnv,xff-symbol,high,recomp,
0x0124FDB0,0x0124FE6C,MANAGER,sub_0124FDB0,initSoundManager,xff-symbol+reloc-jal,high,recomp,
0x0124FE70,0x0124FEC8,MANAGER,sub_0124FE70,sePlay,xff-symbol,high,recomp,
0x0124FEC8,0x0124FF20,MANAGER,sub_0124FEC8,sePlaySystemSound,xff-symbol+reloc-jal,high,recomp,
0x0124FF20,0x0124FF28,MANAGER,sub_0124FF20,seSetVol,xff-symbol,high,recomp,
0x0124FF28,0x0124FF40,MANAGER,sub_0124FF28,seStop,xff-symbol,high,recomp,
0x0124FF40,0x0124FFA4,MANAGER,sub_0124FF40,seStopLoopType,xff-symbol+reloc-j,high,recomp,
0x0124FFA8,0x0124FFC0,MANAGER,sub_0124FFA8,seSopStageTypeAll,xff-symbol,high,recomp,
0x0124FFC0,0x0124FFCC,MANAGER,sub_0124FFC0,seSetDebugTrigFunc,xff-symbol,high,recomp,
0x0124FFD0,0x012500C4,MANAGER,sub_0124FFD0,seLoadHDFile,xff-symbol,high,recomp,
0x012500C8,0x01250138,MANAGER,sub_012500C8,,reloc-la,high,recomp,
0x01250138,0x01250228,MANAGER,sub_01250138,,reloc-la,high,recomp,
0x01250228,0x012502D0,MANAGER,sub_01250228,seLoadBDFile,xff-symbol,high,recomp,
0x012502D0,0x0125033C,MANAGER,sub_012502D0,seUnloadBDFile,xff-symbol,high,recomp,
0x01250340,0x01250408,MANAGER,sub_01250340,,reloc-la,high,recomp,
0x01250408,0x01250510,MANAGER,sub_01250408,,reloc-la,high,recomp,
0x01250510,0x01250610,MANAGER,sub_01250510,,reloc-la,high,recomp,
0x01250610,0x01250730,MANAGER,sub_01250610,,reloc-la,high,recomp,
0x01250730,0x01250780,MANAGER,sub_01250730,,reloc-la,high,recomp,
0x01250780,0x012507E8,MANAGER,sub_01250780,,reloc-la,high,recomp,
0x012507E8,0x01250828,MANAGER,sub_012507E8,,reloc-la,high,recomp,
0x01250828,0x01250830,MANAGER,sub_01250828,seDelayPlay3DTest,xff-symbol,high,recomp,
0x01250830,0x0125084C,MANAGER,sub_01250830,dsysInit,xff-symbol+reloc-jal,high,recomp,
0x01250850,0x01250900,MANAGER,sub_01250850,,reloc-jal,high,recomp,
0x01250900,0x01250978,MANAGER,sub_01250900,,reloc-jal,high,recomp,
0x01250978,0x01250A8C,MANAGER,sub_01250978,dsysExistFileOpen,xff-symbol,high,recomp,
0x01250A90,0x01250C08,MANAGER,sub_01250A90,InitExcelAutoModFile,xff-symbol,high,recomp,
0x01250C08,0x01250D08,MANAGER,sub_01250C08,OpenCsvModChkTempFile,xff-symbol+reloc-jal,high,recomp,
0x01250D08,0x01250ED8,MANAGER,sub_01250D08,WriteMemberCsvModChkTempFile,xff-symbol+reloc-jal,high,recomp,
0x01250ED8,0x0125121C,MANAGER,sub_01250ED8,AddSegmentCsvModChkTempFile,xff-symbol+reloc-jal,high,recomp,
0x01251220,0x01251378,MANAGER,sub_01251220,CloseCsvModChkTempFile,xff-symbol+reloc-jal,high,recomp,
0x01251378,0x0125159C,MANAGER,sub_01251378,CreateCsvModChkTempFileIppatu,xff-symbol,high,recomp,
0x012515A0,0x012516A8,MANAGER,sub_012515A0,_dsysOpen,xff-symbol+reloc-jal,high,recomp,
0x012516A8,0x01251748,MANAGER,sub_012516A8,dsysClose,xff-symbol+reloc-jal,high,recomp,
0x01251748,0x01251790,MANAGER,sub_01251748,dsysRead,xff-symbol+reloc-jal,high,recomp,
0x01251790,0x012517D8,MANAGER,sub_01251790,dsysWrite,xff-symbol+reloc-jal,high,recomp,
0x012517D8,0x0125182C,MANAGER,sub_012517D8,dsysFileInit,xff-symbol+reloc-jal,high,recomp,
0x01251830,0x01251838,MANAGER,sub_01251830,CreateEndAutoModFile,xff-symbol,high,recomp,
0x01251838,0x01251A40,MANAGER,sub_01251838,,reloc-j+reloc-jal,medium,recomp,
0x01251A40,0x01251BB8,MANAGER,sub_01251A40,,reloc-jal,high,recomp,
0x01251BB8,0x01251D60,MANAGER,sub_01251BB8,,reloc-jal,high,recomp,
0x01251D60,0x01251F00,MANAGER,sub_01251D60,nicosysdRebootRequest,xff-symbol+reloc-jal,high,recomp,
0x01251F00,0x01251F5C,MANAGER,sub_01251F00,nicosysdSendDataStart,xff-symbol+reloc-jal,high,recomp,
0x01251F60,0x01251FD0,MANAGER,sub_01251F60,nicosysdSendDataWrite,xff-symbol+reloc-jal,high,recomp,
0x01251FD0,0x01252004,MANAGER,sub_01251FD0,nicosysdRecvDataRead,xff-symbol+reloc-jal,high,recomp,
0x01252008,0x0125209C,MANAGER,sub_01252008,nicosysdExec,xff-symbol+reloc-jal,high,recomp,
0x012520A0,0x01252164,MANAGER,sub_012520A0,nicosysdDummyReadCallBack,xff-symbol,high,recomp,
0x01252168,0x0125222C,MANAGER,sub_01252168,nicosysdEchoReadCallBack,xff-symbol+reloc-la,high,recomp,
0x01252230,0x012522F4,MANAGER,sub_01252230,nicosysdForceEchoReadCallBack,xff-symbol,high,recomp,
0x012522F8,0x012523DC,MANAGER,sub_012522F8,nicosysdEchoDdebugPrintReadCallBack,xff-symbol+reloc-la,high,recomp,
0x012523E0,0x012524A0,MANAGER,sub_012523E0,nicosysdInit,xff-symbol+reloc-j,high,recomp,
0x012524A0,0x012524F0,MANAGER,sub_012524A0,,reloc-la,high,recomp,
0x012524F0,0x012525D8,MANAGER,sub_012524F0,csvMakeOpen,xff-symbol,high,recomp,
0x012525D8,0x012526E8,MANAGER,sub_012525D8,csvMakeBlockWriteData,xff-symbol,high,recomp,
0x012526E8,0x01252758,MANAGER,sub_012526E8,csvMakeClose,xff-symbol,high,recomp,
0x01252758,0x01252804,MANAGER,sub_01252758,csvMakeDeleteSegment,xff-symbol,high,recomp,
0x01252808,0x012528B4,MANAGER,sub_01252808,csvMakeCreateNewSegment,xff-symbol,high,recomp,
0x012528B8,0x012530F8,MANAGER,sub_012528B8,,reloc-j,medium,recomp,
0x012530F8,0x012532A0,MANAGER,sub_012530F8,sheetFsLoadSegmentIndex,xff-symbol+reloc-j,high,recomp,
0x012532A0,0x01253360,MANAGER,sub_012532A0,sheetFsLoadDirectFile,xff-symbol+reloc-jal,high,recomp,
0x01253360,0x01253480,MANAGER,sub_01253360,,reloc-jal,high,recomp,
0x01253480,0x012534A4,MANAGER,sub_01253480,sheetFsInit,xff-symbol+reloc-j,high,recomp,
0x012534A8,0x012534FC,MANAGER,sub_012534A8,sheetFsGetStageTexSegIndex,xff-symbol+reloc-jal,high,recomp,
0x01253500,0x01253520,MANAGER,sub_01253500,sheetFsAddStageTexSegIndex,xff-symbol+reloc-jal,high,recomp,
0x01253520,0x01253540,MANAGER,sub_01253520,sheetFsDecStageTexSegIndex,xff-symbol+reloc-jal,high,recomp,
0x01253540,0x012535DC,MANAGER,sub_01253540,sheetFsExistTexSegIndexCallBack,xff-symbol+reloc-jal,high,recomp,
0x012535E0,0x012535F8,MANAGER,sub_012535E0,sheetFsSetStageTexSegTexSegDef,xff-symbol+reloc-jal,high,recomp,
0x012535F8,0x01253610,MANAGER,sub_012535F8,sheetFsGetStageTexSegTexSegDef,xff-symbol+reloc-jal,high,recomp,
0x01253610,0x0125362C,MANAGER,sub_01253610,sheetFsDataRead,xff-symbol+reloc-jal,high,recomp,
0x01253630,0x01253648,MANAGER,sub_01253630,sheetFsSkipRead,xff-symbol+reloc-jal,high,recomp,
0x01253648,0x0125365C,MANAGER,sub_01253648,sheetFsSectorAlignSkip,xff-symbol+reloc-jal,high,recomp,
0x01253660,0x0125369C,MANAGER,sub_01253660,sheetFsLoadBootData,xff-symbol+reloc-j,high,recomp,
0x012536A0,0x012536DC,MANAGER,sub_012536A0,sheetFsLoadRootSegment,xff-symbol+reloc-j,high,recomp,
0x012536E0,0x012538B0,MANAGER,sub_012536E0,sheetFsLoadMap,xff-symbol+reloc-j,high,recomp,
0x012538B0,0x012538E0,MANAGER,sub_012538B0,sheetFsLoadStageTex,xff-symbol+reloc-j,high,recomp,
0x012538E0,0x01253914,MANAGER,sub_012538E0,sheetFsLoadAdpcmInt,xff-symbol+reloc-jal,high,recomp,
0x01253918,0x01253930,MANAGER,sub_01253918,sheetFsGetDirectFileSize,xff-symbol+reloc-jal,high,recomp,
0x01253930,0x012539CC,MANAGER,sub_01253930,sheetFsSrhSpecialFs,xff-symbol+reloc-jal,high,recomp,
0x012539D0,0x012539F8,MANAGER,sub_012539D0,sheetFsSetSpecialFs,xff-symbol+reloc-jal,high,recomp,
0x012539F8,0x01253B2C,MANAGER,sub_012539F8,sheetFileUnloadCallBack,xff-symbol+reloc-j,high,recomp,
0x01253B30,0x01254108,MANAGER,sub_01253B30,,reloc-j,medium,recomp,
0x01254108,0x01254328,MANAGER,sub_01254108,,reloc-la,high,recomp,
0x01254328,0x012544E8,MANAGER,sub_01254328,,reloc-la,high,recomp,
0x012544E8,0x01254554,MANAGER,sub_012544E8,sheetFileRead,xff-symbol+reloc-jal,high,recomp,
0x01254558,0x01254584,MANAGER,sub_01254558,sheetFileGetDataAdrs,xff-symbol+reloc-jal,high,recomp,
0x01254588,0x01254590,MANAGER,sub_01254588,sheetFileGetSize,xff-symbol+reloc-jal,high,recomp,
0x01254590,0x012545D4,MANAGER,sub_01254590,sheetFileLoadSegmentIndex,xff-symbol+reloc-jal,high,recomp,
0x012545D8,0x0125460C,MANAGER,sub_012545D8,sheetFileLoadRootSegment,xff-symbol+reloc-jal,high,recomp,
0x01254610,0x01254654,MANAGER,sub_01254610,sheetFileLoadBootData,xff-symbol+reloc-jal,high,recomp,
0x01254658,0x0125469C,MANAGER,sub_01254658,sheetFileLoadMap,xff-symbol+reloc-jal,high,recomp,
0x012546A0,0x012546D4,MANAGER,sub_012546A0,sheetFileLoadStageTex,xff-symbol+reloc-jal,high,recomp,
0x012546D8,0x012546EC,MANAGER,sub_012546D8,sheetfileInit,xff-symbol+reloc-jal,high,recomp,
0x012546F0,0x01254708,MANAGER,sub_012546F0,,reloc-la,high,recomp,
0x01254708,0x01254720,MANAGER,sub_01254708,,reloc-la,high,recomp,
0x01254720,0x01254738,MANAGER,sub_01254720,,reloc-la,high,recomp,
0x01254738,0x01254A24,MANAGER,sub_01254738,sheetMgrResolve,xff-symbol+reloc-jal,high,recomp,
0x01254A28,0x01254BB0,MANAGER,sub_01254A28,,reloc-jal,high,recomp,
0x01254BB0,0x01254DC0,MANAGER,sub_01254BB0,,reloc-jal,high,recomp,
0x01254DC0,0x01254F30,MANAGER,sub_01254DC0,,reloc-j,medium,recomp,
0x01254F30,0x01255060,MANAGER,sub_01254F30,,reloc-jal,high,recomp,
0x01255060,0x01255298,MANAGER,sub_01255060,,reloc-jal,high,recomp,
0x01255298,0x01255520,MANAGER,sub_01255298,,reloc-jal,high,recomp,
0x01255520,0x01255830,MANAGER,sub_01255520,,reloc-jal,high,recomp,
0x01255830,0x012559A8,MANAGER,sub_01255830,,reloc-jal+reloc-la,high,recomp,
0x012559A8,0x01255A88,MANAGER,sub_012559A8,,reloc-la,high,recomp,
0x01255A88,0x01256188,MANAGER,sub_01255A88,,reloc-la,high,recomp,
0x01256188,0x01256264,MANAGER,sub_01256188,sheetMgrInit,xff-symbol+reloc-jal,high,recomp,
0x01256268,0x01256288,MANAGER,sub_01256268,sheetWait,xff-symbol+reloc-jal,high,recomp,
0x01256288,0x012562A8,MANAGER,sub_01256288,sheetIdToName,xff-symbol+reloc-jal,high,recomp,
0x012562A8,0x012562C0,MANAGER,sub_012562A8,sheetHeaderObjSearchSheetId,xff-symbol+reloc-jal,high,recomp,
0x012562C0,0x012562E8,MANAGER,sub_012562C0,sheetMgrSheetHeaderSearchSheetDataObj,xff-symbol+reloc-jal,high,recomp,
0x012562E8,0x0125636C,MANAGER,sub_012562E8,sheetMgrSearchSheetDataObj,xff-symbol+reloc-jal,high,recomp,
0x01256370,0x01256388,MANAGER,sub_01256370,sheetMgrAddSegLoadList,xff-symbol+reloc-jal,high,recomp,
0x01256388,0x01256394,MANAGER,sub_01256388,sheetMgrGetSegLoadHeader,xff-symbol+reloc-jal,high,recomp,
0x01256398,0x012563CC,MANAGER,sub_01256398,sheetMgrAddSegInitList,xff-symbol+reloc-jal,high,recomp,
0x012563D0,0x0125640C,MANAGER,sub_012563D0,sheetMgrCheckSegInitList,xff-symbol+reloc-jal,high,recomp,
0x01256410,0x0125641C,MANAGER,sub_01256410,sheetMgrGetSegInitHeader,xff-symbol+reloc-jal,high,recomp,
0x01256420,0x012564C4,MANAGER,sub_01256420,sheetMgrCreateStageIndexSkipInfo,xff-symbol,high,recomp,
0x012564C8,0x012564FC,MANAGER,sub_012564C8,sheetMgrChkStageIndexResolve,xff-symbol,high,recomp,
0x01256500,0x012565E0,MANAGER,sub_01256500,sheetMgrLoadSegmentIndex,xff-symbol,high,recomp,
0x012565E0,0x012566C4,MANAGER,sub_012565E0,sheetMgrUnloadSegmentIndex,xff-symbol,high,recomp,
0x012566C8,0x01256790,MANAGER,sub_012566C8,sheetMgrNopSegmentIndex,xff-symbol+reloc-jal,high,recomp,
0x01256790,0x012568A4,MANAGER,sub_01256790,sheetMgrMapDataLoad,xff-symbol,high,recomp,
0x012568A8,0x0125699C,MANAGER,sub_012568A8,sheetMgrMapDataUnloadOneBlock,xff-symbol,high,recomp,
0x012569A0,0x01256AC0,MANAGER,sub_012569A0,sheetMgrStageTexLoad,xff-symbol,high,recomp,
0x01256AC0,0x01256BE0,MANAGER,sub_01256AC0,sheetMgrStageTexUnload,xff-symbol,high,recomp,
0x01256BE0,0x01256D00,MANAGER,sub_01256BE0,sheetMgrAdpcmIntLoad,xff-symbol+reloc-jal,high,recomp,
0x01256D00,0x01256E00,MANAGER,sub_01256D00,sheetMgrDirectFileLoad,xff-symbol+reloc-jal,high,recomp,
0x01256E00,0x01256EC8,MANAGER,sub_01256E00,sheetMgrAllReqWait,xff-symbol,high,recomp,
0x01256EC8,0x01256F9C,MANAGER,sub_01256EC8,sheetMgrGetClock,xff-symbol,high,recomp,
0x01256FA0,0x0125708C,MANAGER,sub_01256FA0,sheetMgrSpecialFsStart,xff-symbol,high,recomp,
0x01257090,0x01257154,MANAGER,sub_01257090,sheetMgrSpecialFsEnd,xff-symbol,high,recomp,
0x01257158,0x01257164,MANAGER,sub_01257158,sheetMgrSetNoWaitMode,xff-symbol,high,recomp,
0x01257168,0x01257188,MANAGER,sub_01257168,,reloc-jal,high,recomp,
0x01257188,0x012571C8,MANAGER,sub_01257188,,reloc-la,high,recomp,
0x012571C8,0x01257268,MANAGER,sub_012571C8,,reloc-la,high,recomp,
0x01257268,0x01257358,MANAGER,sub_01257268,,reloc-la,high,recomp,
0x01257358,0x01257458,MANAGER,sub_01257358,,reloc-la,high,recomp,
0x01257458,0x01257568,MANAGER,sub_01257458,,reloc-la,high,recomp,
0x01257568,0x01257574,MANAGER,sub_01257568,getSheetDebugNoLoadMode,xff-symbol,high,recomp,
0x01257578,0x012575F8,MANAGER,sub_01257578,,reloc-la,high,recomp,
0x012575F8,0x012576A8,MANAGER,sub_012575F8,sheetExecMake,xff-symbol,high,recomp,
0x012576A8,0x01257758,MANAGER,sub_012576A8,sheetExecCommit,xff-symbol,high,recomp,
0x01257758,0x012577F0,MANAGER,sub_01257758,sheetExecUpdate,xff-symbol,high,recomp,
0x012577F0,0x01257898,MANAGER,sub_012577F0,sheetExecClean,xff-symbol,high,recomp,
0x01257898,0x012578A4,MANAGER,sub_01257898,getDebPcWinSw,xff-symbol,high,recomp,
0x012578A8,0x012578B4,MANAGER,sub_012578A8,GetDebPcWinSw,xff-symbol,high,recomp,
0x012578B8,0x012578C4,MANAGER,sub_012578B8,getDebPcWinType,xff-symbol,high,recomp,
0x012578C8,0x012578D4,MANAGER,sub_012578C8,GetDebPcWinType,xff-symbol,high,recomp,
0x012578D8,0x012578E4,MANAGER,sub_012578D8,getDebPcWinCategory,xff-symbol,high,recomp,
0x012578E8,0x012578F4,MANAGER,sub_012578E8,GetDebPcWinCategory,xff-symbol,high,recomp,
0x012578F8,0x01257900,MANAGER,sub_012578F8,toggleDebPcWinWindow,xff-symbol,high,recomp,
0x01257900,0x01257CA8,MANAGER,sub_01257900,,reloc-j,medium,recomp,
0x01257CA8,0x01258234,MANAGER,sub_01257CA8,update_camera_context,xff-symbol,high,recomp,
0x01258238,0x01258358,MANAGER,sub_01258238,GetScreenRadius,xff-symbol+reloc-jal,high,recomp,
0x01258358,0x0125838C,MANAGER,sub_01258358,SetVSMatrix,xff-symbol+reloc-j,high,recomp,
0x01258390,0x01258400,MANAGER,sub_01258390,SetDefaultViewContext,xff-symbol,high,recomp,
0x01258400,0x01258440,MANAGER,sub_01258400,SetViewContext,xff-symbol,high,recomp,
0x01258440,0x01258480,MANAGER,sub_01258440,create_camera_context,xff-symbol,high,recomp,
0x01258480,0x012584A4,MANAGER,sub_01258480,release_camera_context,xff-symbol,high,recomp,
0x012584A8,0x01258540,MANAGER,sub_012584A8,constructor_camera_context,xff-symbol+reloc-jal,high,recomp,
0x01258540,0x012585B4,MANAGER,sub_01258540,GetScreenRadiusParticle,xff-symbol+reloc-j,high,recomp,
0x012585B8,0x012585F4,MANAGER,sub_012585B8,init_camera_context_manager,xff-symbol+reloc-jal,high,recomp,
0x012585F8,0x0125864C,MANAGER,sub_012585F8,push_camera_context,xff-symbol,high,recomp,
0x01258650,0x0125869C,MANAGER,sub_01258650,pop_camera_context,xff-symbol,high,recomp,
0x012586A0,0x012586C0,MANAGER,sub_012586A0,get_cur_camera_context,xff-symbol+reloc-j+reloc-jal,high,recomp,
0x012586C0,0x01258868,MANAGER,sub_012586C0,,reloc-jal,high,recomp,
0x01258868,0x01258AC8,MANAGER,sub_01258868,,reloc-jal,high,recomp,
0x01258AC8,0x01258C90,MANAGER,sub_01258AC8,,reloc-jal,high,recomp,
0x01258C90,0x01258F90,MANAGER,sub_01258C90,get_blend_sub_camera_lws_animation,xff-symbol,high,recomp,
0x01258F90,0x0125913C,MANAGER,sub_01258F90,boot_camera_lws_animation,xff-symbol+reloc-j+reloc-jal,high,recomp,
0x01259140,0x01259340,MANAGER,sub_01259140,disp_camera_lws_animation_debug_info,xff-symbol,high,recomp,
0x01259340,0x012593B4,MANAGER,sub_01259340,constructor_camera_lws_anime_data,xff-symbol,high,recomp,
0x012593B8,0x012593C0,MANAGER,sub_012593B8,get_camera_lws_animation_param,xff-symbol,high,recomp,
0x012593C0,0x012593CC,MANAGER,sub_012593C0,is_camera_lws_animation_using,xff-symbol,high,recomp,
0x012593D0,0x0125954C,MANAGER,sub_012593D0,get_camera_lws_animation_data,xff-symbol,high,recomp,
0x01259550,0x01259684,MANAGER,sub_01259550,get_interest_type_camera_lws_animation_data,xff-symbol,high,recomp,
0x01259688,0x0125969C,MANAGER,sub_01259688,get_motion_data_camera_lws_animation,xff-symbol,high,recomp,
0x012596A0,0x012596A8,MANAGER,sub_012596A0,get_animation_class_camera_lws_animation,xff-symbol,high,recomp,
0x012596A8,0x012596B0,MANAGER,sub_012596A8,get_boot_obj_camera_lws_animation,xff-symbol,high,recomp,
0x012596B0,0x012596C0,MANAGER,sub_012596B0,is_loop_camera_lws_animation,xff-symbol+reloc-jal,high,recomp,
0x012596C0,0x012596D4,MANAGER,sub_012596C0,is_main_type_camera_lws_animation,xff-symbol,high,recomp,
0x012596D8,0x012596F0,MANAGER,sub_012596D8,is_sub_type_camera_lws_animation,xff-symbol+reloc-jal,high,recomp,
0x012596F0,0x01259708,MANAGER,sub_012596F0,is_interest_type_camera_lws_animation,xff-symbol+reloc-jal,high,recomp,
0x01259708,0x01259720,MANAGER,sub_01259708,is_fixed_point_type_camera_lws_animation,xff-symbol,high,recomp,
0x01259720,0x0125974C,MANAGER,sub_01259720,is_main_type_camera_lws_animation_update,xff-symbol,high,recomp,
0x01259750,0x0125975C,MANAGER,sub_01259750,reset_main_type_camera_lws_animation_update_flag,xff-symbol,high,recomp,
0x01259760,0x01259884,MANAGER,sub_01259760,get_camera_lws_animation_parameter_by_name,xff-symbol+reloc-jal,high,recomp,
0x01259888,0x012598C4,MANAGER,sub_01259888,is_same_camera_lws_animation,xff-symbol,high,recomp,
0x012598C8,0x012598E0,MANAGER,sub_012598C8,get_main_type_camera_lws_animation,xff-symbol+reloc-jal,high,recomp,
0x012598E0,0x012598F8,MANAGER,sub_012598E0,get_interest_type_camera_lws_animation,xff-symbol,high,recomp,
0x012598F8,0x01259910,MANAGER,sub_012598F8,get_fixed_point_type_camera_lws_animation,xff-symbol,high,recomp,
0x01259910,0x0125993C,MANAGER,sub_01259910,boot_camera_lws_animation_by_script,xff-symbol,high,recomp,
0x01259940,0x01259970,MANAGER,sub_01259940,stop_camera_lws_animation_geometry_pointer_reference,xff-symbol+reloc-j,high,recomp,
0x01259970,0x012599A0,MANAGER,sub_01259970,stop_camera_lws_animation_callback,xff-symbol+reloc-jal,high,recomp,
0x012599A0,0x01259A5C,MANAGER,sub_012599A0,end_camera_lws_animation,xff-symbol+reloc-jal,high,recomp,
0x01259A60,0x01259B30,MANAGER,sub_01259A60,end_camera_lws_animation_by_paramID,xff-symbol+reloc-jal,high,recomp,
0x01259B30,0x01259BCC,MANAGER,sub_01259B30,init_camera_lws_animation_manager,xff-symbol,high,recomp,
0x01259BD0,0x01259C48,MANAGER,sub_01259BD0,doit_camera_lws_animation_manager,xff-symbol,high,recomp,
0x01259C48,0x01259C50,MANAGER,sub_01259C48,add_camera_lws_animation_segment,xff-symbol,high,recomp,
0x01259C50,0x01259CA8,MANAGER,sub_01259C50,free_camera_lws_animation_segment,xff-symbol,high,recomp,
0x01259CA8,0x01259D50,MANAGER,sub_01259CA8,,reloc-jal,high,recomp,
0x01259D50,0x01259E80,MANAGER,sub_01259D50,,reloc-jal,high,recomp,
0x01259E80,0x01259FC0,MANAGER,sub_01259E80,,reloc-jal,high,recomp,
0x01259FC0,0x0125A050,MANAGER,sub_01259FC0,,reloc-jal,high,recomp,
0x0125A050,0x0125A0F0,MANAGER,sub_0125A050,,reloc-jal,high,recomp,
0x0125A0F0,0x0125A120,MANAGER,sub_0125A0F0,,reloc-jal,high,recomp,
0x0125A120,0x0125A170,MANAGER,sub_0125A120,,reloc-jal+reloc-j,high,recomp,
0x0125A170,0x0125A1A8,MANAGER,sub_0125A170,,reloc-jal,high,recomp,
0x0125A1A8,0x0125A2F8,MANAGER,sub_0125A1A8,create_camera_obj,xff-symbol,high,recomp,
0x0125A2F8,0x0125A528,MANAGER,sub_0125A2F8,,reloc-j,medium,recomp,
0x0125A528,0x0125A540,MANAGER,sub_0125A528,set_camera_obj_screen_size,xff-symbol,high,recomp,
0x0125A540,0x0125A564,MANAGER,sub_0125A540,dynamic_cast_to_camera_obj,xff-symbol+reloc-jal,high,recomp,
0x0125A568,0x0125A5B8,MANAGER,sub_0125A568,update_camera_obj,xff-symbol+reloc-jal,high,recomp,
0x0125A5B8,0x0125A5C4,MANAGER,sub_0125A5B8,set_camera_position,xff-symbol+reloc-jal,high,recomp,
0x0125A5C8,0x0125A5F8,MANAGER,sub_0125A5C8,set_camera_direction,xff-symbol+reloc-jal,high,recomp,
0x0125A5F8,0x0125A628,MANAGER,sub_0125A5F8,set_camera_up_direction,xff-symbol+reloc-jal,high,recomp,
0x0125A628,0x0125A630,MANAGER,sub_0125A628,get_camera_position,xff-symbol+reloc-jal,high,recomp,
0x0125A630,0x0125A638,MANAGER,sub_0125A630,get_camera_direction,xff-symbol+reloc-jal,high,recomp,
0x0125A638,0x0125A640,MANAGER,sub_0125A638,get_camera_up_direction,xff-symbol+reloc-jal,high,recomp,
0x0125A640,0x0125A648,MANAGER,sub_0125A640,get_camera_obj_layout_class,xff-symbol+reloc-jal+reloc-j,high,recomp,
0x0125A648,0x0125A650,MANAGER,sub_0125A648,get_clip_screen,xff-symbol+reloc-jal,high,recomp,
0x0125A650,0x0125A658,MANAGER,sub_0125A650,get_transform_matrix_set,xff-symbol+reloc-jal,high,recomp,
0x0125A658,0x0125A66C,MANAGER,sub_0125A658,create_original_view_matrix,xff-symbol+reloc-jal,high,recomp,
0x0125A670,0x0125A6B0,MANAGER,sub_0125A670,,reloc-jal,high,recomp,
0x0125A6B0,0x0125A708,MANAGER,sub_0125A6B0,,reloc-la,high,recomp,
0x0125A708,0x0125A710,MANAGER,sub_0125A708,get_view_matrix,xff-symbol+reloc-jal,high,recomp,
0x0125A710,0x0125A8A8,MANAGER,sub_0125A710,,reloc-jal,high,recomp,
0x0125A8A8,0x0125AB7C,MANAGER,sub_0125A8A8,disp_camera_region,xff-symbol+reloc-jal,high,recomp,
0x0125AB80,0x0125ABA8,MANAGER,sub_0125AB80,constructor_camera_region,xff-symbol,high,recomp,
0x0125ABA8,0x0125AC34,MANAGER,sub_0125ABA8,create_and_init_camera_region,xff-symbol+reloc-jal,high,recomp,
0x0125AC38,0x0125AC70,MANAGER,sub_0125AC38,check_free_camera_region,xff-symbol+reloc-jal,high,recomp,
0x0125AC70,0x0125AD50,MANAGER,sub_0125AC70,doit_camera_region,xff-symbol+reloc-jal,high,recomp,
0x0125AD50,0x0125AE88,MANAGER,sub_0125AD50,is_clear_camera_region_condition,xff-symbol+reloc-jal,high,recomp,
0x0125AE88,0x0125AEC0,MANAGER,sub_0125AE88,get_manage_object_id_camera_region,xff-symbol+reloc-jal,high,recomp,
0x0125AEC0,0x0125AF04,MANAGER,sub_0125AEC0,is_parent_obj_boss_camera_region,xff-symbol+reloc-jal,high,recomp,
0x0125AF08,0x0125AF40,MANAGER,sub_0125AF08,get_priority_camera_region,xff-symbol,high,recomp,
0x0125AF40,0x0125AF7C,MANAGER,sub_0125AF40,get_change_grace_time_camera_region,xff-symbol,high,recomp,
0x0125AF80,0x0125AFBC,MANAGER,sub_0125AF80,get_hit_region_ofst_camera_region,xff-symbol,high,recomp,
0x0125AFC0,0x0125AFEC,MANAGER,sub_0125AFC0,get_region_type_camera_region,xff-symbol,high,recomp,
0x0125AFF0,0x0125B090,MANAGER,sub_0125AFF0,is_have_region_camera_region,xff-symbol+reloc-jal,high,recomp,
0x0125B090,0x0125B0A8,MANAGER,sub_0125B090,,reloc-jal,high,recomp,
0x0125B0A8,0x0125B210,MANAGER,sub_0125B0A8,init_col_attr_table_segment,xff-symbol,high,recomp,
0x0125B210,0x0125B380,MANAGER,sub_0125B210,is_this_camera_region_alive,xff-symbol,high,recomp,
0x0125B380,0x0125B3A4,MANAGER,sub_0125B380,init_camera_region_manager,xff-symbol,high,recomp,
0x0125B3A8,0x0125B418,MANAGER,sub_0125B3A8,doit_camera_region_manager,xff-symbol,high,recomp,
0x0125B418,0x0125B53C,MANAGER,sub_0125B418,get_camera_region_resource_id_by_name,xff-symbol+reloc-jal,high,recomp,
0x0125B540,0x0125B5C0,MANAGER,sub_0125B540,add_object_animation_camera_region,xff-symbol+reloc-jal,high,recomp,
0x0125B5C0,0x0125B624,MANAGER,sub_0125B5C0,delete_object_animation_camera_region,xff-symbol+reloc-jal,high,recomp,
0x0125B628,0x0125B7D0,MANAGER,sub_0125B628,get_apply_camera_region,xff-symbol,high,recomp,
0x0125B7D0,0x0125B8B4,MANAGER,sub_0125B7D0,disp_object_animation_camera_region_group,xff-symbol,high,recomp,
0x0125B8B8,0x0125B8C0,MANAGER,sub_0125B8B8,get_max_object_animation_camera_region,xff-symbol,high,recomp,
0x0125B8C0,0x0125B8F4,MANAGER,sub_0125B8C0,get_cur_total_object_animation_camera_region,xff-symbol,high,recomp,
0x0125B8F8,0x0125B904,MANAGER,sub_0125B8F8,get_col_attr_cam_region_select_flag,xff-symbol,high,recomp,
0x0125B908,0x0125B914,MANAGER,sub_0125B908,get_col_attr_cam_region_select_index,xff-symbol,high,recomp,
0x0125B918,0x0125B998,MANAGER,sub_0125B918,,reloc-jal,high,recomp,
0x0125B998,0x0125B9B8,MANAGER,sub_0125B998,,reloc-jal,high,recomp,
0x0125B9B8,0x0125BA64,MANAGER,sub_0125B9B8,create_clip_screen,xff-symbol+reloc-jal,high,recomp,
0x0125BA68,0x0125BAA0,MANAGER,sub_0125BA68,check_free_clip_screen,xff-symbol+reloc-jal,high,recomp,
0x0125BAA0,0x0125BBAC,MANAGER,sub_0125BAA0,set_screen_size,xff-symbol+reloc-j+reloc-jal,high,recomp,
0x0125BBB0,0x0125BC10,MANAGER,sub_0125BBB0,set_screen_wide_and_progressive,xff-symbol,high,recomp,
0x0125BC10,0x0125BC1C,MANAGER,sub_0125BC10,getWideRatio,xff-symbol+reloc-jal,high,recomp,
0x0125BC20,0x0125BC28,MANAGER,sub_0125BC20,set_view_angle,xff-symbol+reloc-jal,high,recomp,
0x0125BC28,0x0125BC44,MANAGER,sub_0125BC28,set_scissor_screen_size,xff-symbol+reloc-jal,high,recomp,
0x0125BC48,0x0125BC50,MANAGER,sub_0125BC48,get_screen_width,xff-symbol+reloc-jal,high,recomp,
0x0125BC50,0x0125BC58,MANAGER,sub_0125BC50,get_screen_height,xff-symbol+reloc-jal,high,recomp,
0x0125BC58,0x0125BC84,MANAGER,sub_0125BC58,get_aspect_ratio,xff-symbol,high,recomp,
0x0125BC88,0x0125BC90,MANAGER,sub_0125BC88,get_view_angle,xff-symbol,high,recomp,
0x0125BC90,0x0125BCB0,MANAGER,sub_0125BC90,get_dist_from_eye_to_screen,xff-symbol+reloc-jal,high,recomp,
0x0125BCB0,0x0125BCC4,MANAGER,sub_0125BCB0,get_near_clip_z_clip_screen,xff-symbol+reloc-jal,high,recomp,
0x0125BCC8,0x0125BCDC,MANAGER,sub_0125BCC8,get_far_clip_z_clip_screen,xff-symbol+reloc-jal,high,recomp,
0x0125BCE0,0x0125BCF0,MANAGER,sub_0125BCE0,get_z_buf_min_clip_screen,xff-symbol+reloc-jal,high,recomp,
0x0125BCF0,0x0125BD04,MANAGER,sub_0125BCF0,get_z_buf_max_clip_screen,xff-symbol+reloc-jal,high,recomp,
0x0125BD08,0x0125BE10,MANAGER,sub_0125BD08,calculate_clip_matrix,xff-symbol+reloc-jal+reloc-j,high,recomp,
0x0125BE10,0x0125BF6C,MANAGER,sub_0125BE10,create_original_clip_matrix,xff-symbol,high,recomp,
0x0125BF70,0x0125BFBC,MANAGER,sub_0125BF70,update_clip_screen,xff-symbol+reloc-jal,high,recomp,
0x0125BFC0,0x0125C09C,MANAGER,sub_0125BFC0,create_directX_projection_matrix,xff-symbol,high,recomp,
0x0125C0A0,0x0125C0AC,MANAGER,sub_0125C0A0,get_screen_size_scale_screen_matrix,xff-symbol,high,recomp,
0x0125C0B0,0x0125C110,MANAGER,sub_0125C0B0,,reloc-j+reloc-jal,medium,recomp,
0x0125C110,0x0125C208,MANAGER,sub_0125C110,,reloc-jal,high,recomp,
0x0125C208,0x0125C258,MANAGER,sub_0125C208,,reloc-jal,high,recomp,
0x0125C258,0x0125C308,MANAGER,sub_0125C258,,reloc-j,medium,recomp,
0x0125C308,0x0125C3B8,MANAGER,sub_0125C308,,reloc-jal+reloc-j,high,recomp,
0x0125C3B8,0x0125C3C0,MANAGER,sub_0125C3B8,get_clip_matrix,xff-symbol+reloc-jal,high,recomp,
0x0125C3C0,0x0125C3C8,MANAGER,sub_0125C3C0,get_clip_matrix128,xff-symbol+reloc-jal,high,recomp,
0x0125C3C8,0x0125C3D0,MANAGER,sub_0125C3C8,get_clip_matrix256,xff-symbol+reloc-jal,high,recomp,
0x0125C3D0,0x0125C3D8,MANAGER,sub_0125C3D0,get_clip_matrix_fovignore,xff-symbol+reloc-jal,high,recomp,
0x0125C3D8,0x0125C3E0,MANAGER,sub_0125C3D8,get_screen_matrix,xff-symbol+reloc-jal,high,recomp,
0x0125C3E0,0x0125C3E8,MANAGER,sub_0125C3E0,get_screen_matrix128,xff-symbol+reloc-jal,high,recomp,
0x0125C3E8,0x0125C3F0,MANAGER,sub_0125C3E8,get_screen_matrix256,xff-symbol+reloc-jal,high,recomp,
0x0125C3F0,0x0125C400,MANAGER,sub_0125C3F0,get_scissor_clip_matrix,xff-symbol+reloc-jal,high,recomp,
0x0125C400,0x0125C508,MANAGER,sub_0125C400,create_clip_matrix,xff-symbol,high,recomp,
0x0125C508,0x0125C510,MANAGER,sub_0125C508,get_WV_matrix,xff-symbol+reloc-jal,high,recomp,
0x0125C510,0x0125C518,MANAGER,sub_0125C510,get_VC_matrix,xff-symbol,high,recomp,
0x0125C518,0x0125C520,MANAGER,sub_0125C518,get_CS_matrix,xff-symbol,high,recomp,
0x0125C520,0x0125C528,MANAGER,sub_0125C520,get_WVC_matrix,xff-symbol,high,recomp,
0x0125C528,0x0125C530,MANAGER,sub_0125C528,get_VCS_matrix,xff-symbol,high,recomp,
0x0125C530,0x0125C538,MANAGER,sub_0125C530,get_WVCS_matrix,xff-symbol,high,recomp,
0x0125C538,0x0125C540,MANAGER,sub_0125C538,get_scissor_VC_matrix,xff-symbol,high,recomp,
0x0125C540,0x0125C548,MANAGER,sub_0125C540,get_scissor_WVC_matrix,xff-symbol,high,recomp,
0x0125C548,0x0125C588,MANAGER,sub_0125C548,create_transform_matrix_set,xff-symbol+reloc-jal,high,recomp,
0x0125C588,0x0125C5C0,MANAGER,sub_0125C588,check_free_transform_matrix_set,xff-symbol+reloc-j,high,recomp,
0x0125C5C0,0x0125C92C,MANAGER,sub_0125C5C0,update_transform_matrix_set,xff-symbol+reloc-jal,high,recomp,
0x0125C930,0x0125CB98,MANAGER,sub_0125C930,,reloc-jal,high,recomp,
0x0125CB98,0x0125CCF8,MANAGER,sub_0125CB98,,reloc-la,high,recomp,
0x0125CCF8,0x0125D070,MANAGER,sub_0125CCF8,,reloc-jal,high,recomp,
0x0125D070,0x0125D1D0,MANAGER,sub_0125D070,,reloc-la,high,recomp,
0x0125D1D0,0x0125D4D8,MANAGER,sub_0125D1D0,,reloc-jal,high,recomp,
0x0125D4D8,0x0125D620,MANAGER,sub_0125D4D8,,reloc-la,high,recomp,
0x0125D620,0x0125D9B8,MANAGER,sub_0125D620,,reloc-jal,high,recomp,
0x0125D9B8,0x0125DB18,MANAGER,sub_0125D9B8,,reloc-la,high,recomp,
0x0125DB18,0x0125DC68,MANAGER,sub_0125DB18,,reloc-jal,high,recomp,
0x0125DC68,0x0125DDBC,MANAGER,sub_0125DC68,SendDamageLetter,xff-symbol+reloc-jal,high,recomp,
0x0125DDC0,0x0125DF5C,MANAGER,sub_0125DDC0,SendDamageCylinderLetter,xff-symbol+reloc-jal,high,recomp,
0x0125DF60,0x0125E10C,MANAGER,sub_0125DF60,SendDamageBoxLetter,xff-symbol+reloc-jal,high,recomp,
0x0125E110,0x0125E1FC,MANAGER,sub_0125E110,SendDirectDamageLetter,xff-symbol+reloc-jal,high,recomp,
0x0125E200,0x0125E3F0,MANAGER,sub_0125E200,SendVolumeShapeDamageLetter,xff-symbol+reloc-j,high,recomp,
0x0125E3F0,0x0125E460,MANAGER,sub_0125E3F0,CheckLetter,xff-symbol+reloc-jal+reloc-j,high,recomp,
0x0125E460,0x0125E4E8,MANAGER,sub_0125E460,GetDamageClass,xff-symbol+reloc-jal,high,recomp,
0x0125E4E8,0x0125E5F0,MANAGER,sub_0125E4E8,CheckDamageLetter,xff-symbol+reloc-la,high,recomp,
0x0125E5F0,0x0125E634,MANAGER,sub_0125E5F0,InitDamageClass,xff-symbol+reloc-jal,high,recomp,
0x0125E638,0x0125E65C,MANAGER,sub_0125E638,ResetDamageClass,xff-symbol+reloc-jal,high,recomp,
0x0125E660,0x0125E690,MANAGER,sub_0125E660,SetDamageOffsetStatus,xff-symbol,high,recomp,
0x0125E690,0x0125E69C,MANAGER,sub_0125E690,SetDamageClassJudgeExternalFunc,xff-symbol,high,recomp,
0x0125E6A0,0x0125E6E8,MANAGER,sub_0125E6A0,DecreaseDamageLockTime,xff-symbol+reloc-j,high,recomp,
0x0125E6E8,0x0125E704,MANAGER,sub_0125E6E8,GetDamagerClassDamageSheetType,xff-symbol+reloc-jal,high,recomp,
0x0125E708,0x0125E718,MANAGER,sub_0125E708,SetDamageClassDamageTableType,xff-symbol,high,recomp,
0x0125E718,0x0125E754,MANAGER,sub_0125E718,InitDamageLetter,xff-symbol+reloc-j,high,recomp,
0x0125E758,0x0125E888,MANAGER,sub_0125E758,,reloc-la,high,recomp,
0x0125E888,0x0125E8AC,MANAGER,sub_0125E888,_SetMultiCastLetterReceiverInfo,xff-symbol,high,recomp,
0x0125E8B0,0x0125E8D0,MANAGER,sub_0125E8B0,,after-named,medium,recomp,
0x0125E8D0,0x0125E8E4,MANAGER,sub_0125E8D0,_SetLetterKindVariable,xff-symbol,high,recomp,
0x0125E8E8,0x0125E8F0,MANAGER,sub_0125E8E8,GetLetterKindVariableData,xff-symbol,high,recomp,
0x0125E8F0,0x0125E954,MANAGER,sub_0125E8F0,getDamageEnableTargetLayoutClass,xff-symbol,high,recomp,
0x0125E958,0x0125E988,MANAGER,sub_0125E958,,reloc-la,high,recomp,
0x0125E988,0x0125EA84,MANAGER,sub_0125E988,GetDamageDefByName,xff-symbol+reloc-jal,high,recomp,
0x0125EA88,0x0125EBFC,MANAGER,sub_0125EA88,GetAttributeRelationEffectDefByName,xff-symbol+reloc-jal,high,recomp,
0x0125EC00,0x0125ECF0,MANAGER,sub_0125EC00,GetAnimationEffectDefByName,xff-symbol+reloc-jal,high,recomp,
0x0125ECF0,0x0125EDF0,MANAGER,sub_0125ECF0,GetCollisionDetectEffectWaterOnlyDefByName,xff-symbol+reloc-jal,high,recomp,
0x0125EDF0,0x0125EEF0,MANAGER,sub_0125EDF0,GetAnimationFogDefByName,xff-symbol,high,recomp,
0x0125EEF0,0x0125F178,MANAGER,sub_0125EEF0,,reloc-jal,high,recomp,
0x0125F178,0x0125F468,MANAGER,sub_0125F178,,reloc-jal,high,recomp,
0x0125F468,0x0125F7D8,MANAGER,sub_0125F468,,reloc-jal,high,recomp,
0x0125F7D8,0x0125FC40,MANAGER,sub_0125F7D8,,reloc-jal,high,recomp,
0x0125FC40,0x0125FEA0,MANAGER,sub_0125FC40,,reloc-jal,high,recomp,
0x0125FEA0,0x012600F8,MANAGER,sub_0125FEA0,,reloc-jal,high,recomp,
0x012600F8,0x01260870,MANAGER,sub_012600F8,,reloc-jal+reloc-j,high,recomp,
0x01260870,0x01260AF4,MANAGER,sub_01260870,ExecAnimeTableInfo,xff-symbol+reloc-jal,high,recomp,
0x01260AF8,0x01260BD4,MANAGER,sub_01260AF8,ResetAnimeFrameTableInfo,xff-symbol+reloc-j+reloc-jal,high,recomp,
0x01260BD8,0x01260D28,MANAGER,sub_01260BD8,ExecEff,xff-symbol+reloc-jal+reloc-j,high,recomp,
0x01260D28,0x01260D34,MANAGER,sub_01260D28,getSETriggerTestMode,xff-symbol,high,recomp,
0x01260D38,0x01260D44,MANAGER,sub_01260D38,AnimeTableInfoDebugMode,xff-symbol,high,recomp,
0x01260D48,0x01260E48,MANAGER,sub_01260D48,SequenceKickCameraVibration,xff-symbol+reloc-jal,high,recomp,
0x01260E48,0x01260E80,MANAGER,sub_01260E48,,reloc-la,high,recomp,
0x01260E80,0x01260E98,MANAGER,sub_01260E80,,reloc-la,high,recomp,
0x01260E98,0x01260EF8,MANAGER,sub_01260E98,getBootParent,xff-symbol,high,recomp,
0x01260EF8,0x01260FC4,MANAGER,sub_01260EF8,SequenceKickParticle,xff-symbol+reloc-j+reloc-jal,high,recomp,
0x01260FC8,0x01260FEC,MANAGER,sub_01260FC8,KickParticleGetResourceId,xff-symbol+reloc-jal,high,recomp,
0x01260FF0,0x01261038,MANAGER,sub_01260FF0,,reloc-la,high,recomp,
0x01261038,0x01261050,MANAGER,sub_01261038,,reloc-la,high,recomp,
0x01261050,0x012610E4,MANAGER,sub_01261050,SequenceKickSE,xff-symbol+reloc-jal,high,recomp,
0x012610E8,0x01261128,MANAGER,sub_012610E8,seSetKeyOnOff,xff-symbol+reloc-j,high,recomp,
0x01261128,0x01261140,MANAGER,sub_01261128,,reloc-la,high,recomp,
0x01261140,0x01261158,MANAGER,sub_01261140,,reloc-la,high,recomp,
0x01261158,0x01261204,MANAGER,sub_01261158,SequenceKickWind,xff-symbol+reloc-jal,high,recomp,
0x01261208,0x012612B4,MANAGER,sub_01261208,SequenceKickWindBox,xff-symbol+reloc-jal,high,recomp,
0x012612B8,0x0126136C,MANAGER,sub_012612B8,SequenceKickWindVolumeShape,xff-symbol+reloc-jal,high,recomp,
0x01261370,0x012613A8,MANAGER,sub_01261370,,reloc-la,high,recomp,
0x012613A8,0x012613C0,MANAGER,sub_012613A8,,reloc-la,high,recomp,
0x012613C0,0x01261420,MANAGER,sub_012613C0,initLoadObjEditWork,xff-symbol,high,recomp,
0x01261420,0x0126143C,MANAGER,sub_01261420,delLoadObjEditWork,xff-symbol,high,recomp,
0x01261440,0x01261480,MANAGER,sub_01261440,getEditWorkSize,xff-symbol,high,recomp,
0x01261480,0x012614A0,MANAGER,sub_01261480,getEditWorkInitData,xff-symbol+reloc-jal,high,recomp,
0x012614A0,0x012614C0,MANAGER,sub_012614A0,getEditWorkDebugHeader,xff-symbol,high,recomp,
0x012614C0,0x012614E8,MANAGER,sub_012614C0,getEditWorkDebugData,xff-symbol,high,recomp,
0x012614E8,0x01261548,MANAGER,sub_012614E8,loadPathData,xff-symbol,high,recomp,
0x01261548,0x01261564,MANAGER,sub_01261548,delPathData,xff-symbol,high,recomp,
0x01261568,0x01261580,MANAGER,sub_01261568,getPointDataHeader,xff-symbol,high,recomp,
0x01261580,0x01261598,MANAGER,sub_01261580,getLineDataHeader,xff-symbol,high,recomp,
0x01261598,0x012615D4,MANAGER,sub_01261598,getPointData,xff-symbol,high,recomp,
0x012615D8,0x01261630,MANAGER,sub_012615D8,getConnectLineArray,xff-symbol,high,recomp,
0x01261630,0x0126166C,MANAGER,sub_01261630,getLineData,xff-symbol,high,recomp,
0x01261670,0x01261688,MANAGER,sub_01261670,getRootDataHeader,xff-symbol,high,recomp,
0x01261688,0x012616A0,MANAGER,sub_01261688,getGoalDataHeader,xff-symbol,high,recomp,
0x012616A0,0x012616B8,MANAGER,sub_012616A0,getSubDataHeader,xff-symbol,high,recomp,
0x012616B8,0x012616F4,MANAGER,sub_012616B8,getRootPointData,xff-symbol,high,recomp,
0x012616F8,0x01261734,MANAGER,sub_012616F8,getGoalPointData,xff-symbol,high,recomp,
0x01261738,0x01261774,MANAGER,sub_01261738,getSubPointData,xff-symbol,high,recomp,
0x01261778,0x012617D0,MANAGER,sub_01261778,getChildGoalPointIdxArray,xff-symbol,high,recomp,
0x012617D0,0x01261828,MANAGER,sub_012617D0,getChildSubPointIdxArray,xff-symbol,high,recomp,
0x01261828,0x01261840,MANAGER,sub_01261828,getInterestDataHeader,xff-symbol,high,recomp,
0x01261840,0x01261874,MANAGER,sub_01261840,getInterestPointData,xff-symbol,high,recomp,
0x01261878,0x01261890,MANAGER,sub_01261878,getDeadDataHeader,xff-symbol,high,recomp,
0x01261890,0x012618CC,MANAGER,sub_01261890,getDeadPointData,xff-symbol,high,recomp,
0x012618D0,0x012618E8,MANAGER,sub_012618D0,getLayoutDataHeader,xff-symbol,high,recomp,
0x012618E8,0x01261924,MANAGER,sub_012618E8,getLayoutPointData,xff-symbol,high,recomp,
0x01261928,0x0126198C,MANAGER,sub_01261928,audioDecCreate,xff-symbol+reloc-jal,high,recomp,
0x01261990,0x012619D8,MANAGER,sub_01261990,audioDecIsPreset,xff-symbol+reloc-jal,high,recomp,
0x012619D8,0x01261A24,MANAGER,sub_012619D8,audioDecReset,xff-symbol+reloc-jal,high,recomp,
0x01261A28,0x01261A4C,MANAGER,sub_01261A28,changeVolume,xff-symbol+reloc-jal,high,recomp,
0x01261A50,0x01261A68,MANAGER,sub_01261A50,changeVolumeDirect,xff-symbol,high,recomp,
0x01261A68,0x01261C68,MANAGER,sub_01261A68,spriteMovieImage,xff-symbol+reloc-jal,high,recomp,
0x01261C68,0x01261F10,MANAGER,sub_01261C68,,reloc-j,medium,recomp,
0x01261F10,0x01261F44,MANAGER,sub_01261F10,setLoadImageTags,xff-symbol+reloc-jal,high,recomp,
0x01261F48,0x01261F7C,MANAGER,sub_01261F48,setLoadImageTagsTile,xff-symbol,high,recomp,
0x01261F80,0x01261FB8,MANAGER,sub_01261F80,loadImage,xff-symbol+reloc-jal,high,recomp,
0x01261FB8,0x012621E8,MANAGER,sub_01261FB8,,reloc-jal,high,recomp,
0x012621E8,0x01262340,MANAGER,sub_012621E8,MovieInit,xff-symbol+reloc-jal,high,recomp,
0x01262340,0x012623CC,MANAGER,sub_01262340,MovieExit,xff-symbol+reloc-jal,high,recomp,
0x012623D0,0x01262404,MANAGER,sub_012623D0,EE_MixBufClear,xff-symbol+reloc-jal,high,recomp,
0x01262408,0x01262440,MANAGER,sub_01262408,pcm_tickprocsub,xff-symbol+reloc-la,high,recomp,
0x01262440,0x01262480,MANAGER,sub_01262440,,reloc-la,high,recomp,
0x01262480,0x012624E8,MANAGER,sub_01262480,PcmOutputClear,xff-symbol,high,recomp,
0x012624E8,0x012624F4,MANAGER,sub_012624E8,MovieSkipCheck,xff-symbol+reloc-jal,high,recomp,
0x012624F8,0x01262504,MANAGER,sub_012624F8,setMovieSkip,xff-symbol+reloc-jal,high,recomp,
0x01262508,0x01262520,MANAGER,sub_01262508,mpegMalloc,xff-symbol+reloc-jal,high,recomp,
0x01262520,0x01262534,MANAGER,sub_01262520,mpegFree,xff-symbol+reloc-jal,high,recomp,
0x01262538,0x01262594,MANAGER,sub_01262538,mpegStart,xff-symbol,high,recomp,
0x01262598,0x012625C8,MANAGER,sub_01262598,mpegChkPlaying,xff-symbol,high,recomp,
0x012625C8,0x01262650,MANAGER,sub_012625C8,,reloc-la,high,recomp,
0x01262650,0x01262798,MANAGER,sub_01262650,,reloc-la,high,recomp,
0x01262798,0x01262958,MANAGER,sub_01262798,,reloc-la,high,recomp,
0x01262958,0x01262C6C,MANAGER,sub_01262958,playPss,xff-symbol+reloc-jal,high,recomp,
0x01262C70,0x01262CD0,MANAGER,sub_01262C70,DebugPrintMpgHeader,xff-symbol,high,recomp,
0x01262CD0,0x01262DD0,MANAGER,sub_01262CD0,,reloc-la,high,recomp,
0x01262DD0,0x01262DD8,MANAGER,sub_01262DD0,,reloc-la,high,recomp,
0x01262DD8,0x01262DF8,MANAGER,sub_01262DD8,,reloc-la,high,recomp,
0x01262DF8,0x01262FC8,MANAGER,sub_01262DF8,,reloc-la,high,recomp,
0x01262FC8,0x01263108,MANAGER,sub_01262FC8,,reloc-j,medium,recomp,
0x01263108,0x012631EC,MANAGER,sub_01263108,strFileOpen,xff-symbol+reloc-jal,high,recomp,
0x012631F0,0x01263240,MANAGER,sub_012631F0,strFileClose,xff-symbol+reloc-jal,high,recomp,
0x01263240,0x01263254,MANAGER,sub_01263240,strFileRead,xff-symbol+reloc-jal,high,recomp,
0x01263254,0x01263490,MANAGER,sub_01263254,clipVectorPlaneVolume,xff-label+reloc-jal,high,recomp,
0x01263490,0x01263E7C,MANAGER,sub_01263490,qsort,xff-symbol+reloc-jal,high,recomp,
0x01263E80,0x01263E98,MANAGER,sub_01263E80,srand,xff-symbol,high,recomp,
0x01263E98,0x01263EFC,MANAGER,sub_01263E98,rand,xff-symbol+reloc-jal,high,recomp,
0x01263F00,0x01264000,MANAGER,sub_01263F00,rintf,xff-symbol+reloc-jal,high,recomp,
0x01264000,0x012640D0,MANAGER,sub_01264000,,reloc-jal,high,recomp,
0x012640D0,0x01264308,MANAGER,sub_012640D0,sceMpegCreate,xff-symbol+reloc-jal,high,recomp,
0x01264308,0x01264408,MANAGER,sub_01264308,,reloc-jal,high,recomp,
0x01264408,0x012644D0,MANAGER,sub_01264408,,reloc-jal,high,recomp,
0x012644D0,0x01264688,MANAGER,sub_012644D0,,reloc-jal,high,recomp,
0x01264688,0x01264940,MANAGER,sub_01264688,,reloc-jal,high,recomp,
0x01264940,0x01264AB0,MANAGER,sub_01264940,,reloc-jal,high,recomp,
0x01264AB0,0x01264C78,MANAGER,sub_01264AB0,,reloc-jal,high,recomp,
0x01264C78,0x01264D28,MANAGER,sub_01264C78,sceMpegInit,xff-symbol+reloc-jal,high,recomp,
0x01264D28,0x01264D30,MANAGER,sub_01264D28,sceMpegDelete,xff-symbol+reloc-jal,high,recomp,
0x01264D30,0x01264D6C,MANAGER,sub_01264D30,sceMpegAddBs,xff-symbol,high,recomp,
0x01264D70,0x01264DB8,MANAGER,sub_01264D70,sceMpegGetPicture,xff-symbol+reloc-jal,high,recomp,
0x01264DB8,0x01264DFC,MANAGER,sub_01264DB8,sceMpegGetPictureRAW8,xff-symbol,high,recomp,
0x01264E00,0x01264E10,MANAGER,sub_01264E00,sceMpegGetPictureAbort,xff-symbol,high,recomp,
0x01264E10,0x01264E8C,MANAGER,sub_01264E10,sceMpegReset,xff-symbol+reloc-jal,high,recomp,
0x01264E90,0x01264E9C,MANAGER,sub_01264E90,sceMpegIsEnd,xff-symbol+reloc-jal,high,recomp,
0x01264EA0,0x01264EB0,MANAGER,sub_01264EA0,sceMpegIsRefBuffEmpty,xff-symbol,high,recomp,
0x01264EB0,0x01264EC4,MANAGER,sub_01264EB0,sceMpegSetDecodeMode,xff-symbol,high,recomp,
0x01264EC8,0x01264EE8,MANAGER,sub_01264EC8,sceMpegGetDecodeMode,xff-symbol,high,recomp,
0x01264EE8,0x01264F1C,MANAGER,sub_01264EE8,sceMpegAddCallback,xff-symbol+reloc-jal,high,recomp,
0x01264F20,0x01264F54,MANAGER,sub_01264F20,sceMpegSetBuffType,xff-symbol,high,recomp,
0x01264F58,0x01264F64,MANAGER,sub_01264F58,sceMpegGetBuffType,xff-symbol,high,recomp,
0x01264F68,0x01264FE0,MANAGER,sub_01264F68,_sceMpegDispatchMpegCallback,xff-symbol+reloc-jal,high,recomp,
0x01264FE0,0x01265054,MANAGER,sub_01264FE0,_sceMpegDispatchMpegCbNodata,xff-symbol+reloc-jal,high,recomp,
0x01265058,0x012650A0,MANAGER,sub_01265058,,reloc-jal,high,recomp,
0x012650A0,0x012650F4,MANAGER,sub_012650A0,sceMpegClearRefBuff,xff-symbol+reloc-jal,high,recomp,
0x012650F8,0x01265148,MANAGER,sub_012650F8,sceMpegGetPictureRAW8xy,xff-symbol,high,recomp,
0x01265148,0x01265160,MANAGER,sub_01265148,sceMpegSetDefaultPtsGap,xff-symbol,high,recomp,
0x01265160,0x01265174,MANAGER,sub_01265160,sceMpegResetDefaultPtsGap,xff-symbol,high,recomp,
0x01265178,0x01265188,MANAGER,sub_01265178,sceMpegSetImageBuff,xff-symbol,high,recomp,
0x01265188,0x01265194,MANAGER,sub_01265188,sceMpegDispWidth,xff-symbol,high,recomp,
0x01265198,0x012651A4,MANAGER,sub_01265198,sceMpegDispHeight,xff-symbol,high,recomp,
0x012651A8,0x012651B4,MANAGER,sub_012651A8,sceMpegDispCenterOffX,xff-symbol,high,recomp,
0x012651B8,0x012651C4,MANAGER,sub_012651B8,sceMpegDispCenterOffY,xff-symbol,high,recomp,
0x012651C8,0x012651D8,MANAGER,sub_012651C8,_sceMpegSetBrokenLink,xff-symbol,high,recomp,
0x012651D8,0x012651F0,MANAGER,sub_012651D8,_sceMpegSetPtm,xff-symbol,high,recomp,
0x012651F0,0x012652C0,MANAGER,sub_012651F0,,reloc-jal,high,recomp,
0x012652C0,0x012652D4,MANAGER,sub_012652C0,_sceMpegAlalcInit,xff-symbol+reloc-jal,high,recomp,
0x012652D8,0x012652E4,MANAGER,sub_012652D8,_sceMpegAlalcSetDynamic,xff-symbol+reloc-jal,high,recomp,
0x012652E8,0x012652F4,MANAGER,sub_012652E8,_sceMpegAlalcFree,xff-symbol+reloc-jal,high,recomp,
0x012652F8,0x01265364,MANAGER,sub_012652F8,_sceMpegAlalcAlloc,xff-symbol+reloc-jal,high,recomp,
0x01265368,0x01265380,MANAGER,sub_01265368,_sceMpegAlalcReset,xff-symbol,high,recomp,
0x01265380,0x012653A4,MANAGER,sub_01265380,_sceMpegDefaultStopDMA,xff-symbol+reloc-la,high,recomp,
0x012653A8,0x012653CC,MANAGER,sub_012653A8,_sceMpegDefaultRestartDMA,xff-symbol+reloc-la,high,recomp,
0x012653D0,0x01265660,MANAGER,sub_012653D0,,reloc-jal,high,recomp,
0x01265660,0x01265920,MANAGER,sub_01265660,,reloc-jal,high,recomp,
0x01265920,0x01265D40,MANAGER,sub_01265920,,reloc-jal,high,recomp,
0x01265D40,0x01265E00,MANAGER,sub_01265D40,_sceMpegFlush,xff-symbol+reloc-jal,high,recomp,
0x01265E00,0x01265E90,MANAGER,sub_01265E00,_sceMpegOutputFrame,xff-symbol+reloc-jal,high,recomp,
0x01265E90,0x01266050,MANAGER,sub_01265E90,,reloc-jal,high,recomp,
0x01266050,0x01266528,MANAGER,sub_01266050,_sceMpegCscStoreRefImage,xff-symbol+reloc-jal,high,recomp,
0x01266528,0x01266670,MANAGER,sub_01266528,,reloc-la,high,recomp,
0x01266670,0x01266748,MANAGER,sub_01266670,,reloc-la,high,recomp,
0x01266748,0x01266944,MANAGER,sub_01266748,_sceMpegId2type,xff-symbol,high,recomp,
0x01266948,0x01266B18,MANAGER,sub_01266948,,reloc-jal,high,recomp,
0x01266B18,0x012671C0,MANAGER,sub_01266B18,,reloc-jal,high,recomp,
0x012671C0,0x01268F68,MANAGER,sub_012671C0,,reloc-jal,high,recomp,
0x01268F68,0x01269348,MANAGER,sub_01268F68,sceMpegDemuxPssRing,xff-symbol+reloc-jal,high,recomp,
0x01269348,0x01269368,MANAGER,sub_01269348,sceMpegDemuxPss,xff-symbol+reloc-jal,high,recomp,
0x01269368,0x01269498,MANAGER,sub_01269368,sceMpegAddStrCallback,xff-symbol+reloc-jal,high,recomp,
0x01269498,0x01269540,MANAGER,sub_01269498,_sceMpegType2id,xff-symbol,high,recomp,
0x01269540,0x01269550,MANAGER,sub_01269540,,reloc-jal,high,recomp,
0x01269550,0x012695F0,MANAGER,sub_01269550,_sceMpegStopIpuDma,xff-symbol+reloc-jal,high,recomp,
0x012695F0,0x012696B8,MANAGER,sub_012695F0,_sceMpegErrorBdec,xff-symbol+reloc-jal,high,recomp,
0x012696B8,0x0126970C,MANAGER,sub_012696B8,_sceMpegError,xff-symbol+reloc-j+reloc-jal,high,recomp,
0x01269710,0x01269750,MANAGER,sub_01269710,_sceMpegError1,xff-symbol+reloc-jal,high,recomp,
0x01269750,0x012698D8,MANAGER,sub_01269750,,reloc-jal,high,recomp,
0x012698D8,0x01269FE0,MANAGER,sub_012698D8,,reloc-jal,high,recomp,
0x01269FE0,0x0126A230,MANAGER,sub_01269FE0,,reloc-jal,high,recomp,
0x0126A230,0x0126A6B8,MANAGER,sub_0126A230,,reloc-jal,high,recomp,
0x0126A6B8,0x0126A8D8,MANAGER,sub_0126A6B8,,reloc-jal,high,recomp,
0x0126A8D8,0x0126AB18,MANAGER,sub_0126A8D8,_sceMpegPictureData0,xff-symbol+reloc-jal,high,recomp,
0x0126AB18,0x0126AE48,MANAGER,sub_0126AB18,,reloc-jal,high,recomp,
0x0126AE48,0x0126B270,MANAGER,sub_0126AE48,,reloc-jal+reloc-j,high,recomp,
0x0126B270,0x0126B410,MANAGER,sub_0126B270,,reloc-jal,high,recomp,
0x0126B410,0x0126B968,MANAGER,sub_0126B410,,reloc-jal,high,recomp,
0x0126B968,0x0126BAE0,MANAGER,sub_0126B968,_sceMpegMbAddressIncrement,xff-symbol+reloc-jal,high,recomp,
0x0126BAE0,0x0126BC48,MANAGER,sub_0126BAE0,_sceMpegWaitIpuIdle,xff-symbol+reloc-j,high,recomp,
0x0126BC48,0x0126BDC8,MANAGER,sub_0126BC48,_sceMpegWaitIpuIdle64,xff-symbol+reloc-jal,high,recomp,
0x0126BDC8,0x0126BEB0,MANAGER,sub_0126BDC8,_sceMpegNextBit,xff-symbol+reloc-jal,high,recomp,
0x0126BEB0,0x0126BF3C,MANAGER,sub_0126BEB0,_sceMpegPeepBit,xff-symbol+reloc-jal,high,recomp,
0x0126BF40,0x0126BFD4,MANAGER,sub_0126BF40,_sceMpegFlushBuf,xff-symbol+reloc-j,high,recomp,
0x0126BFD8,0x0126C010,MANAGER,sub_0126BFD8,,reloc-jal,high,recomp,
0x0126C010,0x0126C018,MANAGER,sub_0126C010,,reloc-jal,high,recomp,
0x0126C018,0x0126C0D8,MANAGER,sub_0126C018,,reloc-jal,high,recomp,
0x0126C0D8,0x0126C1C8,MANAGER,sub_0126C0D8,,reloc-j,medium,recomp,
0x0126C1C8,0x0126C270,MANAGER,sub_0126C1C8,,reloc-j,medium,recomp,
0x0126C270,0x0126C288,MANAGER,sub_0126C270,,reloc-la,high,recomp,
0x0126C288,0x0126C408,MANAGER,sub_0126C288,,reloc-jal,high,recomp,
0x0126C408,0x0126C480,MANAGER,sub_0126C408,,reloc-data-ptr,high,recomp,
0x0126C480,0x0126C518,MANAGER,sub_0126C480,,reloc-data-ptr,high,recomp,
0x0126C518,0x0126C5D0,MANAGER,sub_0126C518,,reloc-data-ptr,high,recomp,
0x0126C5D0,0x0126C6A0,MANAGER,sub_0126C5D0,,reloc-data-ptr,high,recomp,
0x0126C6A0,0x0126C750,MANAGER,sub_0126C6A0,,reloc-data-ptr,high,recomp,
0x0126C750,0x0126C808,MANAGER,sub_0126C750,,reloc-data-ptr,high,recomp,
0x0126C808,0x0126C900,MANAGER,sub_0126C808,,reloc-data-ptr,high,recomp,
0x0126C900,0x0126CA00,MANAGER,sub_0126C900,,reloc-data-ptr,high,recomp,
0x0126CA00,0x0126CAA0,MANAGER,sub_0126CA00,,reloc-data-ptr,high,recomp,
0x0126CAA0,0x0126CB50,MANAGER,sub_0126CAA0,,reloc-data-ptr,high,recomp,
0x0126CB50,0x0126CC30,MANAGER,sub_0126CB50,,reloc-data-ptr,high,recomp,
0x0126CC30,0x0126CD18,MANAGER,sub_0126CC30,,reloc-data-ptr,high,recomp,
0x0126CD18,0x0126CDF0,MANAGER,sub_0126CD18,,reloc-data-ptr,high,recomp,
0x0126CDF0,0x0126CEC0,MANAGER,sub_0126CDF0,,reloc-data-ptr,high,recomp,
0x0126CEC0,0x0126CFE0,MANAGER,sub_0126CEC0,,reloc-data-ptr,high,recomp,
0x0126CFE0,0x0126D0F8,MANAGER,sub_0126CFE0,,reloc-data-ptr,high,recomp,
0x0126D0F8,0x0126D198,MANAGER,sub_0126D0F8,,reloc-jal,high,recomp,
0x0126D198,0x0126D338,MANAGER,sub_0126D198,_sceMpegSliceA0,xff-symbol+reloc-jal,high,recomp,
0x0126D338,0x0126D650,MANAGER,sub_0126D338,,reloc-jal,high,recomp,
0x0126D650,0x0126D900,MANAGER,sub_0126D650,,reloc-jal,high,recomp,
0x0126D900,0x0126D9A0,MANAGER,sub_0126D900,,reloc-jal,high,recomp,
0x0126D9A0,0x0126DAE8,MANAGER,sub_0126D9A0,,reloc-jal,high,recomp,
0x0126DAE8,0x0126DC28,MANAGER,sub_0126DAE8,,ptr-table,medium,recomp,
0x0126DC28,0x0126DD10,MANAGER,sub_0126DC28,,ptr-table,medium,recomp,
0x0126DD10,0x0126DD20,MANAGER,sub_0126DD10,,ptr-table,medium,recomp,
0x0126DD20,0x0126DD30,MANAGER,sub_0126DD20,,ptr-table,medium,recomp,
0x0126DD30,0x0126DF18,MANAGER,sub_0126DD30,,ptr-table,medium,recomp,
0x0126DF18,0x0126DF28,MANAGER,sub_0126DF18,,ptr-table,medium,recomp,
0x0126DF28,0x0126DF38,MANAGER,sub_0126DF28,,ptr-table,medium,recomp,
0x0126DF38,0x0126E108,MANAGER,sub_0126DF38,,reloc-jal+reloc-j,high,recomp,
0x0126E108,0x0126E140,MANAGER,sub_0126E108,,reloc-jal,high,recomp,
0x0126E140,0x0126E148,MANAGER,sub_0126E140,,reloc-jal+reloc-j,high,recomp,
0x0126E148,0x0126E29C,MANAGER,sub_0126E148,_sceMpegNextHeader,xff-symbol+reloc-jal,high,recomp,
0x0126E2A0,0x0126E2A8,MANAGER,sub_0126E2A0,,reloc-jal,high,recomp,
0x0126E2A8,0x0126E2F8,MANAGER,sub_0126E2A8,,reloc-jal,high,recomp,
0x0126E2F8,0x0126E388,MANAGER,sub_0126E2F8,,ptr-table,medium,recomp,
0x0126E388,0x0126E420,MANAGER,sub_0126E388,,ptr-table,medium,recomp,
0x0126E420,0x0126E518,MANAGER,sub_0126E420,,ptr-table,medium,recomp,
0x0126E518,0x0126E590,MANAGER,sub_0126E518,,reloc-jal,high,recomp,
0x0126E590,0x0126E608,MANAGER,sub_0126E590,,reloc-jal+reloc-j,high,recomp,
0x0126E608,0x0126E6EC,MANAGER,sub_0126E608,sceIpuStopDMA,xff-symbol+reloc-jal,high,recomp,
0x0126E6F0,0x0126E840,MANAGER,sub_0126E6F0,sceIpuRestartDMA,xff-symbol+reloc-jal,high,recomp,
0x0126E840,0x0126E8A8,MANAGER,sub_0126E840,sceIpuSync,xff-symbol+reloc-j,high,recomp,
0x0126E8A8,0x0126E920,MANAGER,sub_0126E8A8,,reloc-jal,high,recomp,
0x0126E920,0x0126EB58,MANAGER,sub_0126E920,sceIpuInit,xff-symbol+reloc-jal,high,recomp,
0x0126EB58,0x0126EC14,MANAGER,sub_0126EB58,sceCdReadClock,xff-symbol+reloc-jal,high,recomp,
0x0134AC08,0x0134ADF0,GAMECORE,sub_0134AC08,ResetCharacterObj,xff-symbol+reloc-jal+reloc-j,high,recomp,
0x0134ADF0,0x0134CA78,GAMECORE,sub_0134ADF0,,after-named,medium,recomp,
0x0134CA78,0x0134CC90,GAMECORE,sub_0134CA78,DebugGetGlobalDiffWith2ndController,xff-symbol+reloc-jal,high,recomp,
0x0134CC90,0x0134CEA4,GAMECORE,sub_0134CC90,DebugGlobalMoveWith1stController,xff-symbol+reloc-jal,high,recomp,
0x0134CEA8,0x0134CF18,GAMECORE,sub_0134CEA8,DebugPrintf3D_Context,xff-symbol,high,recomp,
0x0134CF18,0x0134CFD4,GAMECORE,sub_0134CF18,DebugPrintf3D,xff-symbol,high,recomp,
0x0134CFD8,0x0134D2B0,GAMECORE,sub_0134CFD8,disphalfarc,xff-symbol+reloc-jal,high,recomp,
0x0134D2B0,0x0134D98C,GAMECORE,sub_0134D2B0,disphalfarcpillar,xff-symbol,high,recomp,
0x0134D990,0x0134DE68,GAMECORE,sub_0134D990,,reloc-jal,high,recomp,
0x0134DE68,0x0134F430,GAMECORE,sub_0134DE68,,reloc-jal,high,recomp,
0x0134F430,0x0134F640,GAMECORE,sub_0134F430,,reloc-jal,high,recomp,
0x0134F640,0x0134FA14,GAMECORE,sub_0134F640,DebugSnapShot,xff-symbol,high,recomp,
0x0134FA18,0x0134FB40,GAMECORE,sub_0134FA18,,reloc-la,high,recomp,
0x0134FB40,0x0134FCB0,GAMECORE,sub_0134FB40,,reloc-jal,high,recomp,
0x0134FCB0,0x0134FE28,GAMECORE,sub_0134FCB0,,reloc-jal,high,recomp,
0x0134FE28,0x01350548,GAMECORE,sub_0134FE28,,reloc-jal,high,recomp,
0x01350548,0x013506DC,GAMECORE,sub_01350548,DebugSetHorsePositionWithTargetOfs,xff-symbol+reloc-j,high,recomp,
0x013506E0,0x01351028,GAMECORE,sub_013506E0,,reloc-la,high,recomp,
0x01351028,0x01351C30,GAMECORE,sub_01351028,,reloc-jal,high,recomp,
0x01351C30,0x01351D08,GAMECORE,sub_01351C30,DebugControl,xff-symbol+reloc-jal,high,recomp,
0x01351D08,0x01351D74,GAMECORE,sub_01351D08,DebugGlobalMoveWith2ndController,xff-symbol+reloc-la+reloc-jal+reloc-j,high,recomp,
0x01351D78,0x01351E20,GAMECORE,sub_01351D78,DebugDispItem,xff-symbol,high,recomp,
0x01351E20,0x01351E74,GAMECORE,sub_01351E20,DebugDispPosition,xff-symbol,high,recomp,
0x01351E78,0x01351EC4,GAMECORE,sub_01351E78,DebugDispPositionColor,xff-symbol,high,recomp,
0x01351EC8,0x01351EE4,GAMECORE,sub_01351EC8,DebugDispTargetStatusForce,xff-symbol,high,recomp,
0x01351EE8,0x01351F20,GAMECORE,sub_01351EE8,DebugPrintf3D_InitContext,xff-symbol,high,recomp,
0x01351F20,0x01352054,GAMECORE,sub_01351F20,DebugSetObjectGeometry,xff-symbol+reloc-jal,high,recomp,
0x01352058,0x01352064,GAMECORE,sub_01352058,DebugGetMutekiMode,xff-symbol,high,recomp,
0x01352068,0x01352190,GAMECORE,sub_01352068,SetObjectGeo,xff-symbol+reloc-jal,high,recomp,
0x01352190,0x013522B4,GAMECORE,sub_01352190,SetObjectGeoAndUnparent,xff-symbol+reloc-jal,high,recomp,
0x013522B8,0x01352300,GAMECORE,sub_013522B8,DebugIsPlayer,xff-symbol,high,recomp,
0x01352300,0x01352398,GAMECORE,sub_01352300,DebugFindPlayer,xff-symbol+reloc-jal,high,recomp,
0x01352398,0x013523A4,GAMECORE,sub_01352398,getForceMemoryAllocSize,xff-symbol,high,recomp,
0x013523A8,0x0135243C,GAMECORE,sub_013523A8,forceMemoryAlloc,xff-symbol,high,recomp,
0x01352440,0x0135244C,GAMECORE,sub_01352440,getStatusMode,xff-symbol,high,recomp,
0x01352450,0x0135245C,GAMECORE,sub_01352450,getDispCollisionPerfFlag,xff-symbol,high,recomp,
0x01352460,0x0135246C,GAMECORE,sub_01352460,getPrintfPerfWarning,xff-symbol,high,recomp,
0x01352470,0x013524A0,GAMECORE,sub_01352470,ResetObject,xff-symbol+reloc-jal,high,recomp,
0x013524A0,0x013524AC,GAMECORE,sub_013524A0,is_disp_debug_object_info,xff-symbol,high,recomp,
0x013524B0,0x013524BC,GAMECORE,sub_013524B0,getCollisionDispMode,xff-symbol,high,recomp,
0x013524C0,0x013524CC,GAMECORE,sub_013524C0,getGetMutekiMode,xff-symbol,high,recomp,
0x013524D0,0x013524DC,GAMECORE,sub_013524D0,getPlayerPowerDisp,xff-symbol,high,recomp,
0x013524E0,0x013524EC,GAMECORE,sub_013524E0,getPlayerPowerMax,xff-symbol,high,recomp,
0x013524F0,0x013524FC,GAMECORE,sub_013524F0,getGripCalcCancelMode,xff-symbol,high,recomp,
0x01352500,0x01352550,GAMECORE,sub_01352500,,reloc-la,high,recomp,
0x01352550,0x01352658,GAMECORE,sub_01352550,dispgpinfo,xff-symbol,high,recomp,
0x01352658,0x01352664,GAMECORE,sub_01352658,getSnapShotSize,xff-symbol,high,recomp,
0x01352668,0x01352674,GAMECORE,sub_01352668,getSnapShotFormat,xff-symbol,high,recomp,
0x01352678,0x01352684,GAMECORE,sub_01352678,getSnapShotNum,xff-symbol,high,recomp,
0x01352688,0x01352694,GAMECORE,sub_01352688,getSnapShotRotation,xff-symbol,high,recomp,
0x01352698,0x013526A4,GAMECORE,sub_01352698,getSnapShotAspect,xff-symbol,high,recomp,
0x013526A8,0x013526B4,GAMECORE,sub_013526A8,getDebugSnapShotSizeX,xff-symbol,high,recomp,
0x013526B8,0x01352790,GAMECORE,sub_013526B8,DebugDispMotionTurnRequest,xff-symbol,high,recomp,
0x01352790,0x0135279C,GAMECORE,sub_01352790,getFreezeBossFlag,xff-symbol,high,recomp,
0x013527A0,0x01352840,GAMECORE,sub_013527A0,setFreezeBossFlag,xff-symbol,high,recomp,
0x01352840,0x013528B0,GAMECORE,sub_01352840,,reloc-jal,high,recomp,
0x013528B0,0x013528EC,GAMECORE,sub_013528B0,camdebug_for_new_camera,xff-symbol,high,recomp,
0x013528F0,0x01352950,GAMECORE,sub_013528F0,camdebug_for_monitortest,xff-symbol,high,recomp,
0x01352950,0x0135295C,GAMECORE,sub_01352950,getDispGpsMarker,xff-symbol,high,recomp,
0x01352960,0x0135296C,GAMECORE,sub_01352960,getGpsGridWidth,xff-symbol,high,recomp,
0x01352970,0x013529EC,GAMECORE,sub_01352970,createDebugSubThreads,xff-symbol,high,recomp,
0x013529F0,0x01352AA8,GAMECORE,sub_013529F0,,reloc-la,high,recomp,
0x01352AA8,0x01352BC8,GAMECORE,sub_01352AA8,DebugGetCameraWithPursue2,xff-symbol+reloc-jal,high,recomp,
0x01352BC8,0x01352C30,GAMECORE,sub_01352BC8,,reloc-la,high,recomp,
0x01352C30,0x01352E30,GAMECORE,sub_01352C30,GAMEUTIL_get_boss_interest_position,xff-symbol+reloc-jal,high,recomp,
0x01352E30,0x01353270,GAMECORE,sub_01352E30,GAMEUTIL_doit_look_at_vs_offset_vec,xff-symbol+reloc-jal,high,recomp,
0x01353270,0x013533D0,GAMECORE,sub_01353270,GAMEUTIL_set_col_plane_info,xff-symbol+reloc-j,high,recomp,
0x013533D0,0x013535B0,GAMECORE,sub_013533D0,GAMEUTIL_disp_col_plane_info_debug,xff-symbol+reloc-jal,high,recomp,
0x013535B0,0x01353784,GAMECORE,sub_013535B0,GAMEUTIL_doit_col_plane_info_filter,xff-symbol+reloc-jal,high,recomp,
0x01353788,0x01353790,GAMECORE,sub_01353788,convert_from_button_value_to_bool,xff-symbol,high,recomp,
0x01353790,0x01353864,GAMECORE,sub_01353790,convert_from_slide_bar_value_to_ratio,xff-symbol,high,recomp,
0x01353868,0x01353874,GAMECORE,sub_01353868,GAMEUTIL_set_sight_on_reverse_cntrlLR,xff-symbol,high,recomp,
0x01353878,0x01353884,GAMECORE,sub_01353878,GAMEUTIL_get_sight_on_reverse_cntrlLR_int,xff-symbol,high,recomp,
0x01353888,0x01353898,GAMECORE,sub_01353888,GAMEUTIL_get_sight_on_reverse_cntrlLR_bool,xff-symbol+reloc-jal,high,recomp,
0x01353898,0x013538A4,GAMECORE,sub_01353898,GAMEUTIL_set_sight_on_reverse_cntrlUD,xff-symbol,high,recomp,
0x013538A8,0x013538B4,GAMECORE,sub_013538A8,GAMEUTIL_get_sight_on_reverse_cntrlUD_int,xff-symbol,high,recomp,
0x013538B8,0x013538C8,GAMECORE,sub_013538B8,GAMEUTIL_get_sight_on_reverse_cntrlUD_bool,xff-symbol+reloc-jal,high,recomp,
0x013538C8,0x013538D4,GAMECORE,sub_013538C8,GAMEUTIL_set_sight_on_angle_vel_ratio,xff-symbol,high,recomp,
0x013538D8,0x013538E4,GAMECORE,sub_013538D8,GAMEUTIL_get_sight_on_angle_vel_ratio_int,xff-symbol,high,recomp,
0x013538E8,0x01353994,GAMECORE,sub_013538E8,GAMEUTIL_get_sight_on_angle_vel_ratio_float,xff-symbol+reloc-jal,high,recomp,
0x01353998,0x013539A4,GAMECORE,sub_01353998,GAMEUTIL_set_game_camera_free_mode_reverse_cntrlLR,xff-symbol,high,recomp,
0x013539A8,0x013539B4,GAMECORE,sub_013539A8,GAMEUTIL_get_game_camera_free_mode_reverse_cntrlLR_int,xff-symbol,high,recomp,
0x013539B8,0x013539C8,GAMECORE,sub_013539B8,GAMEUTIL_get_game_camera_free_mode_reverse_cntrlLR_bool,xff-symbol+reloc-jal,high,recomp,
0x013539C8,0x013539D4,GAMECORE,sub_013539C8,GAMEUTIL_set_game_camera_free_mode_reverse_cntrlUD,xff-symbol,high,recomp,
0x013539D8,0x013539E4,GAMECORE,sub_013539D8,GAMEUTIL_get_game_camera_free_mode_reverse_cntrlUD_int,xff-symbol,high,recomp,
0x013539E8,0x013539F8,GAMECORE,sub_013539E8,GAMEUTIL_get_game_camera_free_mode_reverse_cntrlUD_bool,xff-symbol+reloc-jal,high,recomp,
0x013539F8,0x01353A04,GAMECORE,sub_013539F8,GAMEUTIL_set_game_camera_free_mode_angle_vel_ratio,xff-symbol,high,recomp,
0x01353A08,0x01353A14,GAMECORE,sub_01353A08,GAMEUTIL_get_game_camera_free_mode_angle_vel_ratio_int,xff-symbol,high,recomp,
0x01353A18,0x01353AC4,GAMECORE,sub_01353A18,GAMEUTIL_get_game_camera_free_mode_angle_vel_ratio_float,xff-symbol+reloc-jal,high,recomp,
0x01353AC8,0x01353B14,GAMECORE,sub_01353AC8,GAMEUTIL_get_first_obj,xff-symbol+reloc-j+reloc-jal,high,recomp,
0x01353B18,0x01353B88,GAMECORE,sub_01353B18,GAMEUTIL_get_camera_target_look_at_position,xff-symbol+reloc-jal,high,recomp,
0x01353B88,0x01353BE8,GAMECORE,sub_01353B88,GAMEUTIL_get_obj_from_stagelayout_sheet,xff-symbol+reloc-jal+reloc-j,high,recomp,
0x01353BE8,0x01353C40,GAMECORE,sub_01353BE8,GAMEUTIL_get_object_scale,xff-symbol+reloc-jal,high,recomp,
0x01353C40,0x01353CC8,GAMECORE,sub_01353C40,GAMEUTIL_is_push_or_down_1p_button,xff-symbol+reloc-jal,high,recomp,
0x01353CC8,0x01353CEC,GAMECORE,sub_01353CC8,GAMEUTIL_get_1p_left_analog_input,xff-symbol+reloc-jal,high,recomp,
0x01353CF0,0x01353D58,GAMECORE,sub_01353CF0,GAMEUTIL_get_1p_left_analog_input_extend,xff-symbol+reloc-j+reloc-jal,high,recomp,
0x01353D58,0x01353DA4,GAMECORE,sub_01353D58,GAMEUTIL_get_1p_right_analog_input,xff-symbol+reloc-jal,high,recomp,
0x01353DA8,0x01353E24,GAMECORE,sub_01353DA8,GAMEUTIL_is_overtake_aim_position,xff-symbol,high,recomp,
0x01353E28,0x01353EA4,GAMECORE,sub_01353E28,GAMEUTIL_is_advance_near_dir_to_aim_position,xff-symbol,high,recomp,
0x01353EA8,0x01353EE4,GAMECORE,sub_01353EA8,GAMEUTIL_get_character_type,xff-symbol+reloc-jal,high,recomp,
0x01353EE8,0x01353F5C,GAMECORE,sub_01353EE8,GAMEUTIL_get_object_move_noise,xff-symbol+reloc-jal,high,recomp,
0x01353F60,0x01353FD4,GAMECORE,sub_01353F60,GAMEUTIL_get_object_move_noise_square,xff-symbol+reloc-jal,high,recomp,
0x01353FD8,0x01354044,GAMECORE,sub_01353FD8,GAMEUTIL_is_swimming_now,xff-symbol+reloc-jal+reloc-j,high,recomp,
0x01354048,0x013540D0,GAMECORE,sub_01354048,GAMEUTIL_is_floating_now,xff-symbol+reloc-jal,high,recomp,
0x013540D0,0x013540FC,GAMECORE,sub_013540D0,GAMEUTIL_is_sign_change,xff-symbol,high,recomp,
0x01354100,0x01354154,GAMECORE,sub_01354100,GAMEUTIL_get_add_cur_stage_ofst_position,xff-symbol+reloc-jal,high,recomp,
0x01354158,0x013541AC,GAMECORE,sub_01354158,GAMEUTIL_get_player_obj,xff-symbol+reloc-jal,high,recomp,
0x013541B0,0x013541F4,GAMECORE,sub_013541B0,GAMEUTIL_is_player_obj,xff-symbol+reloc-jal,high,recomp,
0x013541F8,0x013542BC,GAMECORE,sub_013541F8,GAMEUTIL_is_player_obj_standing_on_horse,xff-symbol+reloc-jal,high,recomp,
0x013542C0,0x01354354,GAMECORE,sub_013542C0,GAMEUTIL_get_weapon_release_position_of_player_obj,xff-symbol,high,recomp,
0x01354358,0x0135445C,GAMECORE,sub_01354358,GAMEUTIL_get_player_look_around_direction,xff-symbol+reloc-jal,high,recomp,
0x01354460,0x013544B4,GAMECORE,sub_01354460,GAMEUTIL_get_horse_obj,xff-symbol+reloc-jal,high,recomp,
0x013544B8,0x013544FC,GAMECORE,sub_013544B8,GAMEUTIL_is_horse_obj,xff-symbol+reloc-jal,high,recomp,
0x01354500,0x0135453C,GAMECORE,sub_01354500,GAMEUTIL_get_riding_horse_object,xff-symbol+reloc-jal,high,recomp,
0x01354540,0x013545F4,GAMECORE,sub_01354540,GAMEUTIL_is_horse_obj_contact_ground,xff-symbol+reloc-jal,high,recomp,
0x013545F8,0x013546F8,GAMECORE,sub_013545F8,GAMEUTIL_get_horse_move_status,xff-symbol+reloc-jal,high,recomp,
0x013546F8,0x0135474C,GAMECORE,sub_013546F8,GAMEUTIL_get_boss_obj,xff-symbol+reloc-jal+reloc-j,high,recomp,
0x01354750,0x0135480C,GAMECORE,sub_01354750,GAMEUTIL_is_boss_obj,xff-symbol+reloc-jal,high,recomp,
0x01354810,0x01354850,GAMECORE,sub_01354810,GAMEUTIL_is_parent_collision_attribute_boss,xff-symbol,high,recomp,
0x01354850,0x01354870,GAMECORE,sub_01354850,GAMEUTIL_is_boss_booting,xff-symbol+reloc-jal,high,recomp,
0x01354870,0x0135487C,GAMECORE,sub_01354870,GAMEUTIL_set_auto_get_flag_boss_interest_position,xff-symbol+reloc-jal+reloc-j,high,recomp,
0x01354880,0x01354894,GAMECORE,sub_01354880,GAMEUTIL_set_custom_boss_interest_position,xff-symbol+reloc-jal,high,recomp,
0x01354898,0x0135499C,GAMECORE,sub_01354898,GAMEUTIL_is_boss_battle_area,xff-symbol,high,recomp,
0x013549A0,0x01354A18,GAMECORE,sub_013549A0,GAMEUTIL_constructor_move_angle,xff-symbol+reloc-jal,high,recomp,
0x01354A18,0x01354A20,GAMECORE,sub_01354A18,GAMEUTIL_reset_move_angle,xff-symbol+reloc-jal,high,recomp,
0x01354A20,0x01354A5C,GAMECORE,sub_01354A20,GAMEUTIL_set_parameter_move_angle,xff-symbol+reloc-j,high,recomp,
0x01354A60,0x01354A68,GAMECORE,sub_01354A60,GAMEUTIL_begin_move_angle,xff-symbol+reloc-jal+reloc-j,high,recomp,
0x01354A68,0x01354B54,GAMECORE,sub_01354A68,GAMEUTIL_update_and_get_move_angle,xff-symbol+reloc-jal,high,recomp,
0x01354B58,0x01354B60,GAMECORE,sub_01354B58,GAMEUTIL_get_cur_velocity_move_angle,xff-symbol+reloc-jal,high,recomp,
0x01354B60,0x01354C00,GAMECORE,sub_01354B60,GAMEUTIL_constructor_look_at_vs_offset,xff-symbol+reloc-jal,high,recomp,
0x01354C00,0x01354C30,GAMECORE,sub_01354C00,GAMEUTIL_set_parameter_look_at_vs_offset,xff-symbol+reloc-jal,high,recomp,
0x01354C30,0x01354C38,GAMECORE,sub_01354C30,GAMEUTIL_set_need_dir_ratio_flag_look_at_vs_offset,xff-symbol+reloc-jal,high,recomp,
0x01354C38,0x01354C40,GAMECORE,sub_01354C38,GAMEUTIL_set_enable_side_change_angle_look_at_vs_offset,xff-symbol+reloc-jal,high,recomp,
0x01354C40,0x01354CD4,GAMECORE,sub_01354C40,GAMEUTIL_reset_look_at_vs_offset,xff-symbol+reloc-j,high,recomp,
0x01354CD8,0x01354D28,GAMECORE,sub_01354CD8,GAMEUTIL_doit_look_at_vs_offset,xff-symbol+reloc-jal,high,recomp,
0x01354D28,0x01354D68,GAMECORE,sub_01354D28,GAMEUTIL_constructor_col_plane_info,xff-symbol+reloc-jal+reloc-j,high,recomp,
0x01354D68,0x01354D84,GAMECORE,sub_01354D68,GAMEUTIL_constructor_col_plane_info_filter,xff-symbol+reloc-jal+reloc-j,high,recomp,
0x01354D88,0x01354DEC,GAMECORE,sub_01354D88,GAMEUTIL_init_col_plane_info_filter,xff-symbol+reloc-j,high,recomp,
0x01354DF0,0x01354DFC,GAMECORE,sub_01354DF0,GAMEUTIL_set_parameter_col_plane_info_filter,xff-symbol+reloc-j+reloc-jal,high,recomp,
0x01354E00,0x01354EF8,GAMECORE,sub_01354E00,GAMEUTIL_disp_col_plane_info_filter_debug,xff-symbol,high,recomp,
0x01354EF8,0x01354F2C,GAMECORE,sub_01354EF8,GAMEUTIL_constructor_position_filter,xff-symbol+reloc-jal,high,recomp,
0x01354F30,0x01354F4C,GAMECORE,sub_01354F30,GAMEUTIL_reset_position_filter,xff-symbol+reloc-jal,high,recomp,
0x01354F50,0x01354F58,GAMECORE,sub_01354F50,GAMEUTIL_set_parameter_position_filter,xff-symbol+reloc-j+reloc-jal,high,recomp,
0x01354F58,0x01354FB4,GAMECORE,sub_01354F58,GAMEUTIL_doit_position_filter,xff-symbol+reloc-jal,high,recomp,
0x01354FB8,0x01355004,GAMECORE,sub_01354FB8,GAMEUTIL_reset_collision_info,xff-symbol+reloc-jal,high,recomp,
0x01355008,0x01355040,GAMECORE,sub_01355008,GAMEUTIL_set_data_by_point_collision_info,xff-symbol,high,recomp,
0x01355040,0x013550F4,GAMECORE,sub_01355040,GAMEUTIL_set_data_by_dynamics_collision_info,xff-symbol+reloc-jal,high,recomp,
0x013550F8,0x0135510C,GAMECORE,sub_013550F8,GAMEUTIL_constructor_record_info,xff-symbol,high,recomp,
0x01355110,0x01355154,GAMECORE,sub_01355110,GAMEUTIL_destructor_record_info,xff-symbol+reloc-j,high,recomp,
0x01355158,0x013551EC,GAMECORE,sub_01355158,GAMEUTIL_init_record_info,xff-symbol+reloc-j,high,recomp,
0x013551F0,0x013551F8,GAMECORE,sub_013551F0,GAMEUTIL_reset_record_info,xff-symbol,high,recomp,
0x013551F8,0x013552CC,GAMECORE,sub_013551F8,GAMEUTIL_add_data_record_info,xff-symbol+reloc-jal,high,recomp,
0x013552D0,0x01355308,GAMECORE,sub_013552D0,GAMEUTIL_get_data_record_info,xff-symbol+reloc-jal,high,recomp,
0x01355308,0x0135531C,GAMECORE,sub_01355308,GAMEUTIL_reset_status_manager,xff-symbol+reloc-jal+reloc-j,high,recomp,
0x01355320,0x01355368,GAMECORE,sub_01355320,GAMEUTIL_doit_status_manager,xff-symbol+reloc-j+reloc-jal,high,recomp,
0x01355368,0x01355370,GAMECORE,sub_01355368,GAMEUTIL_reset_status_continue_time_status_manager,xff-symbol,high,recomp,
0x01355370,0x01355390,GAMECORE,sub_01355370,GAMEUTIL_is_status_change_status_manager,xff-symbol+reloc-jal,high,recomp,
0x01355390,0x01355398,GAMECORE,sub_01355390,GAMEUTIL_get_status_continue_time_status_manager,xff-symbol+reloc-jal,high,recomp,
0x01355398,0x013553A0,GAMECORE,sub_01355398,GAMEUTIL_get_cur_status_status_manager,xff-symbol+reloc-jal+reloc-j,high,recomp,
0x013553A0,0x013553A8,GAMECORE,sub_013553A0,GAMEUTIL_get_pre_status_status_manager,xff-symbol+reloc-jal,high,recomp,
0x013553A8,0x013553B0,GAMECORE,sub_013553A8,GAMEUTIL_get_pre_changed_status_status_manager,xff-symbol+reloc-j,high,recomp,
0x013553B0,0x013553BC,GAMECORE,sub_013553B0,getSightOnRevCntrlLR,xff-symbol+reloc-jal,high,recomp,
0x013553C0,0x013553CC,GAMECORE,sub_013553C0,getSightOnRevCntrlUD,xff-symbol+reloc-jal,high,recomp,
0x013553D0,0x013553DC,GAMECORE,sub_013553D0,getSightOnAngleVelRatio,xff-symbol,high,recomp,
0x013553E0,0x013553EC,GAMECORE,sub_013553E0,getFreeModeRevControlLR,xff-symbol+reloc-jal,high,recomp,
0x013553F0,0x013553FC,GAMECORE,sub_013553F0,getFreeModeRevControlUD,xff-symbol+reloc-jal,high,recomp,
0x01355400,0x0135540C,GAMECORE,sub_01355400,getFreeModeRevAngleVelRatio,xff-symbol+reloc-jal,high,recomp,
0x01355410,0x013554D0,GAMECORE,sub_01355410,,reloc-jal,high,recomp,
0x013554D0,0x01355508,GAMECORE,sub_013554D0,gamecore,xff-symbol,high,recomp,
0x01355508,0x01355608,GAMECORE,sub_01355508,,reloc-jal,high,recomp,
0x01355608,0x01355870,GAMECORE,sub_01355608,,reloc-jal,high,recomp,
0x01355870,0x01355B48,GAMECORE,sub_01355870,,reloc-la,high,recomp,
0x01355B48,0x01355BA8,GAMECORE,sub_01355B48,st_defaultAI,xff-symbol+reloc-la,high,recomp,
0x01355BA8,0x01355C30,GAMECORE,sub_01355BA8,testGetCamPos,xff-symbol+reloc-jal,high,recomp,
0x01355C30,0x01355CA8,GAMECORE,sub_01355C30,nico_kimurateststart,xff-symbol,high,recomp,
0x01355CA8,0x01355D40,GAMECORE,sub_01355CA8,,reloc-la,high,recomp,
0x01355D40,0x01355DE0,GAMECORE,sub_01355D40,nico_clothdrive,xff-symbol,high,recomp,
0x01355DE0,0x01355E10,GAMECORE,sub_01355DE0,nico_individualClothOverSurfDetectFunc,xff-symbol,high,recomp,
0x01355E10,0x01355E58,GAMECORE,sub_01355E10,,reloc-la,high,recomp,
0x01355E58,0x01355ED8,GAMECORE,sub_01355E58,,reloc-la,high,recomp,
0x01355ED8,0x01355EE4,GAMECORE,sub_01355ED8,getCullingScreenSize,xff-symbol,high,recomp,
0x01355EE8,0x01355EF4,GAMECORE,sub_01355EE8,getScissoringScreenSize,xff-symbol,high,recomp,
0x01355EF8,0x01355F04,GAMECORE,sub_01355EF8,getPlayerAliveInPauseFlag,xff-symbol,high,recomp,
0x01355F08,0x01355FB0,GAMECORE,sub_01355F08,,reloc-la,high,recomp,
0x01355FB0,0x01355FE0,GAMECORE,sub_01355FB0,,reloc-la,high,recomp,
0x01355FE0,0x01355FF8,GAMECORE,sub_01355FE0,nico_defaultAI,xff-symbol+reloc-la,high,recomp,
0x01355FF8,0x01356010,GAMECORE,sub_01355FF8,nico_volatileDefaultAI,xff-symbol,high,recomp,
0x01356010,0x0135602C,GAMECORE,sub_01356010,nico_deleteMyself,xff-symbol,high,recomp,
0x01356030,0x01356058,GAMECORE,sub_01356030,nico_ResetScriptCtrlAI,xff-symbol,high,recomp,
0x01356058,0x013560A8,GAMECORE,sub_01356058,,reloc-la,high,recomp,
0x013560A8,0x013560D8,GAMECORE,sub_013560A8,,reloc-la,high,recomp,
0x013560D8,0x01356118,GAMECORE,sub_013560D8,,reloc-la,high,recomp,
0x01356118,0x01356154,GAMECORE,sub_01356118,initgcchartest,xff-symbol+reloc-jal,high,recomp,
0x01356158,0x013561E8,GAMECORE,sub_01356158,,reloc-jal,high,recomp,
0x013561E8,0x01356200,GAMECORE,sub_013561E8,,reloc-la,high,recomp,
0x01356200,0x01356340,GAMECORE,sub_01356200,,reloc-jal,high,recomp,
0x01356340,0x013565A8,GAMECORE,sub_01356340,,reloc-j+reloc-jal,medium,recomp,
0x013565A8,0x01356658,GAMECORE,sub_013565A8,,reloc-jal,high,recomp,
0x01356658,0x01356760,GAMECORE,sub_01356658,,reloc-jal,high,recomp,
0x01356760,0x01356820,GAMECORE,sub_01356760,,reloc-j,medium,recomp,
0x01356820,0x01356988,GAMECORE,sub_01356820,,reloc-jal,high,recomp,
0x01356988,0x01356AF0,GAMECORE,sub_01356988,initgc,xff-symbol+reloc-jal,high,recomp,
0x01356AF0,0x01356B18,GAMECORE,sub_01356AF0,PauseGame,xff-symbol+reloc-jal+reloc-j,high,recomp,
0x01356B18,0x01356B34,GAMECORE,sub_01356B18,ReleaseGame,xff-symbol+reloc-jal+reloc-j,high,recomp,
0x01356B38,0x01356B54,GAMECORE,sub_01356B38,ChangeGameTimeScale,xff-symbol,high,recomp,
0x01356B58,0x01356B74,GAMECORE,sub_01356B58,ChangeGameTimeScaleRatio,xff-symbol+reloc-j,high,recomp,
0x01356B78,0x01356B84,GAMECORE,sub_01356B78,GetGameTimeScaleRatio,xff-symbol+reloc-jal,high,recomp,
0x01356B88,0x01356B98,GAMECORE,sub_01356B88,PauseAI,xff-symbol,high,recomp,
0x01356B98,0x01356BA4,GAMECORE,sub_01356B98,ReleaseAI,xff-symbol,high,recomp,
0x01356BA8,0x01356BB0,GAMECORE,sub_01356BA8,SwitchPadAct,xff-symbol,high,recomp,
0x01356BB0,0x01356BCC,GAMECORE,sub_01356BB0,gcCreateScriptObj,xff-symbol+reloc-jal+reloc-j,high,recomp,
0x01356BD0,0x01356BEC,GAMECORE,sub_01356BD0,_gcCreateChildScriptObj,xff-symbol+reloc-jal+reloc-j,high,recomp,
0x01356BF0,0x01356C90,GAMECORE,sub_01356BF0,ChangeGameAnimeTimeScaleRatio,xff-symbol+reloc-j+reloc-jal,high,recomp,
0x01356C90,0x01356C9C,GAMECORE,sub_01356C90,GetCurrentGameAnimeTimeScaleRatio,xff-symbol+reloc-jal,high,recomp,
0x01356CA0,0x01356CAC,GAMECORE,sub_01356CA0,GetGameAnimeTimeScaleRatio,xff-symbol+reloc-jal,high,recomp,
0x01356CB0,0x01356CBC,GAMECORE,sub_01356CB0,GetPlayerControlButtonContext,xff-symbol+reloc-jal,high,recomp,
0x01356CC0,0x01356CCC,GAMECORE,sub_01356CC0,getGameAnimeTimeScaleRatio,xff-symbol,high,recomp,
0x01356CD0,0x01356CE8,GAMECORE,sub_01356CD0,RestoreDefaultGameAnimeTimeScaleRatio,xff-symbol+reloc-jal,high,recomp,
0x01356CE8,0x01356CF4,GAMECORE,sub_01356CE8,SetDefaultGameAnimeTimeScaleRatio,xff-symbol+reloc-jal,high,recomp,
0x01356CF8,0x01356D18,GAMECORE,sub_01356CF8,setGameAnimeTimeScaleRatio,xff-symbol,high,recomp,
0x01356D18,0x01356D24,GAMECORE,sub_01356D18,getDummyCount,xff-symbol,high,recomp,
0x01356D28,0x01356D34,GAMECORE,sub_01356D28,getFrameRateMode,xff-symbol,high,recomp,
0x01356D38,0x01356D6C,GAMECORE,sub_01356D38,setFrameRateMode,xff-symbol,high,recomp,
0x01356D70,0x01356DB8,GAMECORE,sub_01356D70,,reloc-la,high,recomp,
0x01356DB8,0x01356E08,GAMECORE,sub_01356DB8,,reloc-la,high,recomp,
0x01356E08,0x01356E58,GAMECORE,sub_01356E08,,reloc-la,high,recomp,
0x01356E58,0x01356E80,GAMECORE,sub_01356E58,,reloc-la,high,recomp,
0x01356E80,0x01356EE4,GAMECORE,sub_01356E80,setDefaultPlayerControlButton,xff-symbol,high,recomp,
0x01356EE8,0x01356F70,GAMECORE,sub_01356EE8,,reloc-j,medium,recomp,
0x01356F70,0x01357030,GAMECORE,sub_01356F70,initgcmaingp,xff-symbol+reloc-jal,high,recomp,
0x01357030,0x0135703C,GAMECORE,sub_01357030,setLayerFade,xff-symbol+reloc-jal,high,recomp,
0x01357040,0x01357060,GAMECORE,sub_01357040,setFade,xff-symbol+reloc-jal,high,recomp,
0x01357060,0x0135707C,GAMECORE,sub_01357060,getFade,xff-symbol+reloc-jal,high,recomp,
0x01357080,0x0135708C,GAMECORE,sub_01357080,getFadeValue,xff-symbol+reloc-jal,high,recomp,
0x01357090,0x0135709C,GAMECORE,sub_01357090,setFadeValue,xff-symbol+reloc-j,high,recomp,
0x013570A0,0x013570AC,GAMECORE,sub_013570A0,getDemoBarSw,xff-symbol,high,recomp,
0x013570B0,0x01357150,GAMECORE,sub_013570B0,setDemoBar,xff-symbol+reloc-jal,high,recomp,
0x01357150,0x0135716C,GAMECORE,sub_01357150,getDemoBar,xff-symbol,high,recomp,
0x01357170,0x01357188,GAMECORE,sub_01357170,getDemoBarFade,xff-symbol+reloc-jal,high,recomp,
0x01357188,0x013571D8,GAMECORE,sub_01357188,,reloc-la,high,recomp,
0x013571D8,0x01357240,GAMECORE,sub_013571D8,,reloc-la,high,recomp,
0x01357240,0x01357290,GAMECORE,sub_01357240,,reloc-la,high,recomp,
0x01357290,0x013572C8,GAMECORE,sub_01357290,,reloc-la,high,recomp,
0x013572C8,0x01357304,GAMECORE,sub_013572C8,initgcmain,xff-symbol+reloc-jal,high,recomp,
0x01357308,0x01357330,GAMECORE,sub_01357308,,reloc-la,high,recomp,
0x01357330,0x013574BC,GAMECORE,sub_01357330,constructor_nico_yaw_pitch_cntrl,xff-symbol+reloc-jal+reloc-j,high,recomp,
0x013574C0,0x01357688,GAMECORE,sub_013574C0,,reloc-jal,high,recomp,
0x01357688,0x01357840,GAMECORE,sub_01357688,,reloc-jal,high,recomp,
0x01357840,0x01357990,GAMECORE,sub_01357840,,reloc-jal,high,recomp,
0x01357990,0x01357BF8,GAMECORE,sub_01357990,is_predict_to_acting_base_yaw_rot_nico_yaw_pitch_cntrl,xff-symbol+reloc-jal,high,recomp,
0x01357BF8,0x01357C5C,GAMECORE,sub_01357BF8,reset_nico_yaw_pitch_cntrl,xff-symbol+reloc-jal,high,recomp,
0x01357C60,0x01357C74,GAMECORE,sub_01357C60,set_yaw_pitch_input_border_parameter_nico_yaw_pitch_cntrl,xff-symbol+reloc-jal,high,recomp,
0x01357C78,0x01357D48,GAMECORE,sub_01357C78,set_offset_yaw_parameter_nico_yaw_pitch_cntrl,xff-symbol+reloc-jal,high,recomp,
0x01357D48,0x01357E58,GAMECORE,sub_01357D48,set_offset_pitch_parameter_nico_yaw_pitch_cntrl,xff-symbol+reloc-jal,high,recomp,
0x01357E58,0x01357E98,GAMECORE,sub_01357E58,set_base_yaw_parameter_nico_yaw_pitch_cntrl,xff-symbol+reloc-jal,high,recomp,
0x01357E98,0x01357ED8,GAMECORE,sub_01357E98,set_base_pitch_parameter_nico_yaw_pitch_cntrl,xff-symbol+reloc-jal,high,recomp,
0x01357ED8,0x01357F7C,GAMECORE,sub_01357ED8,set_max_min_yaw_parameter_nico_yaw_pitch_cntrl,xff-symbol,high,recomp,
0x01357F80,0x01358074,GAMECORE,sub_01357F80,set_max_min_yaw_parameter_extend_nico_yaw_pitch_cntrl,xff-symbol,high,recomp,
0x01358078,0x01358124,GAMECORE,sub_01358078,set_max_min_pitch_parameter_nico_yaw_pitch_cntrl,xff-symbol+reloc-j+reloc-jal,high,recomp,
0x01358128,0x01358174,GAMECORE,sub_01358128,set_reverse_input_yaw_flag_nico_yaw_pitch_cntrl,xff-symbol+reloc-jal,high,recomp,
0x01358178,0x013581C4,GAMECORE,sub_01358178,set_reverse_input_pitch_flag_nico_yaw_pitch_cntrl,xff-symbol+reloc-jal,high,recomp,
0x013581C8,0x013581D0,GAMECORE,sub_013581C8,set_yaw_parameter_effective_ratio_nico_yaw_pitch_cntrl,xff-symbol+reloc-jal,high,recomp,
0x013581D0,0x013581D8,GAMECORE,sub_013581D0,set_pitch_parameter_effective_ratio_nico_yaw_pitch_cntrl,xff-symbol+reloc-j+reloc-jal,high,recomp,
0x013581D8,0x013581E4,GAMECORE,sub_013581D8,set_base_vel_nico_yaw_pitch_cntrl,xff-symbol,high,recomp,
0x013581E8,0x0135827C,GAMECORE,sub_013581E8,begin_nico_yaw_pitch_cntrl,xff-symbol+reloc-jal,high,recomp,
0x01358280,0x01358394,GAMECORE,sub_01358280,doit_nico_yaw_pitch_cntrl,xff-symbol+reloc-jal,high,recomp,
0x01358398,0x013583FC,GAMECORE,sub_01358398,end_nico_yaw_pitch_cntrl,xff-symbol+reloc-j,high,recomp,
0x01358400,0x01358408,GAMECORE,sub_01358400,is_doing_nico_yaw_pitch_cntrl,xff-symbol,high,recomp,
0x01358408,0x01358410,GAMECORE,sub_01358408,set_temp_stop_base_rot_flag_nico_yaw_pitch_cntrl,xff-symbol+reloc-jal,high,recomp,
0x01358410,0x01358460,GAMECORE,sub_01358410,update_offset_yaw_pitch_another_factor_nico_yaw_pitch_cntrl,xff-symbol,high,recomp,
0x01358460,0x013584D4,GAMECORE,sub_01358460,update_base_yaw_nico_yaw_pitch_cntrl,xff-symbol+reloc-jal,high,recomp,
0x013584D8,0x0135854C,GAMECORE,sub_013584D8,update_base_pitch_nico_yaw_pitch_cntrl,xff-symbol+reloc-jal,high,recomp,
0x01358550,0x01358630,GAMECORE,sub_01358550,get_max_min_clip_base_yaw_nico_yaw_pitch_cntrl,xff-symbol,high,recomp,
0x01358630,0x01358698,GAMECORE,sub_01358630,get_max_min_clip_base_pitch_nico_yaw_pitch_cntrl,xff-symbol,high,recomp,
0x01358698,0x013586A0,GAMECORE,sub_01358698,get_offset_yaw_nico_yaw_pitch_cntrl,xff-symbol,high,recomp,
0x013586A0,0x013586A8,GAMECORE,sub_013586A0,get_offset_pitch_nico_yaw_pitch_cntrl,xff-symbol,high,recomp,
0x013586A8,0x013586B0,GAMECORE,sub_013586A8,is_enable_base_yaw_rot_nico_yaw_pitch_cntrl,xff-symbol+reloc-jal,high,recomp,
0x013586B0,0x013586B8,GAMECORE,sub_013586B0,is_enable_base_pitch_rot_nico_yaw_pitch_cntrl,xff-symbol+reloc-jal,high,recomp,
0x013586B8,0x013586C0,GAMECORE,sub_013586B8,get_base_yaw_move_nico_yaw_pitch_cntrl,xff-symbol+reloc-jal,high,recomp,
0x013586C0,0x013586C8,GAMECORE,sub_013586C0,get_base_pitch_move_nico_yaw_pitch_cntrl,xff-symbol,high,recomp,
0x013586C8,0x013586D0,GAMECORE,sub_013586C8,set_base_yaw_nico_yaw_pitch_cntrl,xff-symbol+reloc-jal,high,recomp,
0x013586D0,0x013586D8,GAMECORE,sub_013586D0,set_base_pitch_nico_yaw_pitch_cntrl,xff-symbol+reloc-jal,high,recomp,
0x013586D8,0x013586E0,GAMECORE,sub_013586D8,get_base_yaw_nico_yaw_pitch_cntrl,xff-symbol+reloc-jal,high,recomp,
0x013586E0,0x013586E8,GAMECORE,sub_013586E0,get_base_pitch_nico_yaw_pitch_cntrl,xff-symbol+reloc-jal,high,recomp,
0x013586E8,0x0135875C,GAMECORE,sub_013586E8,get_merge_yaw_nico_yaw_pitch_cntrl,xff-symbol+reloc-jal,high,recomp,
0x01358760,0x01358790,GAMECORE,sub_01358760,get_merge_pitch_nico_yaw_pitch_cntrl,xff-symbol+reloc-jal,high,recomp,
0x01358790,0x013587B8,GAMECORE,sub_01358790,,reloc-jal,high,recomp,
0x013587B8,0x01358998,GAMECORE,sub_013587B8,,reloc-jal,high,recomp,
0x01358998,0x013589F8,GAMECORE,sub_01358998,,reloc-jal,high,recomp,
0x013589F8,0x01358A60,GAMECORE,sub_013589F8,,reloc-jal,high,recomp,
0x01358A60,0x01358B60,GAMECORE,sub_01358A60,,reloc-jal,high,recomp,
0x01358B60,0x01358CB0,GAMECORE,sub_01358B60,,reloc-jal,high,recomp,
0x01358CB0,0x01358D58,GAMECORE,sub_01358CB0,,reloc-jal,high,recomp,
0x01358D58,0x01358DF8,GAMECORE,sub_01358D58,,reloc-jal,high,recomp,
0x01358DF8,0x01358E38,GAMECORE,sub_01358DF8,,reloc-jal,high,recomp,
0x01358E38,0x01358E78,GAMECORE,sub_01358E38,,reloc-jal,high,recomp,
0x01358E78,0x01359010,GAMECORE,sub_01358E78,,reloc-jal,high,recomp,
0x01359010,0x01359088,GAMECORE,sub_01359010,,reloc-jal,high,recomp,
0x01359088,0x01359108,GAMECORE,sub_01359088,,reloc-jal,high,recomp,
0x01359108,0x01359208,GAMECORE,sub_01359108,,reloc-jal,high,recomp,
0x01359208,0x013592D8,GAMECORE,sub_01359208,updateVuColiDispWork,xff-symbol+reloc-jal,high,recomp,
0x013592D8,0x01359484,GAMECORE,sub_013592D8,dispVuColiDispWork,xff-symbol+reloc-jal,high,recomp,
0x01359488,0x013594C4,GAMECORE,sub_01359488,initVuColiDispWork,xff-symbol+reloc-jal,high,recomp,
0x013594C8,0x01359620,GAMECORE,sub_013594C8,,reloc-la,high,recomp,
0x01359620,0x01359638,GAMECORE,sub_01359620,activedemoflowDemoEnd,xff-symbol+reloc-jal,high,recomp,
0x01359638,0x01359644,GAMECORE,sub_01359638,getActivedemoStage,xff-symbol+reloc-jal,high,recomp,
0x01359648,0x01359658,GAMECORE,sub_01359648,chkActiveDemoStart,xff-symbol+reloc-jal,high,recomp,
0x01359658,0x0135972C,GAMECORE,sub_01359658,st_activedemoflow,xff-symbol+reloc-jal,high,recomp,
0x01359730,0x01359760,GAMECORE,sub_01359730,activeDemoAbort,xff-symbol+reloc-jal,high,recomp,
0x01359760,0x013597C4,GAMECORE,sub_01359760,activeDemoStandby,xff-symbol+reloc-j,high,recomp,
0x013597C8,0x013597FC,GAMECORE,sub_013597C8,activeDemoCancel,xff-symbol+reloc-jal+reloc-j,high,recomp,
0x01359800,0x0135988C,GAMECORE,sub_01359800,activeDemoStart,xff-symbol+reloc-j,high,recomp,
0x01359890,0x01359A9C,GAMECORE,sub_01359890,backStageGobjSave,xff-symbol+reloc-jal+reloc-la,high,recomp,
0x01359AA0,0x01359C54,GAMECORE,sub_01359AA0,backStageGobjSaveWithPos,xff-symbol+reloc-jal,high,recomp,
0x01359C58,0x01359E28,GAMECORE,sub_01359C58,backStageGobjCheckEntry,xff-symbol+reloc-jal,high,recomp,
0x01359E28,0x0135A0F8,GAMECORE,sub_01359E28,backStageGobjLoad,xff-symbol+reloc-jal,high,recomp,
0x0135A0F8,0x0135A184,GAMECORE,sub_0135A0F8,backStageCheckLoadSeg,xff-symbol+reloc-jal,high,recomp,
0x0135A188,0x0135A250,GAMECORE,sub_0135A188,backStageCheckPointSave,xff-symbol+reloc-jal,high,recomp,
0x0135A250,0x0135A318,GAMECORE,sub_0135A250,backStageCheckPointLoad,xff-symbol+reloc-jal,high,recomp,
0x0135A318,0x0135A324,GAMECORE,sub_0135A318,backStageGetBossSaveArea,xff-symbol+reloc-jal,high,recomp,
0x0135A328,0x0135A344,GAMECORE,sub_0135A328,backStageInit,xff-symbol+reloc-jal,high,recomp,
0x0135A348,0x0135A530,GAMECORE,sub_0135A348,bossStatSetActiveBoss,xff-symbol+reloc-j+reloc-jal,high,recomp,
0x0135A530,0x0135A6F0,GAMECORE,sub_0135A530,bossStatGetFromIconGObj,xff-symbol+reloc-jal,high,recomp,
0x0135A6F0,0x0135A908,GAMECORE,sub_0135A6F0,,reloc-jal,high,recomp,
0x0135A908,0x0135AA90,GAMECORE,sub_0135A908,bossStatStartDemo,xff-symbol+reloc-j,high,recomp,
0x0135AA90,0x0135ABE4,GAMECORE,sub_0135AA90,bossStatInitCloudLayout,xff-symbol+reloc-jal,high,recomp,
0x0135ABE8,0x0135AD30,GAMECORE,sub_0135ABE8,,reloc-jal,high,recomp,
0x0135AD30,0x0135AE58,GAMECORE,sub_0135AD30,bossStatInit,xff-symbol+reloc-jal,high,recomp,
0x0135AE58,0x0135B108,GAMECORE,sub_0135AE58,,reloc-jal,high,recomp,
0x0135B108,0x0135B18C,GAMECORE,sub_0135B108,bossStatLayoutChk,xff-symbol,high,recomp,
0x0135B190,0x0135B1B0,GAMECORE,sub_0135B190,bossStatSetDeadBoss,xff-symbol+reloc-jal,high,recomp,
0x0135B1B0,0x0135B1BC,GAMECORE,sub_0135B1B0,bossStatGetDeadBoss,xff-symbol+reloc-jal,high,recomp,
0x0135B1C0,0x0135B1E0,GAMECORE,sub_0135B1C0,bossStatChkDeadBoss,xff-symbol,high,recomp,
0x0135B1E0,0x0135B26C,GAMECORE,sub_0135B1E0,bossStatGetDeadBossNum,xff-symbol+reloc-jal,high,recomp,
0x0135B270,0x0135B2D4,GAMECORE,sub_0135B270,bossStatBootChk,xff-symbol+reloc-jal,high,recomp,
0x0135B2D8,0x0135B370,GAMECORE,sub_0135B2D8,bossStatGetActiveBoss,xff-symbol+reloc-jal,high,recomp,
0x0135B370,0x0135B3F0,GAMECORE,sub_0135B370,bossStatSrhSheetAliveBoss,xff-symbol+reloc-jal,high,recomp,
0x0135B3F0,0x0135B4B0,GAMECORE,sub_0135B3F0,bossStatSekibanJumpSetHorsePos,xff-symbol+reloc-jal,high,recomp,
0x0135B4B0,0x0135B4F4,GAMECORE,sub_0135B4B0,bossStatGetBossCloudPos,xff-symbol+reloc-jal,high,recomp,
0x0135B4F8,0x0135B5D0,GAMECORE,sub_0135B4F8,bossStatTimeAttackJumpSekiban,xff-symbol+reloc-j,high,recomp,
0x0135B5D0,0x0135B5DC,GAMECORE,sub_0135B5D0,CheckCamFinalizerReady,xff-symbol+reloc-jal,high,recomp,
0x0135B5E0,0x0135B5EC,GAMECORE,sub_0135B5E0,SetCamFinalizerReady,xff-symbol+reloc-jal,high,recomp,
0x0135B5F0,0x0135B618,GAMECORE,sub_0135B5F0,ResetCamFinalizer,xff-symbol+reloc-jal,high,recomp,
0x0135B618,0x0135B624,GAMECORE,sub_0135B618,PauseCamFinalizer,xff-symbol+reloc-jal,high,recomp,
0x0135B628,0x0135B644,GAMECORE,sub_0135B628,SetCamFinalizerGeometry,xff-symbol+reloc-jal,high,recomp,
0x0135B648,0x0135B710,GAMECORE,sub_0135B648,st_camfinalizer,xff-symbol+reloc-la,high,recomp,
0x0135B710,0x0135B938,GAMECORE,sub_0135B710,,reloc-jal,high,recomp,
0x0135B938,0x0135BFA8,GAMECORE,sub_0135B938,,reloc-la,high,recomp,
0x0135BFA8,0x0135C0B0,GAMECORE,sub_0135BFA8,PlayDemoCameraOrient,xff-symbol+reloc-jal,high,recomp,
0x0135C0B0,0x0135C114,GAMECORE,sub_0135C0B0,FinishDemoCameraOrient,xff-symbol+reloc-jal,high,recomp,
0x0135C118,0x0135C124,GAMECORE,sub_0135C118,SkipCutDemoCameraOrient,xff-symbol+reloc-jal,high,recomp,
0x0135C128,0x0135C130,GAMECORE,sub_0135C128,CheckDemoCameraOrientFinished,xff-symbol+reloc-jal,high,recomp,
0x0135C130,0x0135C13C,GAMECORE,sub_0135C130,getDemoEnableFlag,xff-symbol+reloc-jal,high,recomp,
0x0135C140,0x0135C190,GAMECORE,sub_0135C140,,reloc-la,high,recomp,
0x0135C190,0x0135C5C0,GAMECORE,sub_0135C190,,reloc-la,high,recomp,
0x0135C5C0,0x0135C9B8,GAMECORE,sub_0135C5C0,,reloc-la,high,recomp,
0x0135C9B8,0x0135C9C4,GAMECORE,sub_0135C9B8,SetCaptionPauseFlag,xff-symbol+reloc-j,high,recomp,
0x0135C9C8,0x0135CABC,GAMECORE,sub_0135C9C8,DisplayCaptionTable,xff-symbol,high,recomp,
0x0135CAC0,0x0135CBDC,GAMECORE,sub_0135CAC0,DisplayCaptionTableChild,xff-symbol+reloc-jal,high,recomp,
0x0135CBE0,0x0135CD2C,GAMECORE,sub_0135CBE0,DisplayCaptionTableBlock,xff-symbol+reloc-jal,high,recomp,
0x0135CD30,0x0135CE4C,GAMECORE,sub_0135CD30,DisplayCaptionTableBlockWithDlLayer,xff-symbol+reloc-jal,high,recomp,
0x0135CE50,0x0135CE84,GAMECORE,sub_0135CE50,CancelCaptionSubThreadAll,xff-symbol+reloc-jal,high,recomp,
0x0135CE88,0x0135CEBC,GAMECORE,sub_0135CE88,QuitCaptionSubThreadAll,xff-symbol+reloc-jal,high,recomp,
0x0135CEC0,0x0135CF08,GAMECORE,sub_0135CEC0,,reloc-la,high,recomp,
0x0135CF08,0x0135CFA0,GAMECORE,sub_0135CF08,,reloc-la,high,recomp,
0x0135CFA0,0x0135CFC0,GAMECORE,sub_0135CFA0,nico_ResetCharacterObjFallDownInfo,xff-symbol+reloc-jal+reloc-j,high,recomp,
0x0135CFC0,0x0135CFD4,GAMECORE,sub_0135CFC0,nico_UnparentObject,xff-symbol,high,recomp,
0x0135CFD8,0x0135D05C,GAMECORE,sub_0135CFD8,nico_SendAttackMailToVCol,xff-symbol,high,recomp,
0x0135D060,0x0135D090,GAMECORE,sub_0135D060,nico_SendSuicideMail,xff-symbol,high,recomp,
0x0135D090,0x0135D0D8,GAMECORE,sub_0135D090,nico_SendPlayerFallDownDamageMail,xff-symbol,high,recomp,
0x0135D0D8,0x0135D120,GAMECORE,sub_0135D0D8,nico_SendPlayerBoundDamageMail,xff-symbol,high,recomp,
0x0135D120,0x0135D148,GAMECORE,sub_0135D120,nico_GetCharacterAttackedFlag,xff-symbol+reloc-jal+reloc-j,high,recomp,
0x0135D148,0x0135D18C,GAMECORE,sub_0135D148,nico_GetCharacterAttackedGPAttr,xff-symbol+reloc-jal,high,recomp,
0x0135D190,0x0135D1CC,GAMECORE,sub_0135D190,nico_GetCharacterParentGPAttr,xff-symbol,high,recomp,
0x0135D1D0,0x0135D20C,GAMECORE,sub_0135D1D0,nico_GetPlayerCharacterRidingHorseObject,xff-symbol+reloc-jal,high,recomp,
0x0135D210,0x0135D218,GAMECORE,sub_0135D210,nico_InitScriptCharObjDefaultValue,xff-symbol,high,recomp,
0x0135D218,0x0135D270,GAMECORE,sub_0135D218,nico_CheckCharacterVColPlaneAttribute,xff-symbol,high,recomp,
0x0135D270,0x0135D2C8,GAMECORE,sub_0135D270,nico_CheckCharacterGPColPlaneAttribute,xff-symbol,high,recomp,
0x0135D2C8,0x0135D2DC,GAMECORE,sub_0135D2C8,nico_GetGeometryPointerAttr,xff-symbol+reloc-jal,high,recomp,
0x0135D2E0,0x0135D348,GAMECORE,sub_0135D2E0,nico_timeSlow,xff-symbol,high,recomp,
0x0135D348,0x0135D3B0,GAMECORE,sub_0135D348,nico_timeResume,xff-symbol,high,recomp,
0x0135D3B0,0x0135D41C,GAMECORE,sub_0135D3B0,nico_StabCharacterRootRotationToXZ,xff-symbol,high,recomp,
0x0135D420,0x0135D4D0,GAMECORE,sub_0135D420,nico_RotCharacterRootRotationX90,xff-symbol,high,recomp,
0x0135D4D0,0x0135D538,GAMECORE,sub_0135D4D0,deleteSeamlessCommonLayout,xff-symbol,high,recomp,
0x0135D538,0x0135D59C,GAMECORE,sub_0135D538,initSeamlessCommonLayout,xff-symbol,high,recomp,
0x0135D5A0,0x0135D5AC,GAMECORE,sub_0135D5A0,SetDefaultStageLoad,xff-symbol,high,recomp,
0x0135D5B0,0x0135D5D4,GAMECORE,sub_0135D5B0,st_changePlayerInspireLevel,xff-symbol,high,recomp,
0x0135D5D8,0x0135D6A8,GAMECORE,sub_0135D5D8,,reloc-la,high,recomp,
0x0135D6A8,0x0135D6FC,GAMECORE,sub_0135D6A8,_SCRStartLwsDemoOrient,xff-symbol+reloc-jal,high,recomp,
0x0135D700,0x0135D714,GAMECORE,sub_0135D700,demoscrCheckDemoFinish,xff-symbol+reloc-jal,high,recomp,
0x0135D718,0x0135D720,GAMECORE,sub_0135D718,demoscrCheckDemoCutSkip,xff-symbol+reloc-jal,high,recomp,
0x0135D720,0x0135D734,GAMECORE,sub_0135D720,setDefaultFsEffect,xff-symbol+reloc-jal,high,recomp,
0x0135D738,0x0135DA28,GAMECORE,sub_0135D738,,reloc-la,high,recomp,
0x0135DA28,0x0135E4EC,GAMECORE,sub_0135DA28,st_endingflow,xff-symbol+reloc-jal,high,recomp,
0x0135E4F0,0x0135E5EC,GAMECORE,sub_0135E4F0,endingflowStartAdpcmSeq,xff-symbol+reloc-jal,high,recomp,
0x0135E5F0,0x0135E5FC,GAMECORE,sub_0135E5F0,endingflowTickAdpcmSeq,xff-symbol+reloc-jal,high,recomp,
0x0135E600,0x0135E718,GAMECORE,sub_0135E600,endingflowEndAdpcmSeq,xff-symbol+reloc-jal,high,recomp,
0x0135E718,0x0135E730,GAMECORE,sub_0135E718,endingflowDemoEnd,xff-symbol+reloc-j,high,recomp,
0x0135E730,0x0135E770,GAMECORE,sub_0135E730,endingflow_create_adpcm_tick_proc,xff-symbol+reloc-jal,high,recomp,
0x0135E770,0x0135E798,GAMECORE,sub_0135E770,endingflowDecPlayerHpPersent,xff-symbol,high,recomp,
0x0135E798,0x0135E7E4,GAMECORE,sub_0135E798,endingflowSetTimePlayerHpMax,xff-symbol,high,recomp,
0x0135E7E8,0x0135E818,GAMECORE,sub_0135E7E8,,reloc-la,high,recomp,
0x0135E818,0x0135E8A0,GAMECORE,sub_0135E818,,reloc-la,high,recomp,
0x0135E8A0,0x0135E8F8,GAMECORE,sub_0135E8A0,,reloc-la,high,recomp,
0x0135E8F8,0x0135EA08,GAMECORE,sub_0135E8F8,fadeTickProc,xff-symbol+reloc-jal,high,recomp,
0x0135EA08,0x0135EA30,GAMECORE,sub_0135EA08,initFadeParam,xff-symbol+reloc-jal,high,recomp,
0x0135EA30,0x0135EA60,GAMECORE,sub_0135EA30,setFadeParam,xff-symbol+reloc-j,high,recomp,
0x0135EA60,0x0135EAB0,GAMECORE,sub_0135EA60,calcFadeParam,xff-symbol+reloc-jal,high,recomp,
0x0135EAB0,0x0135EAD4,GAMECORE,sub_0135EAB0,checkFadeParam,xff-symbol+reloc-j,high,recomp,
0x0135EAD8,0x0135EAE4,GAMECORE,sub_0135EAD8,fadeCheck,xff-symbol+reloc-jal,high,recomp,
0x0135EAE8,0x0135EAFC,GAMECORE,sub_0135EAE8,fadeChkStat,xff-symbol+reloc-jal,high,recomp,
0x0135EB00,0x0135EB3C,GAMECORE,sub_0135EB00,fadeWait,xff-symbol,high,recomp,
0x0135EB40,0x0135EC04,GAMECORE,sub_0135EB40,fadeIn,xff-symbol+reloc-jal+reloc-j,high,recomp,
0x0135EC08,0x0135ED0C,GAMECORE,sub_0135EC08,fadeOut,xff-symbol+reloc-jal+reloc-j,high,recomp,
0x0135ED10,0x0135EE14,GAMECORE,sub_0135ED10,fadeWhiteOut,xff-symbol+reloc-jal,high,recomp,
0x0135EE18,0x0135EE30,GAMECORE,sub_0135EE18,scrSetFadeColorBlack,xff-symbol,high,recomp,
0x0135EE30,0x0135EE48,GAMECORE,sub_0135EE30,scrSetFadeColorWhite,xff-symbol,high,recomp,
0x0135EE48,0x0135EE54,GAMECORE,sub_0135EE48,scrSetFadeMax,xff-symbol,high,recomp,
0x0135EE58,0x0135EEC8,GAMECORE,sub_0135EE58,scrFadeBlackIn,xff-symbol,high,recomp,
0x0135EEC8,0x0135EF38,GAMECORE,sub_0135EEC8,scrFadeWhiteIn,xff-symbol,high,recomp,
0x0135EF38,0x0135EFB0,GAMECORE,sub_0135EF38,scrFadeBlackOut,xff-symbol,high,recomp,
0x0135EFB0,0x0135F028,GAMECORE,sub_0135EFB0,scrFadeWhiteOut,xff-symbol,high,recomp,
0x0135F028,0x0135F100,GAMECORE,sub_0135F028,_fadeOut,xff-symbol,high,recomp,
0x0135F100,0x0135F204,GAMECORE,sub_0135F100,fadeBlackOut,xff-symbol,high,recomp,
0x0135F208,0x0135F268,GAMECORE,sub_0135F208,scrFadeIn,xff-symbol,high,recomp,
0x0135F268,0x0135F27C,GAMECORE,sub_0135F268,setTreeId,xff-symbol+reloc-jal,high,recomp,
0x0135F280,0x0135F2EC,GAMECORE,sub_0135F280,resetTreeId,xff-symbol+reloc-jal,high,recomp,
0x0135F2F0,0x0135F314,GAMECORE,sub_0135F2F0,nico_setFruitsFlag,xff-symbol+reloc-jal,high,recomp,
0x0135F318,0x0135F3AC,GAMECORE,sub_0135F318,setScriptAnimationObjChildStatus,xff-symbol+ptr-table,high,recomp,
0x0135F3B0,0x0135F404,GAMECORE,sub_0135F3B0,nico_checkTreeAllFruitsAlreadyTaken,xff-symbol+reloc-jal,high,recomp,
0x0135F408,0x0135F530,GAMECORE,sub_0135F408,_omakeSelectFlagSet,xff-symbol+reloc-jal+reloc-j,high,recomp,
0x0135F530,0x0135F640,GAMECORE,sub_0135F530,omakeGetAndSelectCls,xff-symbol+reloc-j+reloc-jal,high,recomp,
0x0135F640,0x0135F77C,GAMECORE,sub_0135F640,omakeStatInit,xff-symbol+reloc-jal,high,recomp,
0x0135F780,0x0135FD90,GAMECORE,sub_0135F780,gameFlagCheckPointSave,xff-symbol+reloc-jal+reloc-j,high,recomp,
0x0135FD90,0x0135FE24,GAMECORE,sub_0135FD90,gameFlagInit,xff-symbol+reloc-jal,high,recomp,
0x0135FE28,0x0135FE40,GAMECORE,sub_0135FE28,_optionWorkSet,xff-symbol+reloc-jal+reloc-j,high,recomp,
0x0135FE40,0x0135FE58,GAMECORE,sub_0135FE40,_optionWorkCls,xff-symbol,high,recomp,
0x0135FE58,0x0135FE70,GAMECORE,sub_0135FE58,_optionWorkChk,xff-symbol+reloc-jal+reloc-j,high,recomp,
0x0135FE70,0x0135FE88,GAMECORE,sub_0135FE70,_optionWorkPtr,xff-symbol+reloc-jal,high,recomp,
0x0135FE88,0x0135FEC4,GAMECORE,sub_0135FE88,_gameFlagSet,xff-symbol+reloc-jal+reloc-j,high,recomp,
0x0135FEC8,0x0135FF08,GAMECORE,sub_0135FEC8,_gameFlagCls,xff-symbol+reloc-jal+reloc-j,high,recomp,
0x0135FF08,0x0135FF38,GAMECORE,sub_0135FF08,_gameFlagChk,xff-symbol+reloc-jal+reloc-j,high,recomp,
0x0135FF38,0x0135FF80,GAMECORE,sub_0135FF38,_gameFlagXor,xff-symbol,high,recomp,
0x0135FF80,0x0135FF98,GAMECORE,sub_0135FF80,_gameWorkSet,xff-symbol+reloc-jal+reloc-j,high,recomp,
0x0135FF98,0x0135FFB0,GAMECORE,sub_0135FF98,_gameFWorkSet,xff-symbol+reloc-j+reloc-jal,high,recomp,
0x0135FFB0,0x0135FFC8,GAMECORE,sub_0135FFB0,_gameIWorkSet,xff-symbol+reloc-jal,high,recomp,
0x0135FFC8,0x0135FFE0,GAMECORE,sub_0135FFC8,_gameWorkCls,xff-symbol,high,recomp,
0x0135FFE0,0x0135FFF8,GAMECORE,sub_0135FFE0,_gameWorkChk,xff-symbol+reloc-jal,high,recomp,
0x0135FFF8,0x01360010,GAMECORE,sub_0135FFF8,_gameFWorkChk,xff-symbol+reloc-jal+reloc-j,high,recomp,
0x01360010,0x01360028,GAMECORE,sub_01360010,_gameIWorkChk,xff-symbol+reloc-jal,high,recomp,
0x01360028,0x01360088,GAMECORE,sub_01360028,fruitsFlagSet,xff-symbol+reloc-jal+reloc-j,high,recomp,
0x01360088,0x013600F0,GAMECORE,sub_01360088,fruitsFlagChk,xff-symbol+reloc-jal,high,recomp,
0x013600F0,0x013600FC,GAMECORE,sub_013600F0,getGameDataExistIcoData,xff-symbol,high,recomp,
0x01360100,0x0136010C,GAMECORE,sub_01360100,getGameDataExistIcoDataAdrs,xff-symbol,high,recomp,
0x01360110,0x0136011C,GAMECORE,sub_01360110,setBossClearCnt,xff-symbol+reloc-j+reloc-jal,high,recomp,
0x01360120,0x01360138,GAMECORE,sub_01360120,getBossIndexTimeAttackBestTime,xff-symbol+reloc-jal,high,recomp,
0x01360138,0x01360150,GAMECORE,sub_01360138,setBossIndexTimeAttackBestTime,xff-symbol+reloc-jal+reloc-j,high,recomp,
0x01360150,0x0136015C,GAMECORE,sub_01360150,getGameClearCnt,xff-symbol+reloc-jal,high,recomp,
0x01360160,0x0136016C,GAMECORE,sub_01360160,getGameClearCntAdrs,xff-symbol,high,recomp,
0x01360170,0x0136017C,GAMECORE,sub_01360170,setGmaeClearCnt,xff-symbol+reloc-jal,high,recomp,
0x01360180,0x01360190,GAMECORE,sub_01360180,getGameHardMode,xff-symbol+reloc-jal+reloc-j,high,recomp,
0x01360190,0x0136019C,GAMECORE,sub_01360190,getGameHardModeAdrs,xff-symbol,high,recomp,
0x013601A0,0x013601C4,GAMECORE,sub_013601A0,setGameHardMode,xff-symbol+reloc-jal,high,recomp,
0x013601C8,0x013601D4,GAMECORE,sub_013601C8,getSavedGameTime,xff-symbol,high,recomp,
0x013601D8,0x013601E4,GAMECORE,sub_013601D8,setSavedGameTime,xff-symbol+reloc-jal,high,recomp,
0x013601E8,0x013601F8,GAMECORE,sub_013601E8,getSavedClock,xff-symbol,high,recomp,
0x013601F8,0x01360208,GAMECORE,sub_013601F8,setSavedClock,xff-symbol+reloc-jal,high,recomp,
0x01360208,0x01360214,GAMECORE,sub_01360208,getSavedPlaceId,xff-symbol+reloc-jal,high,recomp,
0x01360218,0x01360224,GAMECORE,sub_01360218,setSavedPlaceId,xff-symbol+reloc-jal,high,recomp,
0x01360228,0x01360634,GAMECORE,sub_01360228,gameFlagCheckPointLoad,xff-symbol+reloc-jal,high,recomp,
0x01360638,0x01360690,GAMECORE,sub_01360638,tailsFlagSet,xff-symbol+reloc-jal,high,recomp,
0x01360690,0x013606F0,GAMECORE,sub_01360690,tailsFlagClr,xff-symbol,high,recomp,
0x013606F0,0x01360714,GAMECORE,sub_013606F0,tailsFlagsAllClr,xff-symbol+reloc-jal,high,recomp,
0x01360718,0x01360778,GAMECORE,sub_01360718,tailsFlagChk,xff-symbol+reloc-jal,high,recomp,
0x01360778,0x013607D0,GAMECORE,sub_01360778,gexsFlagSet,xff-symbol+reloc-jal,high,recomp,
0x013607D0,0x01360830,GAMECORE,sub_013607D0,gexsFlagClr,xff-symbol,high,recomp,
0x01360830,0x01360890,GAMECORE,sub_01360830,gexsFlagChk,xff-symbol+reloc-jal,high,recomp,
0x01360890,0x013608CC,GAMECORE,sub_01360890,_omakeGetFlagSet,xff-symbol+reloc-jal,high,recomp,
0x013608D0,0x01360910,GAMECORE,sub_013608D0,_omakeGetFlagCls,xff-symbol+reloc-jal,high,recomp,
0x01360910,0x01360940,GAMECORE,sub_01360910,_omakeGetFlagChk,xff-symbol+reloc-jal+reloc-j,high,recomp,
0x01360940,0x01360A20,GAMECORE,sub_01360940,_omakeSelectFlagCls,xff-symbol+reloc-j+reloc-jal,high,recomp,
0x01360A20,0x01360A50,GAMECORE,sub_01360A20,_omakeSelectFlagChk,xff-symbol+reloc-jal+reloc-j,high,recomp,
0x01360A50,0x01360AA0,GAMECORE,sub_01360A50,omakeGetAndSelectSet,xff-symbol+reloc-jal,high,recomp,
0x01360AA0,0x01360AC8,GAMECORE,sub_01360AA0,setClearGameHotStartFlag,xff-symbol+reloc-jal,high,recomp,
0x01360AC8,0x01360AE0,GAMECORE,sub_01360AC8,getClearGameHotStartFlag,xff-symbol+reloc-jal,high,recomp,
0x01360AE0,0x01360B00,GAMECORE,sub_01360AE0,gOptionMcSave,xff-symbol+reloc-data-ptr,high,recomp,
0x01360B00,0x01360CD0,GAMECORE,sub_01360B00,gOptionMcLoad,xff-symbol+reloc-data-ptr,high,recomp,
0x01360CD0,0x01360CF8,GAMECORE,sub_01360CD0,optionFlagInit,xff-symbol+reloc-jal,high,recomp,
0x01360CF8,0x01360D0C,GAMECORE,sub_01360CF8,getOptionDataAdrsAndSize,xff-symbol+reloc-jal,high,recomp,
0x01360D10,0x01360E50,GAMECORE,sub_01360D10,st_menupause,xff-symbol+reloc-data-ptr,high,recomp,
0x01360E50,0x013611D8,GAMECORE,sub_01360E50,,reloc-jal,high,recomp,
0x013611D8,0x01361548,GAMECORE,sub_013611D8,,reloc-jal,high,recomp,
0x01361548,0x01361858,GAMECORE,sub_01361548,,reloc-la,high,recomp,
0x01361858,0x013631C0,GAMECORE,sub_01361858,st_gameflow,xff-symbol+reloc-la,high,recomp,
0x013631C0,0x01363200,GAMECORE,sub_013631C0,gameflowBossEyeCameraDisable,xff-symbol+reloc-jal,high,recomp,
0x01363200,0x01363214,GAMECORE,sub_01363200,gameflowMpegCancelChk,xff-symbol+reloc-la,high,recomp,
0x01363218,0x01363284,GAMECORE,sub_01363218,gameflowSheetMgrAllReqWait,xff-symbol+reloc-jal,high,recomp,
0x01363288,0x013632FC,GAMECORE,sub_01363288,gameflowSheetMgrSplFsStart,xff-symbol+reloc-jal,high,recomp,
0x01363300,0x0136336C,GAMECORE,sub_01363300,gameflowSheetMgrSplFsEnd,xff-symbol+reloc-jal,high,recomp,
0x01363370,0x0136337C,GAMECORE,sub_01363370,gameflowSelectGameoverMenu,xff-symbol+reloc-jal,high,recomp,
0x01363380,0x0136342C,GAMECORE,sub_01363380,gameflowChangeHorse,xff-symbol+reloc-jal,high,recomp,
0x01363430,0x013634A0,GAMECORE,sub_01363430,gameflowSetPos,xff-symbol+reloc-jal+reloc-j,high,recomp,
0x013634A0,0x013635A8,GAMECORE,sub_013634A0,gameflowJumpOp2DemoSkip,xff-symbol+reloc-jal,high,recomp,
0x013635A8,0x013635D0,GAMECORE,sub_013635A8,gameflowSetPauseEnable,xff-symbol+reloc-jal+reloc-j,high,recomp,
0x013635D0,0x01363638,GAMECORE,sub_013635D0,gameflowSetCaptionPause,xff-symbol+reloc-j,high,recomp,
0x01363638,0x01363648,GAMECORE,sub_01363638,gameflowGameOver,xff-symbol+reloc-jal,high,recomp,
0x01363648,0x01363654,GAMECORE,sub_01363648,gameflowGetJumpSekiban,xff-symbol+reloc-jal,high,recomp,
0x01363658,0x01363664,GAMECORE,sub_01363658,gameflowSetJumpSekiban,xff-symbol+reloc-jal,high,recomp,
0x01363668,0x01363690,GAMECORE,sub_01363668,,reloc-data-ptr,high,recomp,
0x01363690,0x013636B8,GAMECORE,sub_01363690,,reloc-data-ptr,high,recomp,
0x013636B8,0x013636E0,GAMECORE,sub_013636B8,,reloc-data-ptr,high,recomp,
0x013636E0,0x01363708,GAMECORE,sub_013636E0,,reloc-data-ptr,high,recomp,
0x01363708,0x01363770,GAMECORE,sub_01363708,,reloc-data-ptr,high,recomp,
0x01363770,0x013637B8,GAMECORE,sub_01363770,,reloc-data-ptr,high,recomp,
0x013637B8,0x01363870,GAMECORE,sub_013637B8,,reloc-data-ptr,high,recomp,
0x01363870,0x013638F0,GAMECORE,sub_01363870,,reloc-la,high,recomp,
0x013638F0,0x01363900,GAMECORE,sub_013638F0,,reloc-data-ptr,high,recomp,
0x01363900,0x01363910,GAMECORE,sub_01363900,,reloc-data-ptr,high,recomp,
0x01363910,0x01363920,GAMECORE,sub_01363910,,reloc-data-ptr,high,recomp,
0x01363920,0x01363930,GAMECORE,sub_01363920,,reloc-data-ptr,high,recomp,
0x01363930,0x01363968,GAMECORE,sub_01363930,,reloc-data-ptr,high,recomp,
0x01363968,0x01363988,GAMECORE,sub_01363968,,reloc-la,high,recomp,
0x01363988,0x01363A08,GAMECORE,sub_01363988,gameflowJumpOp2DemoNoSkip,xff-symbol+reloc-jal,high,recomp,
0x01363A08,0x01363A18,GAMECORE,sub_01363A08,,reloc-data-ptr,high,recomp,
0x01363A18,0x01363AC8,GAMECORE,sub_01363A18,,reloc-jal,high,recomp,
0x01363AC8,0x01363AF8,GAMECORE,sub_01363AC8,,reloc-jal,high,recomp,
0x01363AF8,0x01363B80,GAMECORE,sub_01363AF8,,reloc-jal,high,recomp,
0x01363B80,0x01363C58,GAMECORE,sub_01363B80,,reloc-la,high,recomp,
0x01363C58,0x01363CC0,GAMECORE,sub_01363C58,,reloc-la,high,recomp,
0x01363CC0,0x01363D14,GAMECORE,sub_01363CC0,gameModeSet,xff-symbol+reloc-jal,high,recomp,
0x01363D18,0x01363D90,GAMECORE,sub_01363D18,gameModeCls,xff-symbol+reloc-j+reloc-jal,high,recomp,
0x01363D90,0x01363DBC,GAMECORE,sub_01363D90,gameModeInit,xff-symbol+reloc-jal,high,recomp,
0x01363DC0,0x01363EC8,GAMECORE,sub_01363DC0,,reloc-j,medium,recomp,
0x01363EC8,0x01363FD4,GAMECORE,sub_01363EC8,gStatCheckPointLoad,xff-symbol+reloc-jal,high,recomp,
0x01363FD8,0x01364214,GAMECORE,sub_01363FD8,gStatLoadPlayerAccessories,xff-symbol+reloc-jal+reloc-j,high,recomp,
0x01364218,0x01364318,GAMECORE,sub_01364218,gStatRestartPlayerChara,xff-symbol+reloc-jal,high,recomp,
0x01364318,0x01364480,GAMECORE,sub_01364318,gStatReloadHorseChara,xff-symbol+reloc-jal,high,recomp,
0x01364480,0x013644CC,GAMECORE,sub_01364480,gStatCheckPointSave,xff-symbol+reloc-jal,high,recomp,
0x013644D0,0x0136459C,GAMECORE,sub_013644D0,gStatChekcPointSaveHookPlayerHorsePos,xff-symbol+reloc-jal,high,recomp,
0x013645A0,0x013645D0,GAMECORE,sub_013645A0,gStatOmakeSave,xff-symbol+reloc-jal,high,recomp,
0x013645D0,0x01364620,GAMECORE,sub_013645D0,gStatPlaceIdToSavePoint,xff-symbol+reloc-jal,high,recomp,
0x01364620,0x013646A8,GAMECORE,sub_01364620,gStatMcSave,xff-symbol+reloc-data-ptr,high,recomp,
0x013646A8,0x01364700,GAMECORE,sub_013646A8,gStatMcLoad,xff-symbol+reloc-data-ptr,high,recomp,
0x01364700,0x0136470C,GAMECORE,sub_01364700,gStatGetOmakeStatAdrs,xff-symbol+reloc-jal,high,recomp,
0x01364710,0x01364740,GAMECORE,sub_01364710,gStatSaveDataGameFlagChk,xff-symbol+reloc-jal,high,recomp,
0x01364740,0x01364750,GAMECORE,sub_01364740,gStatGObjDispOn,xff-symbol,high,recomp,
0x01364750,0x01364764,GAMECORE,sub_01364750,gStatGObjDispOff,xff-symbol,high,recomp,
0x01364768,0x01364774,GAMECORE,sub_01364768,gStatGObjDispChk,xff-symbol+reloc-jal,high,recomp,
0x01364778,0x013647C8,GAMECORE,sub_01364778,gStatGobjDispGflagChk,xff-symbol+reloc-jal+reloc-j,high,recomp,
0x013647C8,0x01364810,GAMECORE,sub_013647C8,gStatGobjDispGflagSet,xff-symbol+reloc-jal+reloc-j,high,recomp,
0x01364810,0x0136485C,GAMECORE,sub_01364810,gStatGobjDispGflagCls,xff-symbol,high,recomp,
0x01364860,0x01364868,GAMECORE,sub_01364860,gStatSetGObjAdrs,xff-symbol+reloc-jal,high,recomp,
0x01364868,0x01364870,GAMECORE,sub_01364868,gStatGetGObjAdrs,xff-symbol+reloc-jal,high,recomp,
0x01364870,0x01364894,GAMECORE,sub_01364870,gStatStartTimeAttack,xff-symbol+reloc-jal,high,recomp,
0x01364898,0x013648BC,GAMECORE,sub_01364898,gStatStopTimeAttack,xff-symbol+reloc-jal,high,recomp,
0x013648C0,0x013648F8,GAMECORE,sub_013648C0,gStatGetPlayerAccessoriesDamgeRaitoToPlayer,xff-symbol+reloc-jal,high,recomp,
0x013648F8,0x01364930,GAMECORE,sub_013648F8,gStatGetPlayerAccessoriesDamgeRaitoToBoss,xff-symbol+reloc-jal,high,recomp,
0x01364930,0x013649A0,GAMECORE,sub_01364930,gStatLoadPlayerChara,xff-symbol+reloc-jal,high,recomp,
0x013649A0,0x01364A74,GAMECORE,sub_013649A0,gStatUnloadPlayerChara,xff-symbol+reloc-jal,high,recomp,
0x01364A78,0x01364AF4,GAMECORE,sub_01364A78,gStatGetHorseDemoStageIndex,xff-symbol+reloc-jal,high,recomp,
0x01364AF8,0x01364BE8,GAMECORE,sub_01364AF8,gStatGetHorseDemoISYSObj,xff-symbol+reloc-jal,high,recomp,
0x01364BE8,0x01364D00,GAMECORE,sub_01364BE8,gStatLoadHorseChara,xff-symbol+reloc-jal,high,recomp,
0x01364D00,0x01364D3C,GAMECORE,sub_01364D00,gStatUnloadHorseChara,xff-symbol+reloc-jal,high,recomp,
0x01364D40,0x01364D84,GAMECORE,sub_01364D40,gStatRestartHorseChara,xff-symbol+reloc-jal,high,recomp,
0x01364D88,0x01364E0C,GAMECORE,sub_01364D88,gStatLoadAdvertiseHorseChara,xff-symbol+reloc-jal,high,recomp,
0x01364E10,0x01364EB4,GAMECORE,sub_01364E10,gStatUnloadAdvertiseHorseChara,xff-symbol+reloc-jal,high,recomp,
0x01364EB8,0x01364F24,GAMECORE,sub_01364EB8,gStatInit,xff-symbol+reloc-jal,high,recomp,
0x01364F28,0x01364F64,GAMECORE,sub_01364F28,gStatInitNotOmakeInit,xff-symbol+reloc-jal,high,recomp,
0x01364F68,0x01364F8C,GAMECORE,sub_01364F68,gstatBootMcChkExistNicoData,xff-symbol,high,recomp,
0x01364F90,0x01364FA4,GAMECORE,sub_01364F90,gstatBootMcSetExistNicoData,xff-symbol+reloc-jal,high,recomp,
0x01364FA8,0x01364FFC,GAMECORE,sub_01364FA8,gstatBootMcSetLastSaveOmakeStat,xff-symbol+reloc-jal,high,recomp,
0x01365000,0x01365084,GAMECORE,sub_01365000,gstatBootMcCurSetLastSaveOmakeStat,xff-symbol+reloc-jal,high,recomp,
0x01365088,0x01365094,GAMECORE,sub_01365088,gstatBootMcSetExistIcoData,xff-symbol+reloc-jal,high,recomp,
0x01365098,0x013650A4,GAMECORE,sub_01365098,gstatBootMcChkExistIcoData,xff-symbol+reloc-jal,high,recomp,
0x013650A8,0x0136510C,GAMECORE,sub_013650A8,st_WaitGPFinish,xff-symbol+reloc-jal,high,recomp,
0x01365110,0x013653D8,GAMECORE,sub_01365110,parseHydeObject,xff-symbol+reloc-jal+reloc-j,high,recomp,
0x013653D8,0x01365648,GAMECORE,sub_013653D8,,reloc-jal,high,recomp,
0x01365648,0x01365B48,GAMECORE,sub_01365648,st_jumphokoraflow,xff-symbol+reloc-jal,high,recomp,
0x01365B48,0x01365B58,GAMECORE,sub_01365B48,jumphokoraflowDemoStart,xff-symbol+reloc-jal,high,recomp,
0x01365B58,0x01365B74,GAMECORE,sub_01365B58,jumphokoraflowDemoEnd,xff-symbol+reloc-j,high,recomp,
0x01365B78,0x01365B94,GAMECORE,sub_01365B78,jumphokoraGetDemoInfo,xff-symbol+reloc-jal,high,recomp,
0x01365B98,0x01365D20,GAMECORE,sub_01365B98,,reloc-jal,high,recomp,
0x01365D20,0x01366980,GAMECORE,sub_01365D20,loadObj,xff-symbol+reloc-jal,high,recomp,
0x01366980,0x01366B20,GAMECORE,sub_01366980,,reloc-jal,high,recomp,
0x01366B20,0x01367048,GAMECORE,sub_01366B20,,reloc-jal,high,recomp,
0x01367048,0x013671F4,GAMECORE,sub_01367048,checkReadyPlayerCollision,xff-symbol+reloc-jal,high,recomp,
0x013671F8,0x01367398,GAMECORE,sub_013671F8,commonDataLoad,xff-symbol+reloc-jal,high,recomp,
0x01367398,0x01367718,GAMECORE,sub_01367398,st_reloadtask,xff-symbol+reloc-la,high,recomp,
0x01367718,0x0136772C,GAMECORE,sub_01367718,gcCheckStageLoadFinish,xff-symbol+reloc-jal,high,recomp,
0x01367730,0x013677A4,GAMECORE,sub_01367730,st_collisionalias,xff-symbol+reloc-la,high,recomp,
0x013677A8,0x013677C0,GAMECORE,sub_013677A8,,reloc-la,high,recomp,
0x013677C0,0x013677D4,GAMECORE,sub_013677C0,unloadObj,xff-symbol+reloc-jal,high,recomp,
0x013677D8,0x01367820,GAMECORE,sub_013677D8,getStageLayoutGeometryPointer,xff-symbol+reloc-jal,high,recomp,
0x01367820,0x0136782C,GAMECORE,sub_01367820,checkBoot,xff-symbol,high,recomp,
0x01367830,0x01367890,GAMECORE,sub_01367830,reloadStage,xff-symbol,high,recomp,
0x01367890,0x013678D4,GAMECORE,sub_01367890,reloadStageWithPlayerPos,xff-symbol,high,recomp,
0x013678D8,0x01367938,GAMECORE,sub_013678D8,forceMoveObjToPos,xff-symbol,high,recomp,
0x01367938,0x013679A4,GAMECORE,sub_01367938,languageMenuLoad,xff-symbol+reloc-jal,high,recomp,
0x013679A8,0x013679CC,GAMECORE,sub_013679A8,languageMenuUnload,xff-symbol+reloc-jal,high,recomp,
0x013679D0,0x01367A54,GAMECORE,sub_013679D0,StartLwsDemoManager,xff-symbol+reloc-jal,high,recomp,
0x01367A58,0x01367A70,GAMECORE,sub_01367A58,,reloc-la,high,recomp,
0x01367A70,0x01368814,GAMECORE,sub_01367A70,st_opflow,xff-symbol+reloc-jal,high,recomp,
0x01368818,0x01368830,GAMECORE,sub_01368818,opflowOp1End,xff-symbol+reloc-jal,high,recomp,
0x01368830,0x01368848,GAMECORE,sub_01368830,opflowOp2Start,xff-symbol+reloc-jal,high,recomp,
0x01368848,0x01368874,GAMECORE,sub_01368848,opflowOp2End,xff-symbol+reloc-jal,high,recomp,
0x01368878,0x0136888C,GAMECORE,sub_01368878,opflowChkTitleDemoStart,xff-symbol+reloc-jal,high,recomp,
0x01368890,0x013688A8,GAMECORE,sub_01368890,opflowTitleDmoeEnd,xff-symbol+reloc-j,high,recomp,
0x013688A8,0x013688C8,GAMECORE,sub_013688A8,opflowSetDemoFrame,xff-symbol+reloc-jal,high,recomp,
0x013688C8,0x013688D8,GAMECORE,sub_013688C8,opflowChkAbort,xff-symbol+reloc-jal,high,recomp,
0x013688D8,0x013688E4,GAMECORE,sub_013688D8,opflowChkLoadStart,xff-symbol+reloc-jal,high,recomp,
0x013688E8,0x01368928,GAMECORE,sub_013688E8,opflowCompareOptionData,xff-symbol+reloc-la,high,recomp,
0x01368928,0x01368950,GAMECORE,sub_01368928,,reloc-la,high,recomp,
0x01368950,0x013689C8,GAMECORE,sub_01368950,,reloc-data-ptr,high,recomp,
0x013689C8,0x013689F8,GAMECORE,sub_013689C8,,reloc-data-ptr,high,recomp,
0x013689F8,0x01368A58,GAMECORE,sub_013689F8,,reloc-la,high,recomp,
0x01368A58,0x01368A68,GAMECORE,sub_01368A58,,reloc-la,high,recomp,
0x01368A68,0x01369378,GAMECORE,sub_01368A68,updatePowerWork,xff-symbol+reloc-jal,high,recomp,
0x01369378,0x01369418,GAMECORE,sub_01369378,chkMotionList,xff-symbol+reloc-jal,high,recomp,
0x01369418,0x01369424,GAMECORE,sub_01369418,getPlayerHp,xff-symbol+reloc-jal,high,recomp,
0x01369428,0x013694A4,GAMECORE,sub_01369428,setPlayerHp,xff-symbol+reloc-j+reloc-jal,high,recomp,
0x013694A8,0x01369550,GAMECORE,sub_013694A8,addPlayerHp,xff-symbol+reloc-jal,high,recomp,
0x01369550,0x01369584,GAMECORE,sub_01369550,_getPlayerHpRatio,xff-symbol+reloc-jal,high,recomp,
0x01369588,0x013695C8,GAMECORE,sub_01369588,getPlayerHpRatio,xff-symbol+reloc-jal,high,recomp,
0x013695C8,0x013695E0,GAMECORE,sub_013695C8,getPlayerMaxHp,xff-symbol+reloc-jal,high,recomp,
0x013695E0,0x01369614,GAMECORE,sub_013695E0,setPlayerMaxHp,xff-symbol+reloc-jal,high,recomp,
0x01369618,0x013696B4,GAMECORE,sub_01369618,addPlayerMaxHp,xff-symbol+reloc-jal,high,recomp,
0x013696B8,0x013696C4,GAMECORE,sub_013696B8,getPlayerGrip,xff-symbol+reloc-jal,high,recomp,
0x013696C8,0x01369744,GAMECORE,sub_013696C8,setPlayerGrip,xff-symbol+reloc-jal,high,recomp,
0x01369748,0x013697CC,GAMECORE,sub_01369748,addPlayerGrip,xff-symbol+reloc-jal,high,recomp,
0x013697D0,0x013697E8,GAMECORE,sub_013697D0,getPlayerMaxGrip,xff-symbol+reloc-jal,high,recomp,
0x013697E8,0x01369828,GAMECORE,sub_013697E8,setPlayerMaxGrip,xff-symbol+reloc-jal,high,recomp,
0x01369828,0x0136989C,GAMECORE,sub_01369828,addPlayerMaxGrip,xff-symbol+reloc-jal,high,recomp,
0x013698A0,0x013698D0,GAMECORE,sub_013698A0,getPlayerMaxGripRatio,xff-symbol+reloc-jal,high,recomp,
0x013698D0,0x013698DC,GAMECORE,sub_013698D0,getPlayerO2,xff-symbol,high,recomp,
0x013698E0,0x01369910,GAMECORE,sub_013698E0,setPlayerO2,xff-symbol,high,recomp,
0x01369910,0x01369948,GAMECORE,sub_01369910,addPlayerO2,xff-symbol,high,recomp,
0x01369948,0x01369954,GAMECORE,sub_01369948,initPowerWork,xff-symbol+reloc-jal,high,recomp,
0x01369958,0x01369964,GAMECORE,sub_01369958,resetAttackPower,xff-symbol+reloc-jal,high,recomp,
0x01369968,0x01369984,GAMECORE,sub_01369968,getAttackPowerRatio,xff-symbol+reloc-jal,high,recomp,
0x01369988,0x013699C4,GAMECORE,sub_01369988,getNowPower,xff-symbol,high,recomp,
0x013699C8,0x01369A10,GAMECORE,sub_013699C8,getNowPowerRatio,xff-symbol+reloc-jal,high,recomp,
0x01369A10,0x01369A24,GAMECORE,sub_01369A10,setFullPower,xff-symbol+reloc-j+reloc-jal,high,recomp,
0x01369A28,0x01369A44,GAMECORE,sub_01369A28,SCRPowerReset,xff-symbol,high,recomp,
0x01369A48,0x01369A58,GAMECORE,sub_01369A48,,reloc-la,high,recomp,
0x01369A58,0x01369B28,GAMECORE,sub_01369A58,getStageChipID,xff-symbol+reloc-jal,high,recomp,
0x01369B28,0x01369C34,GAMECORE,sub_01369B28,getStageAreaIndexByPos,xff-symbol,high,recomp,
0x01369C38,0x01369D58,GAMECORE,sub_01369C38,,reloc-jal,high,recomp,
0x01369D58,0x01369F58,GAMECORE,sub_01369D58,,reloc-jal,high,recomp,
0x01369F58,0x0136A560,GAMECORE,sub_01369F58,,reloc-jal,high,recomp,
0x0136A560,0x0136A838,GAMECORE,sub_0136A560,,reloc-la,high,recomp,
0x0136A838,0x0136A8E8,GAMECORE,sub_0136A838,,reloc-j+reloc-jal,medium,recomp,
0x0136A8E8,0x0136AA68,GAMECORE,sub_0136A8E8,,reloc-la,high,recomp,
0x0136AA68,0x0136AC60,GAMECORE,sub_0136AA68,,reloc-jal,high,recomp,
0x0136AC60,0x0136AF70,GAMECORE,sub_0136AC60,EntrySeamlessStageObject,xff-symbol+reloc-jal,high,recomp,
0x0136AF70,0x0136B850,GAMECORE,sub_0136AF70,,reloc-jal,high,recomp,
0x0136B850,0x0136BDF8,GAMECORE,sub_0136B850,,reloc-jal,high,recomp,
0x0136BDF8,0x0136C020,GAMECORE,sub_0136BDF8,,reloc-jal,high,recomp,
0x0136C020,0x0136C748,GAMECORE,sub_0136C020,,reloc-jal,high,recomp,
0x0136C748,0x0136C8DC,GAMECORE,sub_0136C748,SeamlessStageLoadComplete,xff-symbol+reloc-jal,high,recomp,
0x0136C8E0,0x0136CFC0,GAMECORE,sub_0136C8E0,,reloc-jal,high,recomp,
0x0136CFC0,0x0136D0C0,GAMECORE,sub_0136CFC0,,reloc-jal,high,recomp,
0x0136D0C0,0x0136D7C8,GAMECORE,sub_0136D0C0,,reloc-la,high,recomp,
0x0136D7C8,0x0136D980,GAMECORE,sub_0136D7C8,,reloc-jal,high,recomp,
0x0136D980,0x0136DB40,GAMECORE,sub_0136D980,,reloc-jal,high,recomp,
0x0136DB40,0x0136DCD0,GAMECORE,sub_0136DB40,DeleteNoUseLoadAreaGroupData,xff-symbol,high,recomp,
0x0136DCD0,0x0136DEF8,GAMECORE,sub_0136DCD0,,reloc-jal,high,recomp,
0x0136DEF8,0x0136E0A0,GAMECORE,sub_0136DEF8,,reloc-jal,high,recomp,
0x0136E0A0,0x0136E450,GAMECORE,sub_0136E0A0,InitSeamlessStageLoad,xff-symbol+reloc-j,high,recomp,
0x0136E450,0x0136E568,GAMECORE,sub_0136E450,,reloc-la,high,recomp,
0x0136E568,0x0136E8EC,GAMECORE,sub_0136E568,loadCdSeamlessStageFile,xff-symbol,high,recomp,
0x0136E8F0,0x0136E90C,GAMECORE,sub_0136E8F0,getAreaSize,xff-symbol+reloc-jal,high,recomp,
0x0136E910,0x0136E9F0,GAMECORE,sub_0136E910,getStageAreaID,xff-symbol,high,recomp,
0x0136E9F0,0x0136EADC,GAMECORE,sub_0136E9F0,getStageAreaName,xff-symbol+reloc-jal,high,recomp,
0x0136EAE0,0x0136EB70,GAMECORE,sub_0136EAE0,getStageAreaNameUV,xff-symbol,high,recomp,
0x0136EB70,0x0136EBCC,GAMECORE,sub_0136EB70,getPosOnMap,xff-symbol+reloc-jal,high,recomp,
0x0136EBD0,0x0136EC74,GAMECORE,sub_0136EBD0,SetSeamlessZFogDist,xff-symbol,high,recomp,
0x0136EC78,0x0136EC84,GAMECORE,sub_0136EC78,getSeamlessStageHighModelDispDist,xff-symbol,high,recomp,
0x0136EC88,0x0136EC94,GAMECORE,sub_0136EC88,getSeamlessStageMiddleModelDispDist,xff-symbol,high,recomp,
0x0136EC98,0x0136ECA4,GAMECORE,sub_0136EC98,getSeamlessStageHighModelDispDistDefault,xff-symbol+reloc-jal,high,recomp,
0x0136ECA8,0x0136ECB4,GAMECORE,sub_0136ECA8,getSeamlessStageMiddleModelDispDistDefault,xff-symbol+reloc-jal,high,recomp,
0x0136ECB8,0x0136ED18,GAMECORE,sub_0136ECB8,getStageChipIDReal,xff-symbol,high,recomp,
0x0136ED18,0x0136ED94,GAMECORE,sub_0136ED18,getStageChipIDWithOffset,xff-symbol,high,recomp,
0x0136ED98,0x0136EDEC,GAMECORE,sub_0136ED98,getStageNormalizePosition,xff-symbol,high,recomp,
0x0136EDF0,0x0136EE54,GAMECORE,sub_0136EDF0,getCameraPosOnMap,xff-symbol,high,recomp,
0x0136EE58,0x0136EF04,GAMECORE,sub_0136EE58,getSeamlessStageCenter,xff-symbol,high,recomp,
0x0136EF08,0x0136EF14,GAMECORE,sub_0136EF08,getSeamlessStageEnv,xff-symbol+reloc-jal,high,recomp,
0x0136EF18,0x0136EFE8,GAMECORE,sub_0136EF18,getStageLayout,xff-symbol,high,recomp,
0x0136EFE8,0x0136F060,GAMECORE,sub_0136EFE8,getStageStat,xff-symbol,high,recomp,
0x0136F060,0x0136F06C,GAMECORE,sub_0136F060,GetLoadAreaGroupData,xff-symbol,high,recomp,
0x0136F070,0x0136F0C8,GAMECORE,sub_0136F070,CreateLoadAreaGroupData,xff-symbol,high,recomp,
0x0136F0C8,0x0136F138,GAMECORE,sub_0136F0C8,DeleteLoadAreaGroupData,xff-symbol,high,recomp,
0x0136F138,0x0136F148,GAMECORE,sub_0136F138,forceLoadSeamlessStage,xff-symbol+reloc-jal,high,recomp,
0x0136F148,0x0136F154,GAMECORE,sub_0136F148,SetSeamlessStageControlObject,xff-symbol+reloc-jal,high,recomp,
0x0136F158,0x0136F178,GAMECORE,sub_0136F158,UpdateSeamlessStageLoad,xff-symbol,high,recomp,
0x0136F178,0x0136F1D8,GAMECORE,sub_0136F178,DeleteAllSeamlessStageObject,xff-symbol,high,recomp,
0x0136F1D8,0x0136F214,GAMECORE,sub_0136F1D8,DeleteSeamlessStageLoad,xff-symbol,high,recomp,
0x0136F218,0x0136F238,GAMECORE,sub_0136F218,GetStageChipNum,xff-symbol,high,recomp,
0x0136F238,0x0136F244,GAMECORE,sub_0136F238,GetSeamlessStageObjectGroup,xff-symbol,high,recomp,
0x0136F248,0x0136F268,GAMECORE,sub_0136F248,PauseSeamlessStageManager,xff-symbol+reloc-jal,high,recomp,
0x0136F268,0x0136F348,GAMECORE,sub_0136F268,UnloadAllSeamlessStageObject,xff-symbol+reloc-jal,high,recomp,
0x0136F348,0x0136F390,GAMECORE,sub_0136F348,getChipNo,xff-symbol,high,recomp,
0x0136F390,0x0136F420,GAMECORE,sub_0136F390,getStageIDWithOffset,xff-symbol,high,recomp,
0x0136F420,0x0136F460,GAMECORE,sub_0136F420,getStageStatByChipNo,xff-symbol,high,recomp,
0x0136F460,0x0136F51C,GAMECORE,sub_0136F460,ClearStageChipParam,xff-symbol,high,recomp,
0x0136F520,0x0136F574,GAMECORE,sub_0136F520,getStageChipIDFloat,xff-symbol,high,recomp,
0x0136F578,0x0136F600,GAMECORE,sub_0136F578,,reloc-la,high,recomp,
0x0136F600,0x0136F688,GAMECORE,sub_0136F600,,reloc-la,high,recomp,
0x0136F688,0x0136F714,GAMECORE,sub_0136F688,seamlessstage_mallocerrorfunc,xff-symbol,high,recomp,
0x0136F718,0x0136F724,GAMECORE,sub_0136F718,isSeamlessStage,xff-symbol+reloc-jal,high,recomp,
0x0136F728,0x0136F7C0,GAMECORE,sub_0136F728,initSeamlessStageObj,xff-symbol,high,recomp,
0x0136F7C0,0x0136F8F4,GAMECORE,sub_0136F7C0,unloadCdSeamlessStageFile,xff-symbol,high,recomp,
0x0136F8F8,0x0136FA08,GAMECORE,sub_0136F8F8,WaitUnloadSeamlessStageObject,xff-symbol,high,recomp,
0x0136FA08,0x0136FAA0,GAMECORE,sub_0136FA08,,reloc-la,high,recomp,
0x0136FAA0,0x0136FAC0,GAMECORE,sub_0136FAA0,RestartSeamlessStage,xff-symbol,high,recomp,
0x0136FAC0,0x0136FAD4,GAMECORE,sub_0136FAC0,initStageAlignParam,xff-symbol,high,recomp,
0x0136FAD8,0x0136FB38,GAMECORE,sub_0136FAD8,deleteStageAlignParam,xff-symbol,high,recomp,
0x0136FB38,0x0136FBD0,GAMECORE,sub_0136FB38,,reloc-la,high,recomp,
0x0136FBD0,0x0136FD84,GAMECORE,sub_0136FBD0,initSlowObject,xff-symbol,high,recomp,
0x0136FD88,0x0136FF14,GAMECORE,sub_0136FD88,deleteSlowObject,xff-symbol,high,recomp,
0x0136FF18,0x0136FF58,GAMECORE,sub_0136FF18,initSlowManager,xff-symbol+reloc-jal,high,recomp,
0x0136FF58,0x01370084,GAMECORE,sub_0136FF58,createSpecialEffectObj,xff-symbol+reloc-jal,high,recomp,
0x01370088,0x0137011C,GAMECORE,sub_01370088,updateSpecialEffectManager,xff-symbol+reloc-jal,high,recomp,
0x01370120,0x01370128,GAMECORE,sub_01370120,getSpecialEffectObjWork,xff-symbol+reloc-jal,high,recomp,
0x01370128,0x013702D0,GAMECORE,sub_01370128,,reloc-jal,high,recomp,
0x013702D0,0x01370610,GAMECORE,sub_013702D0,,reloc-jal,high,recomp,
0x01370610,0x01370B48,GAMECORE,sub_01370610,,reloc-jal,high,recomp,
0x01370B48,0x01370DA0,GAMECORE,sub_01370B48,,reloc-jal,high,recomp,
0x01370DA0,0x01370FE0,GAMECORE,sub_01370DA0,,reloc-la,high,recomp,
0x01370FE0,0x01371044,GAMECORE,sub_01370FE0,StaffRollStart,xff-symbol,high,recomp,
0x01371048,0x01371074,GAMECORE,sub_01371048,StaffRollCancel,xff-symbol,high,recomp,
0x01371078,0x013711D8,GAMECORE,sub_01371078,getstagenumber,xff-symbol+reloc-jal,high,recomp,
0x013711D8,0x01371678,GAMECORE,sub_013711D8,,reloc-jal,high,recomp,
0x01371678,0x01371A54,GAMECORE,sub_01371678,initlayout,xff-symbol+reloc-j+reloc-jal,high,recomp,
0x01371A58,0x01371C48,GAMECORE,sub_01371A58,,reloc-la,high,recomp,
0x01371C48,0x01371DD8,GAMECORE,sub_01371C48,,reloc-la,high,recomp,
0x01371DD8,0x01372010,GAMECORE,sub_01371DD8,,reloc-jal+reloc-j,high,recomp,
0x01372010,0x01372248,GAMECORE,sub_01372010,,reloc-jal,high,recomp,
0x01372248,0x013723B8,GAMECORE,sub_01372248,,reloc-jal,high,recomp,
0x013723B8,0x01372528,GAMECORE,sub_013723B8,,reloc-jal+reloc-j,high,recomp,
0x01372528,0x01372718,GAMECORE,sub_01372528,,reloc-jal+reloc-la,high,recomp,
0x01372718,0x01372908,GAMECORE,sub_01372718,,reloc-jal+reloc-la,high,recomp,
0x01372908,0x01372B10,GAMECORE,sub_01372908,,reloc-jal+reloc-j,high,recomp,
0x01372B10,0x01372E58,GAMECORE,sub_01372B10,,reloc-jal,high,recomp,
0x01372E58,0x01372FF8,GAMECORE,sub_01372E58,,reloc-la,high,recomp,
0x01372FF8,0x01373190,GAMECORE,sub_01372FF8,,reloc-jal,high,recomp,
0x01373190,0x01373378,GAMECORE,sub_01373190,,reloc-jal,high,recomp,
0x01373378,0x01375B50,GAMECORE,sub_01373378,,reloc-jal,high,recomp,
0x01375B50,0x01375E48,GAMECORE,sub_01375B50,,reloc-jal,high,recomp,
0x01375E48,0x01376250,GAMECORE,sub_01375E48,,reloc-jal,high,recomp,
0x01376250,0x013763A0,GAMECORE,sub_01376250,,reloc-la,high,recomp,
0x013763A0,0x013765C0,GAMECORE,sub_013763A0,GetStageContext,xff-symbol+reloc-jal,high,recomp,
0x013765C0,0x013767D8,GAMECORE,sub_013765C0,StageManagerCheckAreaExist,xff-symbol+reloc-jal,high,recomp,
0x013767D8,0x01376A58,GAMECORE,sub_013767D8,,reloc-jal,high,recomp,
0x01376A58,0x01376C20,GAMECORE,sub_01376A58,,reloc-jal+reloc-j,high,recomp,
0x01376C20,0x01376CFC,GAMECORE,sub_01376C20,stagemanager_checkstageAlreadyLoadRequestedByStrptr,xff-symbol+reloc-jal+reloc-la,high,recomp,
0x01376D00,0x01376E30,GAMECORE,sub_01376D00,stagemanager_loadstageByStrptrWithTargetObjectAreaCenter,xff-symbol+reloc-j+reloc-jal,high,recomp,
0x01376E30,0x01376E78,GAMECORE,sub_01376E30,GetStageContextByPos,xff-symbol+reloc-jal,high,recomp,
0x01376E78,0x01376E84,GAMECORE,sub_01376E78,GetWorldLayoutSheetSegHeader,xff-symbol+reloc-jal,high,recomp,
0x01376E88,0x01376EC8,GAMECORE,sub_01376E88,gcGetStageData,xff-symbol+reloc-jal,high,recomp,
0x01376EC8,0x01376EF4,GAMECORE,sub_01376EC8,gcGetNbStages,xff-symbol,high,recomp,
0x01376EF8,0x01376FF4,GAMECORE,sub_01376EF8,CreateStageManager,xff-symbol+reloc-jal,high,recomp,
0x01376FF8,0x01377010,GAMECORE,sub_01376FF8,SetupStageManager,xff-symbol+reloc-jal,high,recomp,
0x01377010,0x01377024,GAMECORE,sub_01377010,SetupStageManagerWithVariationId,xff-symbol+reloc-jal,high,recomp,
0x01377028,0x01377108,GAMECORE,sub_01377028,CheckStageManagerLoadArea,xff-symbol,high,recomp,
0x01377108,0x0137713C,GAMECORE,sub_01377108,GetStageCenter,xff-symbol+reloc-jal,high,recomp,
0x01377140,0x01377180,GAMECORE,sub_01377140,GetStageName,xff-symbol+reloc-jal,high,recomp,
0x01377180,0x013771CC,GAMECORE,sub_01377180,GetStageAreaNumber,xff-symbol+reloc-jal,high,recomp,
0x013771D0,0x01377210,GAMECORE,sub_013771D0,GetStageAreaNumberByPos,xff-symbol+reloc-jal,high,recomp,
0x01377210,0x01377290,GAMECORE,sub_01377210,GetStageNumberByPos,xff-symbol,high,recomp,
0x01377290,0x0137735C,GAMECORE,sub_01377290,SetStageManagerAreaPreload,xff-symbol+reloc-jal,high,recomp,
0x01377360,0x01377448,GAMECORE,sub_01377360,SetStageManagerAreaPreloadWithAreaOffset,xff-symbol+reloc-jal,high,recomp,
0x01377448,0x013774B8,GAMECORE,sub_01377448,stagemanager_createsubthread,xff-symbol+reloc-j,high,recomp,
0x013774B8,0x013774FC,GAMECORE,sub_013774B8,stagemanager_loadstage,xff-symbol,high,recomp,
0x01377500,0x01377540,GAMECORE,sub_01377500,stagemanager_unloadstage,xff-symbol+reloc-jal,high,recomp,
0x01377540,0x013775E8,GAMECORE,sub_01377540,stagemanager_getStageNumberWithStageDataStrptr,xff-symbol+reloc-jal,high,recomp,
0x013775E8,0x01377704,GAMECORE,sub_013775E8,stagemanager_loadstagecore,xff-symbol+reloc-jal,high,recomp,
0x01377708,0x013777CC,GAMECORE,sub_01377708,stagemanager_unloadstagecore,xff-symbol+reloc-jal+reloc-j,high,recomp,
0x013777D0,0x013777DC,GAMECORE,sub_013777D0,stagemanager_GetStageAlignParam,xff-symbol,high,recomp,
0x013777E0,0x01377864,GAMECORE,sub_013777E0,GetStageNumberNumber,xff-symbol+reloc-jal,high,recomp,
0x01377868,0x01377908,GAMECORE,sub_01377868,stagemanager_refleshCurrentArea,xff-symbol,high,recomp,
0x01377908,0x01377928,GAMECORE,sub_01377908,stagemanager_restartstagecore,xff-symbol+reloc-jal+reloc-j,high,recomp,
0x01377928,0x013779C8,GAMECORE,sub_01377928,stagemanager_getCenterFromAreaId,xff-symbol+reloc-jal,high,recomp,
0x013779C8,0x01377A00,GAMECORE,sub_013779C8,stagemanager_getNbWorldLayoutDatas,xff-symbol+reloc-jal,high,recomp,
0x01377A00,0x01377A44,GAMECORE,sub_01377A00,stagemanager_checkstageAlreadyLoadRequested,xff-symbol,high,recomp,
0x01377A48,0x01377A5C,GAMECORE,sub_01377A48,stagemanager_checkstageAlreadyLoaded,xff-symbol,high,recomp,
0x01377A60,0x01377B20,GAMECORE,sub_01377A60,stagemanager_checkstageAlreadyLoadedByStrptr,xff-symbol+reloc-jal+reloc-j,high,recomp,
0x01377B20,0x01377B70,GAMECORE,sub_01377B20,stagemanager_checkstageAlreadyLoadedByStageData,xff-symbol+reloc-jal,high,recomp,
0x01377B70,0x01377C50,GAMECORE,sub_01377B70,stagemanager_unloadstageByStrptr,xff-symbol+reloc-j+reloc-jal,high,recomp,
0x01377C50,0x01377CD0,GAMECORE,sub_01377C50,stagemanager_changeSegmentVariation,xff-symbol+reloc-j,high,recomp,
0x01377CD0,0x01377CDC,GAMECORE,sub_01377CD0,stagemanager_getSegmentVariation,xff-symbol+reloc-jal,high,recomp,
0x01377CE0,0x01377D60,GAMECORE,sub_01377CE0,FlushStageManager,xff-symbol+reloc-jal,high,recomp,
0x01377D60,0x01377D84,GAMECORE,sub_01377D60,stagemanager_loadstage_nowait_norefcount,xff-symbol+reloc-jal,high,recomp,
0x01377D88,0x01377E4C,GAMECORE,sub_01377D88,stagemanager_unloadstageByStrptr_nowait_norefcount,xff-symbol+reloc-j,high,recomp,
0x01377E50,0x01377E5C,GAMECORE,sub_01377E50,getWorldLayoutHead,xff-symbol+reloc-jal,high,recomp,
0x01377E60,0x01377E68,GAMECORE,sub_01377E60,initStageLayout,xff-symbol,high,recomp,
0x01377E68,0x01377E70,GAMECORE,sub_01377E68,deleteStageLayout,xff-symbol,high,recomp,
0x01377E70,0x01377E7C,GAMECORE,sub_01377E70,initWorldLayout,xff-symbol,high,recomp,
0x01377E80,0x01377E8C,GAMECORE,sub_01377E80,deleteWorldLayout,xff-symbol,high,recomp,
0x01377E90,0x01377F4C,GAMECORE,sub_01377E90,initGameObject,xff-symbol,high,recomp,
0x01377F50,0x01378030,GAMECORE,sub_01377F50,deleteGameObject,xff-symbol,high,recomp,
0x01378030,0x01378138,GAMECORE,sub_01378030,,reloc-la,high,recomp,
0x01378138,0x01378200,GAMECORE,sub_01378138,,reloc-la,high,recomp,
0x01378200,0x01378328,GAMECORE,sub_01378200,,reloc-la,high,recomp,
0x01378328,0x013783F8,GAMECORE,sub_01378328,,reloc-la,high,recomp,
0x013783F8,0x01378420,GAMECORE,sub_013783F8,,reloc-la,high,recomp,
0x01378420,0x01378498,GAMECORE,sub_01378420,,reloc-la,high,recomp,
0x01378498,0x01378510,GAMECORE,sub_01378498,,reloc-la,high,recomp,
0x01378510,0x01378620,GAMECORE,sub_01378510,,reloc-la,high,recomp,
0x01378620,0x013786E8,GAMECORE,sub_01378620,,reloc-la,high,recomp,
0x013786E8,0x013788E8,GAMECORE,sub_013786E8,st_stageboundary,xff-symbol+reloc-la,high,recomp,
0x013788E8,0x01378A00,GAMECORE,sub_013788E8,,reloc-data-ptr,high,recomp,
0x01378A00,0x01378A58,GAMECORE,sub_01378A00,,reloc-data-ptr,high,recomp,
0x01378A58,0x01378AE4,GAMECORE,sub_01378A58,PauseStageBoundaryManager,xff-symbol+reloc-jal,high,recomp,
0x01378AE8,0x01378B24,GAMECORE,sub_01378AE8,CreateStageBoundaryManager,xff-symbol+reloc-jal,high,recomp,
0x01378B28,0x01378CE8,GAMECORE,sub_01378B28,st_controltarget,xff-symbol+reloc-la,high,recomp,
0x01378CE8,0x01378CF4,GAMECORE,sub_01378CE8,getBossExtControl,xff-symbol,high,recomp,
0x01378CF8,0x01378D04,GAMECORE,sub_01378CF8,getTargetAIControlMode,xff-symbol,high,recomp,
0x01378D08,0x01378E84,GAMECORE,sub_01378D08,time_attack_search,xff-symbol,high,recomp,
0x01378E88,0x01378F9C,GAMECORE,sub_01378E88,time_attack_init_gstat_adrs,xff-symbol+reloc-jal,high,recomp,
0x01378FA0,0x01378FAC,GAMECORE,sub_01378FA0,time_attack_get_best_time,xff-symbol+reloc-jal,high,recomp,
0x01378FB0,0x01378FD4,GAMECORE,sub_01378FB0,time_attack_set_best_time,xff-symbol+reloc-jal,high,recomp,
0x01378FD8,0x01378FE4,GAMECORE,sub_01378FD8,time_attack_get_boss_status,xff-symbol+reloc-jal,high,recomp,
0x01378FE8,0x01378FFC,GAMECORE,sub_01378FE8,time_attack_end,xff-symbol+reloc-jal,high,recomp,
0x01379000,0x013790B8,GAMECORE,sub_01379000,time_attack_start,xff-symbol+reloc-jal,high,recomp,
0x013790B8,0x01379124,GAMECORE,sub_013790B8,time_attack_retry,xff-symbol+reloc-jal,high,recomp,
0x01379128,0x013791A0,GAMECORE,sub_01379128,time_attack_get_clear_num,xff-symbol+reloc-jal,high,recomp,
0x013791A0,0x013791BC,GAMECORE,sub_013791A0,time_attack_begin,xff-symbol,high,recomp,
0x013791C0,0x013794B0,GAMECORE,sub_013791C0,,reloc-jal,high,recomp,
0x013794B0,0x01379748,GAMECORE,sub_013794B0,,reloc-jal,high,recomp,
0x01379748,0x01379998,GAMECORE,sub_01379748,,reloc-jal,high,recomp,
0x01379998,0x01379B80,GAMECORE,sub_01379998,,reloc-j,medium,recomp,
0x01379B80,0x0137A3C0,GAMECORE,sub_01379B80,,reloc-j,medium,recomp,
0x0137A3C0,0x0137A56C,GAMECORE,sub_0137A3C0,soundScriptTickProc,xff-symbol+reloc-j,high,recomp,
0x0137A570,0x0137A710,GAMECORE,sub_0137A570,bgmDemoPackagePreload,xff-symbol+reloc-jal,high,recomp,
0x0137A710,0x0137ADA0,GAMECORE,sub_0137A710,,reloc-jal,high,recomp,
0x0137ADA0,0x0137AED8,GAMECORE,sub_0137ADA0,initAdpcmPackage,xff-symbol,high,recomp,
0x0137AED8,0x0137B010,GAMECORE,sub_0137AED8,deleteAdpcmPackage,xff-symbol,high,recomp,
0x0137B010,0x0137B0D0,GAMECORE,sub_0137B010,bgmScriptSetStatus,xff-symbol+reloc-jal,high,recomp,
0x0137B0D0,0x0137B1A0,GAMECORE,sub_0137B0D0,bgmPlayerDemoEndTypeAllClose,xff-symbol+reloc-jal,high,recomp,
0x0137B1A0,0x0137B294,GAMECORE,sub_0137B1A0,bgmMinPriorityForceClose,xff-symbol+reloc-jal,high,recomp,
0x0137B298,0x0137B2E0,GAMECORE,sub_0137B298,bgmScriptTickProc,xff-symbol+reloc-jal,high,recomp,
0x0137B2E0,0x0137B2F4,GAMECORE,sub_0137B2E0,bgmScriptBossTickProc,xff-symbol+reloc-jal,high,recomp,
0x0137B2F8,0x0137B318,GAMECORE,sub_0137B2F8,bgmScriptSendSoundSignal,xff-symbol,high,recomp,
0x0137B318,0x0137B34C,GAMECORE,sub_0137B318,bgmScriptRecvSoundSignal,xff-symbol+reloc-j,high,recomp,
0x0137B350,0x0137B42C,GAMECORE,sub_0137B350,bgmDemoPackagePlay,xff-symbol+reloc-jal,high,recomp,
0x0137B430,0x0137B43C,GAMECORE,sub_0137B430,bgmEnvTickProckMask,xff-symbol+reloc-jal,high,recomp,
0x0137B440,0x0137B484,GAMECORE,sub_0137B440,initBgmScript,xff-symbol+reloc-jal,high,recomp,
0x0137B488,0x0137B4D8,GAMECORE,sub_0137B488,,reloc-la,high,recomp,
0x0137B4D8,0x0137B4E8,GAMECORE,sub_0137B4D8,bossNormalHook,xff-symbol+reloc-la,high,recomp,
0x0137B4E8,0x0137B508,GAMECORE,sub_0137B4E8,,reloc-la,high,recomp,
0x0137B508,0x0137B558,GAMECORE,sub_0137B508,,reloc-la,high,recomp,
0x0137B558,0x0137B568,GAMECORE,sub_0137B558,scriptNormalHook,xff-symbol+reloc-la,high,recomp,
0x0137B568,0x0137B570,GAMECORE,sub_0137B568,,reloc-la,high,recomp,
0x0137B570,0x0137B580,GAMECORE,sub_0137B570,demoNormalHook,xff-symbol+reloc-la,high,recomp,
0x0137B580,0x0137B588,GAMECORE,sub_0137B580,initAdpcmOrient,xff-symbol,high,recomp,
0x0137B588,0x0137B64C,GAMECORE,sub_0137B588,deleteAdpcmOrient,xff-symbol,high,recomp,
0x0137B650,0x0137B8B8,GAMECORE,sub_0137B650,,reloc-la,high,recomp,
0x0137B8B8,0x0137B990,GAMECORE,sub_0137B8B8,bgmAutoStart,xff-symbol+reloc-jal,high,recomp,
0x0137B990,0x0137BA74,GAMECORE,sub_0137B990,bgmStandbyWithPri,xff-symbol+reloc-jal,high,recomp,
0x0137BA78,0x0137BB54,GAMECORE,sub_0137BA78,bgmStandby,xff-symbol+reloc-jal,high,recomp,
0x0137BB58,0x0137BB94,GAMECORE,sub_0137BB58,bgmChkStandbyComplete,xff-symbol+reloc-jal,high,recomp,
0x0137BB98,0x0137BBAC,GAMECORE,sub_0137BB98,bgmPlay,xff-symbol+reloc-jal,high,recomp,
0x0137BBB0,0x0137BBD0,GAMECORE,sub_0137BBB0,bgmStop,xff-symbol+reloc-jal+reloc-j,high,recomp,
0x0137BBD0,0x0137BBD8,GAMECORE,sub_0137BBD0,bgmStopChk,xff-symbol+reloc-jal,high,recomp,
0x0137BBD8,0x0137BC30,GAMECORE,sub_0137BBD8,bgmStopAllAttr,xff-symbol,high,recomp,
0x0137BC30,0x0137BC48,GAMECORE,sub_0137BC30,bgmChangeVol,xff-symbol+reloc-jal,high,recomp,
0x0137BC48,0x0137BC50,GAMECORE,sub_0137BC48,bgmStartGameOver,xff-symbol+reloc-jal,high,recomp,
0x0137BC50,0x0137BC58,GAMECORE,sub_0137BC50,bgmEndGameOver,xff-symbol+reloc-jal,high,recomp,
0x0137BC58,0x0137BC60,GAMECORE,sub_0137BC58,bgmStageInit,xff-symbol+reloc-jal,high,recomp,
0x0137BC60,0x0137BC9C,GAMECORE,sub_0137BC60,CreateBgmThread,xff-symbol+reloc-jal,high,recomp,
0x0137BCA0,0x0137BCDC,GAMECORE,sub_0137BCA0,CreateWindThread,xff-symbol,high,recomp,
0x0137BCE0,0x0137BCE8,GAMECORE,sub_0137BCE0,,reloc-la,high,recomp,
0x0137BCE8,0x0137C388,GAMECORE,sub_0137BCE8,,reloc-la,high,recomp,
0x0137C388,0x0137C3A4,GAMECORE,sub_0137C388,active_demo_end,xff-symbol+reloc-jal,high,recomp,
0x0137C3A8,0x0137C528,GAMECORE,sub_0137C3A8,,reloc-la,high,recomp,
0x0137C528,0x0137C5C8,GAMECORE,sub_0137C528,demo_last_battle1,xff-symbol,high,recomp,
0x0137C5C8,0x0137C5EC,GAMECORE,sub_0137C5C8,demo_brige_resetHorseParent,xff-symbol,high,recomp,
0x0137C5F0,0x0137C614,GAMECORE,sub_0137C5F0,demo_brige_resetHorseBridle,xff-symbol,high,recomp,
0x0137C618,0x0137C688,GAMECORE,sub_0137C618,demo_bridge_setHorseBridle,xff-symbol,high,recomp,
0x0137C688,0x0137C6D8,GAMECORE,sub_0137C688,,reloc-la,high,recomp,
0x0137C6D8,0x0137C728,GAMECORE,sub_0137C6D8,,reloc-la,high,recomp,
0x0137C728,0x0137C758,GAMECORE,sub_0137C728,,reloc-la,high,recomp,
0x0137C758,0x0137C870,GAMECORE,sub_0137C758,,reloc-jal,high,recomp,
0x0137C870,0x0137DCF8,GAMECORE,sub_0137C870,,reloc-la,high,recomp,
0x0137DCF8,0x0137DF3C,GAMECORE,sub_0137DCF8,arrowManagerInit,xff-symbol+reloc-la,high,recomp,
0x0137DF40,0x0137E610,GAMECORE,sub_0137DF40,SCRSetupArrow1ByPlayer2,xff-symbol+reloc-jal,high,recomp,
0x0137E610,0x0137EAA0,GAMECORE,sub_0137E610,,reloc-la,high,recomp,
0x0137EAA0,0x0137EBD8,GAMECORE,sub_0137EAA0,,reloc-jal,high,recomp,
0x0137EBD8,0x0137F140,GAMECORE,sub_0137EBD8,,reloc-jal,high,recomp,
0x0137F140,0x0137F220,GAMECORE,sub_0137F140,arrowFilter,xff-symbol+reloc-la+reloc-jal,high,recomp,
0x0137F220,0x0137F30C,GAMECORE,sub_0137F220,getSoundBowPos,xff-symbol+reloc-jal,high,recomp,
0x0137F310,0x0137F374,GAMECORE,sub_0137F310,existSoundBow,xff-symbol+reloc-j,high,recomp,
0x0137F378,0x0137F4A0,GAMECORE,sub_0137F378,chkNearStickArrow,xff-symbol+reloc-j,high,recomp,
0x0137F4A0,0x0137F52C,GAMECORE,sub_0137F4A0,allArrowRelease,xff-symbol+reloc-jal,high,recomp,
0x0137F530,0x0137F5F4,GAMECORE,sub_0137F530,arrowObjThrustParent,xff-symbol+reloc-jal,high,recomp,
0x0137F5F8,0x0137F6A8,GAMECORE,sub_0137F5F8,getArrowObjParent,xff-symbol+reloc-jal,high,recomp,
0x0137F6A8,0x0137F6B8,GAMECORE,sub_0137F6A8,,reloc-jal,high,recomp,
0x0137F6B8,0x0137F7A8,GAMECORE,sub_0137F6B8,,reloc-jal,high,recomp,
0x0137F7A8,0x0137F7C8,GAMECORE,sub_0137F7A8,,reloc-jal,high,recomp,
0x0137F7C8,0x0137F860,GAMECORE,sub_0137F7C8,,reloc-jal,high,recomp,
0x0137F860,0x0137F8A0,GAMECORE,sub_0137F860,,reloc-jal,high,recomp,
0x0137F8A0,0x0137F950,GAMECORE,sub_0137F8A0,,reloc-jal,high,recomp,
0x0137F950,0x0137F960,GAMECORE,sub_0137F950,,reloc-la,high,recomp,
0x0137F960,0x0137FA74,GAMECORE,sub_0137F960,nico_birdBossStart,xff-symbol,high,recomp,
0x0137FA78,0x0137FC78,GAMECORE,sub_0137FA78,SCRFuncBirdSetAttainPosForPathData,xff-symbol,high,recomp,
0x0137FC78,0x0137FD28,GAMECORE,sub_0137FC78,,reloc-la,high,recomp,
0x0137FD28,0x0137FDE8,GAMECORE,sub_0137FD28,SCRFuncBirdSetLandingPos,xff-symbol,high,recomp,
0x0137FDE8,0x0137FE0C,GAMECORE,sub_0137FDE8,SCRFuncBirdInitRotMode,xff-symbol,high,recomp,
0x0137FE10,0x01380108,GAMECORE,sub_0137FE10,SCRFuncBirdInputRotateMotionKey,xff-symbol,high,recomp,
0x01380108,0x0138020C,GAMECORE,sub_01380108,SCRFuncBirdSetAttainNearPosForPathData,xff-symbol,high,recomp,
0x01380210,0x01380314,GAMECORE,sub_01380210,SCRFuncBirdSetAttainFarPosForPathData,xff-symbol,high,recomp,
0x01380318,0x01380498,GAMECORE,sub_01380318,,reloc-jal,high,recomp,
0x01380498,0x013805F4,GAMECORE,sub_01380498,mcBootGetDisplayMode,xff-symbol+reloc-jal,high,recomp,
0x013805F8,0x013809C8,GAMECORE,sub_013805F8,st_mcBootChk,xff-symbol+reloc-la,high,recomp,
0x013809C8,0x01381180,GAMECORE,sub_013809C8,bootmccheck,xff-symbol,high,recomp,
0x01381180,0x013811B0,GAMECORE,sub_01381180,bootmccheckscript,xff-symbol+reloc-jal,high,recomp,
0x013811B0,0x013811BC,GAMECORE,sub_013811B0,bootmccheckscriptNoBoot,xff-symbol+reloc-jal,high,recomp,
0x013811C0,0x01381398,GAMECORE,sub_013811C0,bootscelogo,xff-symbol,high,recomp,
0x01381398,0x013813C8,GAMECORE,sub_01381398,bootscelogoscript,xff-symbol+reloc-jal,high,recomp,
0x013813C8,0x013813E4,GAMECORE,sub_013813C8,SCRBossDebugDeath,xff-symbol,high,recomp,
0x013813E8,0x01381404,GAMECORE,sub_013813E8,SCRMammothBreaksWall,xff-symbol,high,recomp,
0x01381408,0x01381448,GAMECORE,sub_01381408,,reloc-la,high,recomp,
0x01381448,0x01381478,GAMECORE,sub_01381448,,reloc-la,high,recomp,
0x01381478,0x01381838,GAMECORE,sub_01381478,,reloc-jal,high,recomp,
0x01381838,0x01382550,GAMECORE,sub_01381838,,reloc-jal,high,recomp,
0x01382550,0x01382CB0,GAMECORE,sub_01382550,,reloc-jal,high,recomp,
0x01382CB0,0x01383258,GAMECORE,sub_01382CB0,,reloc-jal,high,recomp,
0x01383258,0x01384710,GAMECORE,sub_01383258,,reloc-jal,high,recomp,
0x01384710,0x01384DD0,GAMECORE,sub_01384710,,reloc-jal,high,recomp,
0x01384DD0,0x01384FA4,GAMECORE,sub_01384DD0,nico_IK_footPosCalc,xff-symbol,high,recomp,
0x01384FA8,0x0138517C,GAMECORE,sub_01384FA8,nico_IK_footPosCalcLeafDirectConnect,xff-symbol,high,recomp,
0x01385180,0x013852A0,GAMECORE,sub_01385180,nico_IK_footPosCalc_AimPositionXZ,xff-symbol,high,recomp,
0x013852A0,0x013853C0,GAMECORE,sub_013852A0,nico_IK_footPosCalcLeafDirectConnect_AimPositionXZ,xff-symbol,high,recomp,
0x013853C0,0x01385684,GAMECORE,sub_013853C0,nico_IK_legGetLower,xff-symbol,high,recomp,
0x01385688,0x01385B3C,GAMECORE,sub_01385688,nico_IK_legCalcAndSetUpper,xff-symbol,high,recomp,
0x01385B40,0x01385DC8,GAMECORE,sub_01385B40,nico_IK_legSetLower,xff-symbol,high,recomp,
0x01385DC8,0x01385F84,GAMECORE,sub_01385DC8,nico_IK_legSetLowerFit,xff-symbol,high,recomp,
0x01385F88,0x013860F8,GAMECORE,sub_01385F88,,reloc-jal,high,recomp,
0x013860F8,0x013861F0,GAMECORE,sub_013860F8,character_ikcolattrfilter,xff-symbol+reloc-la,high,recomp,
0x013861F0,0x01386210,GAMECORE,sub_013861F0,getPinAttackIKWorkSize,xff-symbol,high,recomp,
0x01386210,0x01386294,GAMECORE,sub_01386210,initPinAttackIKWork,xff-symbol,high,recomp,
0x01386298,0x01386350,GAMECORE,sub_01386298,SCRSetCharacterObjPinAttackIKTargetInfo,xff-symbol+reloc-jal,high,recomp,
0x01386350,0x01386378,GAMECORE,sub_01386350,,reloc-la,high,recomp,
0x01386378,0x01386538,GAMECORE,sub_01386378,GetVolumeClippedTargetPos,xff-symbol+reloc-jal,high,recomp,
0x01386538,0x0138668C,GAMECORE,sub_01386538,nico_IK_getAddSubPosition,xff-symbol+reloc-jal+reloc-j,high,recomp,
0x01386690,0x013867EC,GAMECORE,sub_01386690,nico_IK_legAddSubPosition,xff-symbol,high,recomp,
0x013867F0,0x01386964,GAMECORE,sub_013867F0,nico_IK_legGetUpper,xff-symbol,high,recomp,
0x01386968,0x01386970,GAMECORE,sub_01386968,nico_IK_leafSetWithMotion,xff-symbol,high,recomp,
0x01386970,0x013869A0,GAMECORE,sub_01386970,nico_IK_recomputeAll,xff-symbol,high,recomp,
0x013869A0,0x013869BC,GAMECORE,sub_013869A0,nico_IK_idDetect,xff-symbol,high,recomp,
0x013869C0,0x013869F4,GAMECORE,sub_013869C0,nico_IK_TargetFromRoot,xff-symbol,high,recomp,
0x013869F8,0x01386A7C,GAMECORE,sub_013869F8,nico_neckFitToParentInvDirIKBankReverse,xff-symbol,high,recomp,
0x01386A80,0x01386E40,GAMECORE,sub_01386A80,,reloc-jal,high,recomp,
0x01386E40,0x01386F98,GAMECORE,sub_01386E40,,reloc-jal,high,recomp,
0x01386F98,0x013870D8,GAMECORE,sub_01386F98,SCRGetSizeOfBossWork,xff-symbol+reloc-jal,high,recomp,
0x013870D8,0x0138763C,GAMECORE,sub_013870D8,SCRCharaInitBossWork,xff-symbol+reloc-jal,high,recomp,
0x01387640,0x013877A0,GAMECORE,sub_01387640,,reloc-jal,high,recomp,
0x013877A0,0x01387B50,GAMECORE,sub_013877A0,,reloc-jal,high,recomp,
0x01387B50,0x01387D18,GAMECORE,sub_01387B50,,reloc-jal,high,recomp,
0x01387D18,0x01387F98,GAMECORE,sub_01387D18,,reloc-jal,high,recomp,
0x01387F98,0x0138897C,GAMECORE,sub_01387F98,SCRExecBossPreProcess,xff-symbol+reloc-jal,high,recomp,
0x01388980,0x01388B6C,GAMECORE,sub_01388980,SCRJumpNearestDeadGeometry,xff-symbol,high,recomp,
0x01388B70,0x01388D5C,GAMECORE,sub_01388B70,SCRJumpNearestPointUsingDeadGeometry,xff-symbol,high,recomp,
0x01388D60,0x01388EAC,GAMECORE,sub_01388D60,getBossPartsLifeRatio,xff-symbol+reloc-jal,high,recomp,
0x01388EB0,0x01388FFC,GAMECORE,sub_01388EB0,getBossWeakLifeRatio,xff-symbol+reloc-jal,high,recomp,
0x01389000,0x01389020,GAMECORE,sub_01389000,SCRSetCharaMotionPlaySpeedRatio,xff-symbol+reloc-j,high,recomp,
0x01389020,0x013890DC,GAMECORE,sub_01389020,SCRReleaseBossWork,xff-symbol+reloc-la,high,recomp,
0x013890E0,0x013891B0,GAMECORE,sub_013890E0,chkBossWeakTexExist,xff-symbol+reloc-jal,high,recomp,
0x013891B0,0x01389278,GAMECORE,sub_013891B0,chkBossTrigTexExist,xff-symbol+reloc-jal,high,recomp,
0x01389278,0x0138930C,GAMECORE,sub_01389278,chkBossTrigTurnOff,xff-symbol+reloc-jal,high,recomp,
0x01389310,0x01389330,GAMECORE,sub_01389310,SCRGetBossWork,xff-symbol+reloc-jal,high,recomp,
0x01389330,0x0138935C,GAMECORE,sub_01389330,SCRGetBossTypeDef,xff-symbol+reloc-jal,high,recomp,
0x01389360,0x01389388,GAMECORE,sub_01389360,setBossAbsoluteDeath,xff-symbol+reloc-jal,high,recomp,
0x01389388,0x013893CC,GAMECORE,sub_01389388,SCRGetBossPartsDamageFromIndex,xff-symbol+reloc-jal,high,recomp,
0x013893D0,0x0138945C,GAMECORE,sub_013893D0,SCRGetBossPartsDamageFromColAttr,xff-symbol+reloc-jal,high,recomp,
0x01389460,0x013894F8,GAMECORE,sub_01389460,SCRGetBackStageBossPartsDamageFromColAttr,xff-symbol+reloc-jal,high,recomp,
0x013894F8,0x01389584,GAMECORE,sub_013894F8,SCRGetBossWeakPointIndexFromColAttr,xff-symbol+reloc-jal,high,recomp,
0x01389588,0x013895D0,GAMECORE,sub_01389588,SCRGetBossWeakPointAngleFromIndex,xff-symbol+reloc-jal,high,recomp,
0x013895D0,0x01389670,GAMECORE,sub_013895D0,getBossPartsCurDamage,xff-symbol+reloc-jal,high,recomp,
0x01389670,0x01389708,GAMECORE,sub_01389670,getBossWeakCurDamage,xff-symbol+reloc-jal,high,recomp,
0x01389708,0x013898A0,GAMECORE,sub_01389708,IsBossDeathNextAttack,xff-symbol+reloc-jal,high,recomp,
0x013898A0,0x013898A8,GAMECORE,sub_013898A0,SCRExecBossPostProcess,xff-symbol+reloc-jal,high,recomp,
0x013898A8,0x013898F8,GAMECORE,sub_013898A8,,reloc-jal,high,recomp,
0x013898F8,0x01389940,GAMECORE,sub_013898F8,GetBossPartsDamagePerParts,xff-symbol+reloc-jal,high,recomp,
0x01389940,0x01389A50,GAMECORE,sub_01389940,,reloc-la,high,recomp,
0x01389A50,0x01389A68,GAMECORE,sub_01389A50,nico_boxtest,xff-symbol,high,recomp,
0x01389A68,0x01389B80,GAMECORE,sub_01389A68,nico_buddhaStart,xff-symbol,high,recomp,
0x01389B80,0x01389C00,GAMECORE,sub_01389B80,,reloc-la,high,recomp,
0x01389C00,0x01389C1C,GAMECORE,sub_01389C00,SCRBuddhaShoot,xff-symbol,high,recomp,
0x01389C20,0x01389C48,GAMECORE,sub_01389C20,SCRFuncBuddhaMissileInit,xff-symbol,high,recomp,
0x01389C48,0x01389DBC,GAMECORE,sub_01389C48,SCRFuncBuddhaMissileMain,xff-symbol,high,recomp,
0x01389DC0,0x01389DF8,GAMECORE,sub_01389DC0,SCRFuncBuddhaMissileInit2,xff-symbol,high,recomp,
0x01389DF8,0x01389F88,GAMECORE,sub_01389DF8,SCRFuncBuddhaMissileMain2,xff-symbol,high,recomp,
0x01389F88,0x0138A0B0,GAMECORE,sub_01389F88,,reloc-la,high,recomp,
0x0138A0B0,0x0138A344,GAMECORE,sub_0138A0B0,nico_cerberusRStart,xff-symbol,high,recomp,
0x0138A348,0x0138AB60,GAMECORE,sub_0138A348,SCRConditionSendDamageToCollisionObject2,xff-symbol,high,recomp,
0x0138AB60,0x0138AF00,GAMECORE,sub_0138AB60,,reloc-jal,high,recomp,
0x0138AF00,0x0138B3C8,GAMECORE,sub_0138AF00,SCRConditionSendDamageToCollisionObject3,xff-symbol,high,recomp,
0x0138B3C8,0x0138B604,GAMECORE,sub_0138B3C8,nico_leoBodyExpression,xff-symbol,high,recomp,
0x0138B608,0x0138B630,GAMECORE,sub_0138B608,,reloc-la,high,recomp,
0x0138B630,0x0138B690,GAMECORE,sub_0138B630,,reloc-la,high,recomp,
0x0138B690,0x0138B72C,GAMECORE,sub_0138B690,SCRCerberusArmorBroken,xff-symbol,high,recomp,
0x0138B730,0x0138B8F0,GAMECORE,sub_0138B730,SCRConditionSendDamageToCollisionObject,xff-symbol,high,recomp,
0x0138B8F0,0x0138B900,GAMECORE,sub_0138B8F0,,reloc-la,high,recomp,
0x0138B900,0x0138B948,GAMECORE,sub_0138B900,SCRFuncCerberusSetPlayerParentObj,xff-symbol,high,recomp,
0x0138B948,0x0138BB78,GAMECORE,sub_0138B948,chooseLangScript,xff-symbol,high,recomp,
0x0138BB78,0x0138BE70,GAMECORE,sub_0138BB78,,reloc-la,high,recomp,
0x0138BE70,0x0138C240,GAMECORE,sub_0138BE70,chooseNTSCorPALScript,xff-symbol,high,recomp,
0x0138C240,0x0138C24C,GAMECORE,sub_0138C240,menuSelected,xff-symbol+reloc-jal,high,recomp,
0x0138C250,0x0138C264,GAMECORE,sub_0138C250,setSelectLanguageCode,xff-symbol+reloc-jal,high,recomp,
0x0138C268,0x0138C2E8,GAMECORE,sub_0138C268,,reloc-la,high,recomp,
0x0138C2E8,0x0138C354,GAMECORE,sub_0138C2E8,bootChooseLangScript,xff-symbol+reloc-jal,high,recomp,
0x0138C358,0x0138C3CC,GAMECORE,sub_0138C358,bootSelectDisplayMode,xff-symbol+reloc-jal,high,recomp,
0x0138C3D0,0x0138C538,GAMECORE,sub_0138C3D0,_SCRPlayLWSWithTargetAttackedPoint,xff-symbol+reloc-jal,high,recomp,
0x0138C538,0x0138C91C,GAMECORE,sub_0138C538,_SCRGetCollisionTwoBoneRay,xff-symbol+reloc-jal,high,recomp,
0x0138C920,0x0138CA60,GAMECORE,sub_0138C920,,reloc-la,high,recomp,
0x0138CA60,0x0138CC10,GAMECORE,sub_0138CA60,,reloc-jal,high,recomp,
0x0138CC10,0x0138CC18,GAMECORE,sub_0138CC10,getDebugDispType,xff-symbol,high,recomp,
0x0138CC18,0x0138CC20,GAMECORE,sub_0138CC18,getDebugMotionStop,xff-symbol,high,recomp,
0x0138CC20,0x0138CC28,GAMECORE,sub_0138CC20,getDebugScrDataPrintf,xff-symbol,high,recomp,
0x0138CC28,0x0138CC30,GAMECORE,sub_0138CC28,getDebugHorseRoute,xff-symbol,high,recomp,
0x0138CC30,0x0138CC38,GAMECORE,sub_0138CC30,getDebugHorseBikko,xff-symbol,high,recomp,
0x0138CC38,0x0138CC40,GAMECORE,sub_0138CC38,getDebugParentAttrReset,xff-symbol,high,recomp,
0x0138CC40,0x0138CC48,GAMECORE,sub_0138CC40,getDebugTrigerPrintf,xff-symbol,high,recomp,
0x0138CC48,0x0138CC50,GAMECORE,sub_0138CC48,getDebugHorseInsurance,xff-symbol,high,recomp,
0x0138CC50,0x0138CC58,GAMECORE,sub_0138CC50,getDebugHorsePathVirtual,xff-symbol,high,recomp,
0x0138CC58,0x0138CC60,GAMECORE,sub_0138CC58,getDebugViewDisp,xff-symbol,high,recomp,
0x0138CC60,0x0138CC68,GAMECORE,sub_0138CC60,GetDebugDispType,xff-symbol+reloc-jal,high,recomp,
0x0138CC68,0x0138CC70,GAMECORE,sub_0138CC68,GetDebugMotionStop,xff-symbol,high,recomp,
0x0138CC70,0x0138CC78,GAMECORE,sub_0138CC70,GetDebugScrDataPrintf,xff-symbol,high,recomp,
0x0138CC78,0x0138CC80,GAMECORE,sub_0138CC78,GetDebugViewDisp,xff-symbol,high,recomp,
0x0138CC80,0x0138CC94,GAMECORE,sub_0138CC80,_SCRMallocAlign,xff-symbol+reloc-jal,high,recomp,
0x0138CC98,0x0138CCAC,GAMECORE,sub_0138CC98,SCRGetFirstObj,xff-symbol+reloc-jal,high,recomp,
0x0138CCB0,0x0138CE68,GAMECORE,sub_0138CCB0,SCRGetTargetPosXZDirOnMyCtrlGeo,xff-symbol+reloc-jal,high,recomp,
0x0138CE68,0x0138D034,GAMECORE,sub_0138CE68,SCRGetTargetObjXZDirOnMyCtrlGeo,xff-symbol,high,recomp,
0x0138D038,0x0138D054,GAMECORE,sub_0138D038,SCRGetXZAngle,xff-symbol+reloc-jal,high,recomp,
0x0138D058,0x0138D080,GAMECORE,sub_0138D058,SCRCharaTurnDirectInput,xff-symbol+reloc-jal+reloc-j,high,recomp,
0x0138D080,0x0138D0B8,GAMECORE,sub_0138D080,SCRPlayableCharaTurnDirectInput,xff-symbol+reloc-jal,high,recomp,
0x0138D0B8,0x0138D0E4,GAMECORE,sub_0138D0B8,SCRCharaDead,xff-symbol+reloc-jal,high,recomp,
0x0138D0E8,0x0138D114,GAMECORE,sub_0138D0E8,SCRGetCharNodePos,xff-symbol+reloc-jal,high,recomp,
0x0138D118,0x0138D14C,GAMECORE,sub_0138D118,SCRGetRoot,xff-symbol+reloc-jal,high,recomp,
0x0138D150,0x0138D1B8,GAMECORE,sub_0138D150,SCRGetDir,xff-symbol+reloc-jal,high,recomp,
0x0138D1B8,0x0138D25C,GAMECORE,sub_0138D1B8,SCRGetAngle,xff-symbol+reloc-jal,high,recomp,
0x0138D260,0x0138D288,GAMECORE,sub_0138D260,SCRSetCharaMotionPlaySpeedRatioDirect,xff-symbol+reloc-jal,high,recomp,
0x0138D288,0x0138D29C,GAMECORE,sub_0138D288,SCRGetLocalDirZ,xff-symbol+reloc-j,high,recomp,
0x0138D2A0,0x0138D2CC,GAMECORE,sub_0138D2A0,SCRRequestMotionDirect,xff-symbol+reloc-jal+reloc-j,high,recomp,
0x0138D2D0,0x0138D304,GAMECORE,sub_0138D2D0,SCRSetRootScaleRatio,xff-symbol+reloc-jal,high,recomp,
0x0138D308,0x0138D33C,GAMECORE,sub_0138D308,SCRSetCharaRootTurnScaleRatio,xff-symbol+reloc-jal,high,recomp,
0x0138D340,0x0138D3E8,GAMECORE,sub_0138D340,_SCRPlayLWS,xff-symbol+reloc-j+reloc-jal,high,recomp,
0x0138D3E8,0x0138D49C,GAMECORE,sub_0138D3E8,_SCRSetupLWSWithTargetNodeParent,xff-symbol+reloc-jal,high,recomp,
0x0138D4A0,0x0138D4F8,GAMECORE,sub_0138D4A0,_SCRSetupLWS,xff-symbol+reloc-jal,high,recomp,
0x0138D4F8,0x0138D554,GAMECORE,sub_0138D4F8,_SCRSetupLWSIgnorePauseSetStackSize,xff-symbol+reloc-jal,high,recomp,
0x0138D558,0x0138D5B8,GAMECORE,sub_0138D558,_SCRSetupLWSIgnorePause,xff-symbol+reloc-jal,high,recomp,
0x0138D5B8,0x0138D60C,GAMECORE,sub_0138D5B8,_SCRSetupLWSSetScriptSetStackSize,xff-symbol+reloc-jal,high,recomp,
0x0138D610,0x0138D6A4,GAMECORE,sub_0138D610,_SCRStartLWS,xff-symbol+reloc-jal+reloc-j,high,recomp,
0x0138D6A8,0x0138D73C,GAMECORE,sub_0138D6A8,_SCRStartLWSIgnorePause,xff-symbol+reloc-jal,high,recomp,
0x0138D740,0x0138D7D8,GAMECORE,sub_0138D740,SCRSetLWSGeometry,xff-symbol+reloc-jal,high,recomp,
0x0138D7D8,0x0138D888,GAMECORE,sub_0138D7D8,SCRSetLWSGeometryWithZY,xff-symbol+reloc-jal,high,recomp,
0x0138D888,0x0138D914,GAMECORE,sub_0138D888,SCRGetCollision,xff-symbol+reloc-jal,high,recomp,
0x0138D918,0x0138D9B0,GAMECORE,sub_0138D918,SCRGetCollisionCallBack,xff-symbol+reloc-jal,high,recomp,
0x0138D9B0,0x0138DB30,GAMECORE,sub_0138D9B0,_SCRGetCollisionTwoBoneRay3D,xff-symbol+reloc-jal,high,recomp,
0x0138DB30,0x0138DBAC,GAMECORE,sub_0138DB30,SCRGetGetGeometryPointerLegalParentObj,xff-symbol+reloc-jal,high,recomp,
0x0138DBB0,0x0138DBD8,GAMECORE,sub_0138DBB0,SCRDeleteAllActiveScriptAnimationObj,xff-symbol+reloc-jal,high,recomp,
0x0138DBD8,0x0138DE30,GAMECORE,sub_0138DBD8,_setNodeHPBIllegal,xff-symbol+reloc-jal+reloc-j,high,recomp,
0x0138DE30,0x0138DFCC,GAMECORE,sub_0138DE30,_setNodeHPB,xff-symbol+reloc-jal,high,recomp,
0x0138DFD0,0x0138E340,GAMECORE,sub_0138DFD0,_setRootXYZHPB,xff-symbol+reloc-jal+reloc-j,high,recomp,
0x0138E340,0x0138E350,GAMECORE,sub_0138E340,getexpressiondatapoint,xff-symbol+reloc-jal,high,recomp,
0x0138E350,0x0138E464,GAMECORE,sub_0138E350,setGameFlagForGameObj,xff-symbol+reloc-jal+reloc-j,high,recomp,
0x0138E468,0x0138E57C,GAMECORE,sub_0138E468,chkGameFlagForGameObj,xff-symbol+reloc-jal,high,recomp,
0x0138E580,0x0138E5DC,GAMECORE,sub_0138E580,bootTexAlphaAnim,xff-symbol+reloc-j+reloc-jal,high,recomp,
0x0138E5E0,0x0138E67C,GAMECORE,sub_0138E5E0,nico_weaponUpdateGeometry,xff-symbol+reloc-jal,high,recomp,
0x0138E680,0x0138E68C,GAMECORE,sub_0138E680,getBosstatusDispMode,xff-symbol,high,recomp,
0x0138E690,0x0138E6F0,GAMECORE,sub_0138E690,,reloc-la,high,recomp,
0x0138E6F0,0x0138E774,GAMECORE,sub_0138E6F0,SCRSetLWSGeometryWithNoParentChange,xff-symbol,high,recomp,
0x0138E778,0x0138E784,GAMECORE,sub_0138E778,getBoneCollisionDebugMode,xff-symbol,high,recomp,
0x0138E788,0x0138E848,GAMECORE,sub_0138E788,SCRSetScriptKeyToWallObject,xff-symbol,high,recomp,
0x0138E848,0x0138E924,GAMECORE,sub_0138E848,nico_optBoneParentScaleUpdateScript,xff-symbol,high,recomp,
0x0138E928,0x0138E99C,GAMECORE,sub_0138E928,nico_updatescript,xff-symbol,high,recomp,
0x0138E9A0,0x0138EA28,GAMECORE,sub_0138E9A0,SCRSetMyOwnGameFlag,xff-symbol,high,recomp,
0x0138EA28,0x0138EA44,GAMECORE,sub_0138EA28,SCRResetCharacterObj4DDynamicsInfo,xff-symbol,high,recomp,
0x0138EA48,0x0138EA90,GAMECORE,sub_0138EA48,nico_demoCharaScaleSync,xff-symbol,high,recomp,
0x0138EA90,0x0138EB00,GAMECORE,sub_0138EA90,nico_parentSync,xff-symbol,high,recomp,
0x0138EB00,0x0138EB18,GAMECORE,sub_0138EB00,,reloc-la,high,recomp,
0x0138EB18,0x0138EC70,GAMECORE,sub_0138EB18,controllerAlertScript,xff-symbol,high,recomp,
0x0138EC70,0x0138ECB0,GAMECORE,sub_0138EC70,controllerAlertDisable,xff-symbol+reloc-jal,high,recomp,
0x0138ECB0,0x0138ECDC,GAMECORE,sub_0138ECB0,NICO_is_quake_attack_hit,xff-symbol,high,recomp,
0x0138ECE0,0x0138ED24,GAMECORE,sub_0138ECE0,NICO_is_quake_attack_hit_except_boss,xff-symbol,high,recomp,
0x0138ED28,0x0138ED70,GAMECORE,sub_0138ED28,NICO_is_quake_attack_hit_only_boss,xff-symbol,high,recomp,
0x0138ED70,0x0138EDC0,GAMECORE,sub_0138ED70,NICO_is_hit_except_underwater,xff-symbol,high,recomp,
0x0138EDC0,0x0138EE34,GAMECORE,sub_0138EDC0,NICO_is_hit_except_underwater_or_boss,xff-symbol,high,recomp,
0x0138EE38,0x0138EE48,GAMECORE,sub_0138EE38,is_LwsOrientObj,xff-symbol,high,recomp,
0x0138EE48,0x0138EF80,GAMECORE,sub_0138EE48,,reloc-jal,high,recomp,
0x0138EF80,0x0138F330,GAMECORE,sub_0138EF80,,reloc-jal,high,recomp,
0x0138F330,0x0138F6D0,GAMECORE,sub_0138F330,,reloc-jal,high,recomp,
0x0138F6D0,0x0138F950,GAMECORE,sub_0138F6D0,,reloc-jal,high,recomp,
0x0138F950,0x0138FC98,GAMECORE,sub_0138F950,,reloc-jal,high,recomp,
0x0138FC98,0x013901B8,GAMECORE,sub_0138FC98,,reloc-jal,high,recomp,
0x013901B8,0x01390460,GAMECORE,sub_013901B8,,reloc-jal,high,recomp,
0x01390460,0x013907F8,GAMECORE,sub_01390460,,reloc-jal,high,recomp,
0x013907F8,0x01390D48,GAMECORE,sub_013907F8,,reloc-jal,high,recomp,
0x01390D48,0x013911C0,GAMECORE,sub_01390D48,,reloc-jal,high,recomp,
0x013911C0,0x013914F0,GAMECORE,sub_013911C0,,reloc-jal,high,recomp,
0x013914F0,0x013917E8,GAMECORE,sub_013914F0,,reloc-jal,high,recomp,
0x013917E8,0x01391C68,GAMECORE,sub_013917E8,,reloc-jal,high,recomp,
0x01391C68,0x01391EF0,GAMECORE,sub_01391C68,,reloc-j+reloc-jal,medium,recomp,
0x01391EF0,0x01392000,GAMECORE,sub_01391EF0,,reloc-jal,high,recomp,
0x01392000,0x01392280,GAMECORE,sub_01392000,,reloc-jal,high,recomp,
0x01392280,0x013927D0,GAMECORE,sub_01392280,,reloc-jal,high,recomp,
0x013927D0,0x01392A58,GAMECORE,sub_013927D0,,reloc-jal,high,recomp,
0x01392A58,0x01392CF0,GAMECORE,sub_01392A58,,reloc-jal,high,recomp,
0x01392CF0,0x01393410,GAMECORE,sub_01392CF0,,reloc-jal,high,recomp,
0x01393410,0x013935C8,GAMECORE,sub_01393410,,reloc-jal,high,recomp,
0x013935C8,0x01394018,GAMECORE,sub_013935C8,,reloc-jal,high,recomp,
0x01394018,0x01394270,GAMECORE,sub_01394018,,reloc-jal,high,recomp,
0x01394270,0x013943C8,GAMECORE,sub_01394270,,reloc-jal,high,recomp,
0x013943C8,0x01394648,GAMECORE,sub_013943C8,,reloc-jal,high,recomp,
0x01394648,0x013949D8,GAMECORE,sub_01394648,,reloc-jal,high,recomp,
0x013949D8,0x01394D20,GAMECORE,sub_013949D8,,reloc-jal,high,recomp,
0x01394D20,0x013950B8,GAMECORE,sub_01394D20,,reloc-la,high,recomp,
0x013950B8,0x01395234,GAMECORE,sub_013950B8,CreateDeathTentacle,xff-symbol+reloc-jal,high,recomp,
0x01395238,0x01395260,GAMECORE,sub_01395238,CheckDeathTentacle,xff-symbol+reloc-jal,high,recomp,
0x01395260,0x013952D0,GAMECORE,sub_01395260,,reloc-la,high,recomp,
0x013952D0,0x013952F0,GAMECORE,sub_013952D0,,reloc-la,high,recomp,
0x013952F0,0x01395310,GAMECORE,sub_013952F0,,reloc-la,high,recomp,
0x01395310,0x01395328,GAMECORE,sub_01395310,,reloc-la,high,recomp,
0x01395328,0x01395388,GAMECORE,sub_01395328,,reloc-la,high,recomp,
0x01395388,0x013954F4,GAMECORE,sub_01395388,dischargeInit,xff-symbol,high,recomp,
0x013954F8,0x01395944,GAMECORE,sub_013954F8,dischargeMain,xff-symbol,high,recomp,
0x01395948,0x013959A0,GAMECORE,sub_01395948,setDischargeParam,xff-symbol+reloc-jal,high,recomp,
0x013959A0,0x013959E0,GAMECORE,sub_013959A0,getDischargeSize,xff-symbol,high,recomp,
0x013959E0,0x01395A00,GAMECORE,sub_013959E0,dischargeTerm,xff-symbol+reloc-jal,high,recomp,
0x01395A00,0x01395ADC,GAMECORE,sub_01395A00,nico_dorminStart,xff-symbol,high,recomp,
0x01395AE0,0x01395B80,GAMECORE,sub_01395AE0,,reloc-la,high,recomp,
0x01395B80,0x01395F74,GAMECORE,sub_01395B80,nico_balltest,xff-symbol,high,recomp,
0x01395F78,0x01396690,GAMECORE,sub_01395F78,nico_pendulumtest,xff-symbol,high,recomp,
0x01396690,0x01396AF8,GAMECORE,sub_01396690,,reloc-jal,high,recomp,
0x01396AF8,0x01396F20,GAMECORE,sub_01396AF8,,reloc-jal,high,recomp,
0x01396F20,0x01396FE8,GAMECORE,sub_01396F20,,reloc-jal,high,recomp,
0x01396FE8,0x01397280,GAMECORE,sub_01396FE8,,reloc-jal,high,recomp,
0x01397280,0x01397418,GAMECORE,sub_01397280,,reloc-jal,high,recomp,
0x01397418,0x013975F8,GAMECORE,sub_01397418,,reloc-jal,high,recomp,
0x013975F8,0x01397A68,GAMECORE,sub_013975F8,,reloc-jal,high,recomp,
0x01397A68,0x01397D98,GAMECORE,sub_01397A68,,reloc-jal,high,recomp,
0x01397D98,0x01397F50,GAMECORE,sub_01397D98,effectSetDamageWork,xff-symbol+reloc-jal,high,recomp,
0x01397F50,0x01398140,GAMECORE,sub_01397F50,,after-named,medium,recomp,
0x01398140,0x01398240,GAMECORE,sub_01398140,effect_blood_init,xff-symbol+reloc-jal,high,recomp,
0x01398240,0x01398254,GAMECORE,sub_01398240,effect_blood_free,xff-symbol+reloc-jal,high,recomp,
0x01398258,0x013982F4,GAMECORE,sub_01398258,effect_blood_frame,xff-symbol+reloc-jal,high,recomp,
0x013982F8,0x0139839C,GAMECORE,sub_013982F8,effect_blood_set,xff-symbol+reloc-jal,high,recomp,
0x013983A0,0x013983D0,GAMECORE,sub_013983A0,createBossBloodParamMenu,xff-symbol,high,recomp,
0x013983D0,0x013983E4,GAMECORE,sub_013983D0,getEffectBloodWorkSize,xff-symbol+reloc-jal,high,recomp,
0x013983E8,0x01398408,GAMECORE,sub_013983E8,getWeakPointEffectIntensity,xff-symbol+reloc-jal,high,recomp,
0x01398408,0x0139842C,GAMECORE,sub_01398408,getTriggerPointEffectIntensity,xff-symbol+reloc-jal,high,recomp,
0x01398430,0x01398530,GAMECORE,sub_01398430,boot_weakpoint_effect,xff-symbol+reloc-jal,high,recomp,
0x01398530,0x0139860C,GAMECORE,sub_01398530,boot_weakpoint_hit_effect,xff-symbol+reloc-jal,high,recomp,
0x01398610,0x01398734,GAMECORE,sub_01398610,init_weakpoint_effect,xff-symbol+reloc-jal,high,recomp,
0x01398738,0x0139877C,GAMECORE,sub_01398738,fadeout_weakpoint_effect,xff-symbol+reloc-j,high,recomp,
0x01398780,0x013987C4,GAMECORE,sub_01398780,cancel_fadeout_weakpoint_effect,xff-symbol+reloc-jal,high,recomp,
0x013987C8,0x013988F0,GAMECORE,sub_013987C8,end_weakpoint_effect,xff-symbol+reloc-jal,high,recomp,
0x013988F0,0x01398978,GAMECORE,sub_013988F0,effect_death,xff-symbol+reloc-jal,high,recomp,
0x01398978,0x01398984,GAMECORE,sub_01398978,effectClearDamageWork,xff-symbol+reloc-jal,high,recomp,
0x01398988,0x0139899C,GAMECORE,sub_01398988,effectGetDamageWork,xff-symbol+reloc-jal,high,recomp,
0x013989A0,0x013989AC,GAMECORE,sub_013989A0,getBloodEffectEnableFlag,xff-symbol,high,recomp,
0x013989B0,0x013989C0,GAMECORE,sub_013989B0,,reloc-data-ptr,high,recomp,
0x013989C0,0x013989D0,GAMECORE,sub_013989C0,,reloc-data-ptr,high,recomp,
0x013989D0,0x013989E0,GAMECORE,sub_013989D0,,reloc-data-ptr,high,recomp,
0x013989E0,0x013989F0,GAMECORE,sub_013989E0,,reloc-data-ptr,high,recomp,
0x013989F0,0x01398A00,GAMECORE,sub_013989F0,,reloc-data-ptr,high,recomp,
0x01398A00,0x01398A10,GAMECORE,sub_01398A00,,reloc-data-ptr,high,recomp,
0x01398A10,0x01398A1C,GAMECORE,sub_01398A10,getWeakGlowSpeed,xff-symbol,high,recomp,
0x01398A20,0x01398A2C,GAMECORE,sub_01398A20,getWeakGlowTime,xff-symbol,high,recomp,
0x01398A30,0x01398A60,GAMECORE,sub_01398A30,,reloc-la,high,recomp,
0x01398A60,0x01398B08,GAMECORE,sub_01398A60,,reloc-la,high,recomp,
0x01398B08,0x01398C58,GAMECORE,sub_01398B08,,reloc-la,high,recomp,
0x01398C58,0x01398C80,GAMECORE,sub_01398C58,,reloc-la,high,recomp,
0x01398C80,0x01399128,GAMECORE,sub_01398C80,,reloc-la+reloc-jal,high,recomp,
0x01399128,0x01399B68,GAMECORE,sub_01399128,demo_end,xff-symbol,high,recomp,
0x01399B68,0x01399D10,GAMECORE,sub_01399B68,demo_end_setHorseBridle,xff-symbol,high,recomp,
0x01399D10,0x01399D80,GAMECORE,sub_01399D10,demo_end_resetHorseBridle,xff-symbol,high,recomp,
0x01399D80,0x01399DA8,GAMECORE,sub_01399D80,demo_PlayerDeathEffectStart,xff-symbol,high,recomp,
0x01399DA8,0x01399DBC,GAMECORE,sub_01399DA8,demo_PlayerDeathEffectEnd,xff-symbol,high,recomp,
0x01399DC0,0x0139A040,GAMECORE,sub_01399DC0,,reloc-la+reloc-jal,high,recomp,
0x0139A040,0x0139A7E0,GAMECORE,sub_0139A040,demo_end2,xff-symbol,high,recomp,
0x0139A7E0,0x0139AD08,GAMECORE,sub_0139A7E0,,reloc-la+reloc-jal,high,recomp,
0x0139AD08,0x0139BA78,GAMECORE,sub_0139AD08,demo_end3,xff-symbol,high,recomp,
0x0139BA78,0x0139BC00,GAMECORE,sub_0139BA78,EndMessageScript,xff-symbol,high,recomp,
0x0139BC00,0x0139BC18,GAMECORE,sub_0139BC00,,reloc-la,high,recomp,
0x0139BC18,0x0139BC74,GAMECORE,sub_0139BC18,StartEndTelop,xff-symbol+reloc-jal,high,recomp,
0x0139BC78,0x0139BD88,GAMECORE,sub_0139BC78,init_expression,xff-symbol+reloc-jal,high,recomp,
0x0139BD88,0x0139C058,GAMECORE,sub_0139BD88,doit_expression,xff-symbol+reloc-jal,high,recomp,
0x0139C058,0x0139C0FC,GAMECORE,sub_0139C058,add_node_expression,xff-symbol+reloc-jal,high,recomp,
0x0139C100,0x0139C11C,GAMECORE,sub_0139C100,update_type_expression,xff-symbol+reloc-jal,high,recomp,
0x0139C120,0x0139C144,GAMECORE,sub_0139C120,set_root_node_data_expression,xff-symbol+reloc-jal,high,recomp,
0x0139C148,0x0139C194,GAMECORE,sub_0139C148,set_node_data_expression,xff-symbol+reloc-jal+reloc-j,high,recomp,
0x0139C198,0x0139C1B0,GAMECORE,sub_0139C198,get_pre_type_expression,xff-symbol+reloc-jal,high,recomp,
0x0139C1B0,0x0139C1C8,GAMECORE,sub_0139C1B0,GAMEUTIL_get_cur_interp_ratio_expression,xff-symbol+reloc-jal,high,recomp,
0x0139C1C8,0x0139C204,GAMECORE,sub_0139C1C8,constructor_expression_change,xff-symbol+reloc-j+reloc-jal,high,recomp,
0x0139C208,0x0139C258,GAMECORE,sub_0139C208,add_element_expression_change,xff-symbol+reloc-jal,high,recomp,
0x0139C258,0x0139C364,GAMECORE,sub_0139C258,doit_expression_change,xff-symbol+reloc-jal,high,recomp,
0x0139C368,0x0139C4D8,GAMECORE,sub_0139C368,,reloc-jal,high,recomp,
0x0139C4D8,0x0139C710,GAMECORE,sub_0139C4D8,,reloc-jal,high,recomp,
0x0139C710,0x0139C9B8,GAMECORE,sub_0139C710,,reloc-jal,high,recomp,
0x0139C9B8,0x0139CC98,GAMECORE,sub_0139C9B8,,reloc-jal,high,recomp,
0x0139CC98,0x0139CE28,GAMECORE,sub_0139CC98,,reloc-jal,high,recomp,
0x0139CE28,0x0139CFD8,GAMECORE,sub_0139CE28,,reloc-jal,high,recomp,
0x0139CFD8,0x0139D278,GAMECORE,sub_0139CFD8,,reloc-jal,high,recomp,
0x0139D278,0x0139D5CC,GAMECORE,sub_0139D278,fallenLeafInit,xff-symbol,high,recomp,
0x0139D5D0,0x0139DA60,GAMECORE,sub_0139D5D0,,reloc-jal,high,recomp,
0x0139DA60,0x0139DD48,GAMECORE,sub_0139DA60,,reloc-jal,high,recomp,
0x0139DD48,0x0139E050,GAMECORE,sub_0139DD48,fallenLeafMain,xff-symbol,high,recomp,
0x0139E050,0x0139E308,GAMECORE,sub_0139E050,,reloc-jal,high,recomp,
0x0139E308,0x0139E518,GAMECORE,sub_0139E308,,reloc-jal,high,recomp,
0x0139E518,0x0139E6A8,GAMECORE,sub_0139E518,,reloc-jal,high,recomp,
0x0139E6A8,0x0139E8B4,GAMECORE,sub_0139E6A8,arrowWaterInit,xff-symbol,high,recomp,
0x0139E8B8,0x0139EB60,GAMECORE,sub_0139E8B8,arrowWaterMain,xff-symbol,high,recomp,
0x0139EB60,0x0139EBFC,GAMECORE,sub_0139EB60,getFallenLeafSize,xff-symbol,high,recomp,
0x0139EC00,0x0139EC44,GAMECORE,sub_0139EC00,EnableArrowWater,xff-symbol+reloc-jal,high,recomp,
0x0139EC48,0x0139EC94,GAMECORE,sub_0139EC48,EndArrowWater,xff-symbol+reloc-jal,high,recomp,
0x0139EC98,0x0139ED08,GAMECORE,sub_0139EC98,getArrowWaterSize,xff-symbol,high,recomp,
0x0139ED08,0x0139F1A4,GAMECORE,sub_0139ED08,gameover,xff-symbol,high,recomp,
0x0139F1A8,0x0139F1F0,GAMECORE,sub_0139F1A8,,reloc-la,high,recomp,
0x0139F1F0,0x0139F230,GAMECORE,sub_0139F1F0,,reloc-la,high,recomp,
0x0139F230,0x0139F420,GAMECORE,sub_0139F230,guardDamageMain,xff-symbol+reloc-jal,high,recomp,
0x0139F420,0x0139F620,GAMECORE,sub_0139F420,,reloc-la,high,recomp,
0x0139F620,0x0139F7A0,GAMECORE,sub_0139F620,,reloc-jal,high,recomp,
0x0139F7A0,0x0139F7C0,GAMECORE,sub_0139F7A0,,reloc-la,high,recomp,
0x0139F7C0,0x0139F880,GAMECORE,sub_0139F7C0,nico_guardCStart,xff-symbol,high,recomp,
0x0139F880,0x0139F940,GAMECORE,sub_0139F880,nico_guardEStart,xff-symbol,high,recomp,
0x0139F940,0x0139F95C,GAMECORE,sub_0139F940,SCRGuardSwordPickup,xff-symbol,high,recomp,
0x0139F960,0x0139F97C,GAMECORE,sub_0139F960,SCRGuardSwordPickupEnd,xff-symbol,high,recomp,
0x0139F980,0x0139F9E8,GAMECORE,sub_0139F980,,reloc-la,high,recomp,
0x0139F9E8,0x0139FA00,GAMECORE,sub_0139F9E8,,reloc-la,high,recomp,
0x0139FA00,0x0139FFB0,GAMECORE,sub_0139FA00,guardMainCommon,xff-symbol+reloc-jal,high,recomp,
0x0139FFB0,0x013A0168,GAMECORE,sub_0139FFB0,nico_guardAStart,xff-symbol,high,recomp,
0x013A0168,0x013A0288,GAMECORE,sub_013A0168,,reloc-la,high,recomp,
0x013A0288,0x013A02A8,GAMECORE,sub_013A0288,,reloc-la,high,recomp,
0x013A02A8,0x013A03F0,GAMECORE,sub_013A02A8,,reloc-jal,high,recomp,
0x013A03F0,0x013A0410,GAMECORE,sub_013A03F0,,reloc-la,high,recomp,
0x013A0410,0x013A04E8,GAMECORE,sub_013A0410,nico_guardBStart,xff-symbol,high,recomp,
0x013A04E8,0x013A05C0,GAMECORE,sub_013A04E8,nico_guardDStart,xff-symbol,high,recomp,
0x013A05C0,0x013A05DC,GAMECORE,sub_013A05C0,SCRGuardArrowShoot,xff-symbol,high,recomp,
0x013A05E0,0x013A0700,GAMECORE,sub_013A05E0,,reloc-la,high,recomp,
0x013A0700,0x013A07A8,GAMECORE,sub_013A0700,,reloc-la,high,recomp,
0x013A07A8,0x013A0BC8,GAMECORE,sub_013A07A8,,reloc-jal,high,recomp,
0x013A0BC8,0x013A0DB4,GAMECORE,sub_013A0BC8,nico_horseRStart,xff-symbol,high,recomp,
0x013A0DB8,0x013A1114,GAMECORE,sub_013A0DB8,SCRFuncHorseBossCircumferenceMain,xff-symbol,high,recomp,
0x013A1118,0x013A1454,GAMECORE,sub_013A1118,SCRFuncHorseEscapeFromBossMain,xff-symbol,high,recomp,
0x013A1458,0x013A1AB0,GAMECORE,sub_013A1458,nico_horseBodyExpression,xff-symbol,high,recomp,
0x013A1AB0,0x013A3AD8,GAMECORE,sub_013A1AB0,,reloc-la,high,recomp,
0x013A3AD8,0x013A3DD0,GAMECORE,sub_013A3AD8,,reloc-jal,high,recomp,
0x013A3DD0,0x013A4200,GAMECORE,sub_013A3DD0,,reloc-jal,high,recomp,
0x013A4200,0x013A4688,GAMECORE,sub_013A4200,,reloc-jal,high,recomp,
0x013A4688,0x013A4BF0,GAMECORE,sub_013A4688,,reloc-jal,high,recomp,
0x013A4BF0,0x013A50F0,GAMECORE,sub_013A4BF0,,reloc-jal,high,recomp,
0x013A50F0,0x013A5508,GAMECORE,sub_013A50F0,SCRFuncHorseStandRundmSendkey,xff-symbol,high,recomp,
0x013A5508,0x013A5590,GAMECORE,sub_013A5508,,reloc-la,high,recomp,
0x013A5590,0x013A5638,GAMECORE,sub_013A5590,,reloc-la,high,recomp,
0x013A5638,0x013A58A0,GAMECORE,sub_013A5638,,reloc-jal,high,recomp,
0x013A58A0,0x013A5A98,GAMECORE,sub_013A58A0,,reloc-jal,high,recomp,
0x013A5A98,0x013A5AD8,GAMECORE,sub_013A5A98,,reloc-la,high,recomp,
0x013A5AD8,0x013A5AE4,GAMECORE,sub_013A5AD8,setHorseAIStopFlag,xff-symbol+reloc-jal,high,recomp,
0x013A5AE8,0x013A5AF4,GAMECORE,sub_013A5AE8,getHorseStandByMode,xff-symbol+reloc-jal,high,recomp,
0x013A5AF8,0x013A5BC8,GAMECORE,sub_013A5AF8,,reloc-la,high,recomp,
0x013A5BC8,0x013A5D20,GAMECORE,sub_013A5BC8,,reloc-la,high,recomp,
0x013A5D20,0x013A5DF0,GAMECORE,sub_013A5D20,nico_blankHorseStart,xff-symbol,high,recomp,
0x013A5DF0,0x013A5E20,GAMECORE,sub_013A5DF0,SCRConditionHorseRiddenOn,xff-symbol,high,recomp,
0x013A5E20,0x013A5E4C,GAMECORE,sub_013A5E20,SCRFuncHorseInterestInit,xff-symbol,high,recomp,
0x013A5E50,0x013A5E8C,GAMECORE,sub_013A5E50,SCRFuncHorseInterestMain,xff-symbol,high,recomp,
0x013A5E90,0x013A5EB0,GAMECORE,sub_013A5E90,SCRConditionHorseInterestExec,xff-symbol,high,recomp,
0x013A5EB0,0x013A5ED0,GAMECORE,sub_013A5EB0,getHorseInterpSpeed,xff-symbol+reloc-jal,high,recomp,
0x013A5ED0,0x013A5F20,GAMECORE,sub_013A5ED0,setHorseSemiAutomaticCtrl,xff-symbol+reloc-jal,high,recomp,
0x013A5F20,0x013A5FB8,GAMECORE,sub_013A5F20,SCRFuncHorseForceScriptKey,xff-symbol,high,recomp,
0x013A5FB8,0x013A5FE0,GAMECORE,sub_013A5FB8,SCRFuncHorseAdvertisFlag,xff-symbol,high,recomp,
0x013A5FE0,0x013A5FEC,GAMECORE,sub_013A5FE0,SCRFuncHorseStandByFlag,xff-symbol,high,recomp,
0x013A5FF0,0x013A6028,GAMECORE,sub_013A5FF0,SCRConditionOverHorseLife,xff-symbol,high,recomp,
0x013A6028,0x013A6050,GAMECORE,sub_013A6028,SCRConditionPlayerNippingHorseAndWall,xff-symbol,high,recomp,
0x013A6050,0x013A60AC,GAMECORE,sub_013A6050,SCRConditionHorseNeighPermission,xff-symbol,high,recomp,
0x013A60B0,0x013A60D4,GAMECORE,sub_013A60B0,SRCConditionHorseBossChackAll,xff-symbol,high,recomp,
0x013A60D8,0x013A62A0,GAMECORE,sub_013A60D8,SRCFuncHorseAngleFromPlayerToHorse,xff-symbol,high,recomp,
0x013A62A0,0x013A631C,GAMECORE,sub_013A62A0,SRCConditionHorseAngleFromPlayerToHorse,xff-symbol,high,recomp,
0x013A6320,0x013A64C4,GAMECORE,sub_013A6320,SRCFuncHorseRayHitColAttr,xff-symbol,high,recomp,
0x013A64C8,0x013A650C,GAMECORE,sub_013A64C8,SRCConditionHorseHitColAttrChack,xff-symbol,high,recomp,
0x013A6510,0x013A6534,GAMECORE,sub_013A6510,SRCConditionHorseHitColChack,xff-symbol,high,recomp,
0x013A6538,0x013A657C,GAMECORE,sub_013A6538,setHorseForceScriptKey,xff-symbol+reloc-j,high,recomp,
0x013A6580,0x013A6680,GAMECORE,sub_013A6580,SCRFuncFromHorceToPlayerSendKey,xff-symbol,high,recomp,
0x013A6680,0x013A67E4,GAMECORE,sub_013A6680,SCRFuncSetPlayerAttainForHorse,xff-symbol,high,recomp,
0x013A67E8,0x013A68D0,GAMECORE,sub_013A67E8,SCRFuncHorseEscapeFromBoss,xff-symbol,high,recomp,
0x013A68D0,0x013A6948,GAMECORE,sub_013A68D0,SCRFuncHorseBossDetectStop,xff-symbol,high,recomp,
0x013A6948,0x013A69DC,GAMECORE,sub_013A6948,SCRFuncConditionStillnessTimerSet,xff-symbol,high,recomp,
0x013A69E0,0x013A6A14,GAMECORE,sub_013A69E0,SCRConditionHorseForceStandby,xff-symbol,high,recomp,
0x013A6A18,0x013A6A40,GAMECORE,sub_013A6A18,nico_setHorseBridleObjToHorseWork,xff-symbol+reloc-jal,high,recomp,
0x013A6A40,0x013A6AC4,GAMECORE,sub_013A6A40,nico_setHorseRidingStatusForHorse,xff-symbol+reloc-j+reloc-jal,high,recomp,
0x013A6AC8,0x013A6B60,GAMECORE,sub_013A6AC8,nico_setHorseRidingStatusForHorseIndep,xff-symbol+reloc-j+reloc-jal,high,recomp,
0x013A6B60,0x013A6B94,GAMECORE,sub_013A6B60,nico_resetHorseRidingStatusForHorse,xff-symbol+reloc-j+reloc-jal,high,recomp,
0x013A6B98,0x013A6BD4,GAMECORE,sub_013A6B98,nico_setHorseBridleDoubleShort,xff-symbol+reloc-j,high,recomp,
0x013A6BD8,0x013A6C14,GAMECORE,sub_013A6BD8,nico_setHorseBridleLeftLong,xff-symbol+reloc-j,high,recomp,
0x013A6C18,0x013A6C54,GAMECORE,sub_013A6C18,nico_setHorseBridleRightLong,xff-symbol+reloc-j,high,recomp,
0x013A6C58,0x013A6C94,GAMECORE,sub_013A6C58,nico_setHorseBridleDoubleLong,xff-symbol+reloc-j,high,recomp,
0x013A6C98,0x013A6CF0,GAMECORE,sub_013A6C98,nico_horseClothOverSurfDetectFunc,xff-symbol,high,recomp,
0x013A6CF0,0x013A73F8,GAMECORE,sub_013A6CF0,,reloc-la,high,recomp,
0x013A73F8,0x013A7684,GAMECORE,sub_013A73F8,nico_execHorseBriddle,xff-symbol,high,recomp,
0x013A7688,0x013A7814,GAMECORE,sub_013A7688,nico_resetHorseBridleTerminalParentPoint,xff-symbol+reloc-j,high,recomp,
0x013A7818,0x013A7A50,GAMECORE,sub_013A7818,,reloc-la,high,recomp,
0x013A7A50,0x013A7D58,GAMECORE,sub_013A7A50,,reloc-la,high,recomp,
0x013A7D58,0x013A809C,GAMECORE,sub_013A7D58,nico_execHorseCloth,xff-symbol,high,recomp,
0x013A80A0,0x013A8250,GAMECORE,sub_013A80A0,,reloc-la,high,recomp,
0x013A8250,0x013A8518,GAMECORE,sub_013A8250,nico_execMinotaurC_Cloth,xff-symbol,high,recomp,
0x013A8518,0x013A87E0,GAMECORE,sub_013A8518,nico_execMinotaurA_Cloth,xff-symbol,high,recomp,
0x013A87E0,0x013A89F0,GAMECORE,sub_013A87E0,,reloc-la,high,recomp,
0x013A89F0,0x013A8D00,GAMECORE,sub_013A89F0,nico_execGuardACloth,xff-symbol,high,recomp,
0x013A8D00,0x013A8DB0,GAMECORE,sub_013A8D00,nico_setHorseBridleType,xff-symbol+reloc-j,high,recomp,
0x013A8DB0,0x013A8EC4,GAMECORE,sub_013A8DB0,nico_setHorseBridleTerminalParentPoint,xff-symbol+reloc-j,high,recomp,
0x013A8EC8,0x013A8FA4,GAMECORE,sub_013A8EC8,nico_setHorseBridleTerminalParentPointIndep,xff-symbol+reloc-j,high,recomp,
0x013A8FA8,0x013A8FBC,GAMECORE,sub_013A8FA8,nico_initHorseBriddle,xff-symbol,high,recomp,
0x013A8FC0,0x013A9010,GAMECORE,sub_013A8FC0,st_nico_horseBridle,xff-symbol,high,recomp,
0x013A9010,0x013A9028,GAMECORE,sub_013A9010,Init_TimeFloatInter,xff-symbol,high,recomp,
0x013A9028,0x013A9094,GAMECORE,sub_013A9028,Update_TimeFloatInter,xff-symbol,high,recomp,
0x013A9098,0x013A90BC,GAMECORE,sub_013A9098,Init_TimeFVECTORInter,xff-symbol,high,recomp,
0x013A90C0,0x013A913C,GAMECORE,sub_013A90C0,Update_TimeFVECTORInter,xff-symbol,high,recomp,
0x013A9140,0x013A9154,GAMECORE,sub_013A9140,Init_TimeFloatSpeed,xff-symbol,high,recomp,
0x013A9158,0x013A91C4,GAMECORE,sub_013A9158,Update_TimeFloatSpeed,xff-symbol,high,recomp,
0x013A91C8,0x013A9384,GAMECORE,sub_013A91C8,ColCont2_Update,xff-symbol+reloc-jal,high,recomp,
0x013A9388,0x013A94F8,GAMECORE,sub_013A9388,MotSpdCtrl_Update,xff-symbol+reloc-jal,high,recomp,
0x013A94F8,0x013A95FC,GAMECORE,sub_013A94F8,SearchNearestObjByGroup,xff-symbol+reloc-jal,high,recomp,
0x013A9600,0x013A9670,GAMECORE,sub_013A9600,IsDamaged,xff-symbol,high,recomp,
0x013A9670,0x013A967C,GAMECORE,sub_013A9670,ColCont_Reset,xff-symbol+reloc-jal,high,recomp,
0x013A9680,0x013A9720,GAMECORE,sub_013A9680,ColCont_Update,xff-symbol+reloc-jal,high,recomp,
0x013A9720,0x013A9760,GAMECORE,sub_013A9720,ColCont_IsColStatus,xff-symbol,high,recomp,
0x013A9760,0x013A97A4,GAMECORE,sub_013A9760,ColCont2_Init,xff-symbol+reloc-jal,high,recomp,
0x013A97A8,0x013A97EC,GAMECORE,sub_013A97A8,ColCont2_Release,xff-symbol+reloc-jal,high,recomp,
0x013A97F0,0x013A97F8,GAMECORE,sub_013A97F0,ColCont2_EventAttrReset,xff-symbol+reloc-j,high,recomp,
0x013A97F8,0x013A9848,GAMECORE,sub_013A97F8,ColCont2_IsColStatus,xff-symbol+reloc-jal,high,recomp,
0x013A9848,0x013A9898,GAMECORE,sub_013A9848,ColCont2_IsEventColStatus,xff-symbol+reloc-jal,high,recomp,
0x013A9898,0x013A98EC,GAMECORE,sub_013A9898,ColCont2_IsParentObj,xff-symbol+reloc-jal,high,recomp,
0x013A98F0,0x013A9924,GAMECORE,sub_013A98F0,MotSpdCtrl_Init,xff-symbol+reloc-jal,high,recomp,
0x013A9928,0x013A9944,GAMECORE,sub_013A9928,MotSpdCtrl_Start,xff-symbol+reloc-jal,high,recomp,
0x013A9948,0x013A99FC,GAMECORE,sub_013A9948,MotSpdCtrl_StartExt,xff-symbol+reloc-j,high,recomp,
0x013A9A00,0x013A9A10,GAMECORE,sub_013A9A00,MotSpdCtrl_Reset,xff-symbol+reloc-jal,high,recomp,
0x013A9A10,0x013A9A58,GAMECORE,sub_013A9A10,MotSpdCtrl_SetSpeed,xff-symbol+reloc-j,high,recomp,
0x013A9A58,0x013A9A60,GAMECORE,sub_013A9A58,MotSpdCtrl_SetParam,xff-symbol+reloc-jal,high,recomp,
0x013A9A60,0x013A9ADC,GAMECORE,sub_013A9A60,IsColStatus,xff-symbol,high,recomp,
0x013A9AE0,0x013A9B60,GAMECORE,sub_013A9AE0,IsColStatusCUP,xff-symbol,high,recomp,
0x013A9B60,0x013A9B9C,GAMECORE,sub_013A9B60,IsGeoColStatus,xff-symbol+reloc-jal,high,recomp,
0x013A9BA0,0x013A9D30,GAMECORE,sub_013A9BA0,,reloc-la+reloc-jal,high,recomp,
0x013A9D30,0x013AA390,GAMECORE,sub_013A9D30,demo_battle,xff-symbol,high,recomp,
0x013AA390,0x013AA4A8,GAMECORE,sub_013AA390,nico_kirinBossStart,xff-symbol,high,recomp,
0x013AA4A8,0x013AA964,GAMECORE,sub_013AA4A8,nico_kirinBodyExpression,xff-symbol,high,recomp,
0x013AA968,0x013AAA98,GAMECORE,sub_013AA968,,reloc-jal,high,recomp,
0x013AAA98,0x013AB128,GAMECORE,sub_013AAA98,SCRFuncKirinCaveFallRockLWSLoad,xff-symbol,high,recomp,
0x013AB128,0x013AB8B0,GAMECORE,sub_013AB128,SCRFuncKirinSlopeFallRockLWSLoad,xff-symbol,high,recomp,
0x013AB8B0,0x013AB910,GAMECORE,sub_013AB8B0,,reloc-la,high,recomp,
0x013AB910,0x013AB9A0,GAMECORE,sub_013AB910,,reloc-la,high,recomp,
0x013AB9A0,0x013AB9C4,GAMECORE,sub_013AB9A0,SCRFuncKirinCameraNeckDownIdSet,xff-symbol,high,recomp,
0x013AB9C8,0x013AB9E8,GAMECORE,sub_013AB9C8,SCRFuncKirinCameraNeckDownIdReset,xff-symbol,high,recomp,
0x013AB9E8,0x013ABA04,GAMECORE,sub_013AB9E8,SCRKirinFallRockEnd,xff-symbol,high,recomp,
0x013ABA08,0x013ABA78,GAMECORE,sub_013ABA08,SCRFuncSetFallRockTimerAndSetGroundDestFlag,xff-symbol,high,recomp,
0x013ABA78,0x013ABAE0,GAMECORE,sub_013ABA78,SCRFuncSetFallRockTimer,xff-symbol,high,recomp,
0x013ABAE0,0x013ABB30,GAMECORE,sub_013ABAE0,SCRFuncKirinFallRockMain,xff-symbol,high,recomp,
0x013ABB30,0x013ABB68,GAMECORE,sub_013ABB30,SCRConditionFallRockChack,xff-symbol,high,recomp,
0x013ABB68,0x013ABB8C,GAMECORE,sub_013ABB68,SCRFuncKirinFallRockTimerSetFlagOn,xff-symbol,high,recomp,
0x013ABB90,0x013ABBB0,GAMECORE,sub_013ABB90,SCRFuncKirinFallRockTimerSetFlagOff,xff-symbol,high,recomp,
0x013ABBB0,0x013ABC00,GAMECORE,sub_013ABBB0,SCRConditionKirinIntervalOfMovement,xff-symbol,high,recomp,
0x013ABC00,0x013ABC48,GAMECORE,sub_013ABC00,,reloc-la,high,recomp,
0x013ABC48,0x013ABDC4,GAMECORE,sub_013ABC48,nico_KnightBossStart,xff-symbol,high,recomp,
0x013ABDC8,0x013ABFB8,GAMECORE,sub_013ABDC8,,reloc-la,high,recomp,
0x013ABFB8,0x013AC444,GAMECORE,sub_013ABFB8,SCRFuncKnightParentMoveControlScriptKey,xff-symbol,high,recomp,
0x013AC448,0x013AC4A8,GAMECORE,sub_013AC448,,reloc-la,high,recomp,
0x013AC4A8,0x013AC4C4,GAMECORE,sub_013AC4A8,SCRKnightBossPartsBroken,xff-symbol,high,recomp,
0x013AC4C8,0x013AC4E4,GAMECORE,sub_013AC4C8,SCRKnightBossPartsDelete,xff-symbol,high,recomp,
0x013AC4E8,0x013AC510,GAMECORE,sub_013AC4E8,SCRFuncKnightSetStand,xff-symbol,high,recomp,
0x013AC510,0x013AC544,GAMECORE,sub_013AC510,SCRFuncKnightSetWalk,xff-symbol,high,recomp,
0x013AC548,0x013AC57C,GAMECORE,sub_013AC548,SCRFuncKnightSetShakeStop,xff-symbol,high,recomp,
0x013AC580,0x013AC5A4,GAMECORE,sub_013AC580,SCRConditionKnightGetStandKeyFlag,xff-symbol,high,recomp,
0x013AC5A8,0x013AC640,GAMECORE,sub_013AC5A8,,reloc-la,high,recomp,
0x013AC640,0x013AC898,GAMECORE,sub_013AC640,leoTorch,xff-symbol,high,recomp,
0x013AC898,0x013ACBF0,GAMECORE,sub_013AC898,,reloc-la,high,recomp,
0x013ACBF0,0x013ACE28,GAMECORE,sub_013ACBF0,nico_leoBossStart,xff-symbol,high,recomp,
0x013ACE28,0x013ACE50,GAMECORE,sub_013ACE28,,reloc-la,high,recomp,
0x013ACE50,0x013ACE6C,GAMECORE,sub_013ACE50,SCRLeoTorch0_Disp,xff-symbol,high,recomp,
0x013ACE70,0x013ACE8C,GAMECORE,sub_013ACE70,SCRLeoTorch1_Disp,xff-symbol,high,recomp,
0x013ACE90,0x013ACEAC,GAMECORE,sub_013ACE90,SCRLeoTorch2_Disp,xff-symbol,high,recomp,
0x013ACEB0,0x013ACECC,GAMECORE,sub_013ACEB0,SCRLeoTorch3_Disp,xff-symbol,high,recomp,
0x013ACED0,0x013ACEF4,GAMECORE,sub_013ACED0,SCRConditionLeoCheckArmorBroken,xff-symbol,high,recomp,
0x013ACEF8,0x013ACF14,GAMECORE,sub_013ACEF8,SCRLeoArmorBroken,xff-symbol,high,recomp,
0x013ACF18,0x013ACF34,GAMECORE,sub_013ACF18,SCRLeoFall,xff-symbol,high,recomp,
0x013ACF38,0x013ACF54,GAMECORE,sub_013ACF38,SCRLeoDamage,xff-symbol,high,recomp,
0x013ACF58,0x013ACF74,GAMECORE,sub_013ACF58,SCRLeoDashAttackEnd,xff-symbol,high,recomp,
0x013ACF78,0x013ACF94,GAMECORE,sub_013ACF78,SCRLeoDashAttack,xff-symbol,high,recomp,
0x013ACF98,0x013AD038,GAMECORE,sub_013ACF98,,reloc-la,high,recomp,
0x013AD038,0x013AD0D8,GAMECORE,sub_013AD038,,reloc-la,high,recomp,
0x013AD0D8,0x013AD178,GAMECORE,sub_013AD0D8,,reloc-la,high,recomp,
0x013AD178,0x013AD218,GAMECORE,sub_013AD178,,reloc-la,high,recomp,
0x013AD218,0x013AD288,GAMECORE,sub_013AD218,,reloc-la,high,recomp,
0x013AD288,0x013AD290,GAMECORE,sub_013AD288,,reloc-la,high,recomp,
0x013AD290,0x013AD298,GAMECORE,sub_013AD290,,reloc-la,high,recomp,
0x013AD298,0x013AD2A0,GAMECORE,sub_013AD298,,reloc-la,high,recomp,
0x013AD2A0,0x013AD2A8,GAMECORE,sub_013AD2A0,,reloc-la,high,recomp,
0x013AD2A8,0x013AD3C0,GAMECORE,sub_013AD2A8,,reloc-la,high,recomp,
0x013AD3C0,0x013AD670,GAMECORE,sub_013AD3C0,,reloc-la,high,recomp,
0x013AD670,0x013AD684,GAMECORE,sub_013AD670,setNowLoadingMessageDisplayFlag,xff-symbol+reloc-jal,high,recomp,
0x013AD688,0x013AD780,GAMECORE,sub_013AD688,nowLoadingScript,xff-symbol,high,recomp,
0x013AD780,0x013AD78C,GAMECORE,sub_013AD780,inInNowLoadingEffect,xff-symbol+reloc-jal,high,recomp,
0x013AD790,0x013AD858,GAMECORE,sub_013AD790,setNowLoadingEffectDisplayFlagHokoraBack,xff-symbol+reloc-jal,high,recomp,
0x013AD858,0x013AD940,GAMECORE,sub_013AD858,nico_mammosBossStart,xff-symbol,high,recomp,
0x013AD940,0x013AD9A0,GAMECORE,sub_013AD940,,reloc-la,high,recomp,
0x013AD9A0,0x013AD9D8,GAMECORE,sub_013AD9A0,nico_mammothArmRightTexEnd,xff-symbol,high,recomp,
0x013AD9D8,0x013ADA14,GAMECORE,sub_013AD9D8,nico_mammothArmRightTexStart,xff-symbol,high,recomp,
0x013ADA18,0x013ADA50,GAMECORE,sub_013ADA18,nico_mammothArmLeftTexEnd,xff-symbol,high,recomp,
0x013ADA50,0x013ADA8C,GAMECORE,sub_013ADA50,nico_mammothArmLeftTexStart,xff-symbol,high,recomp,
0x013ADA90,0x013ADAC8,GAMECORE,sub_013ADA90,nico_mammothLegRightTexEnd,xff-symbol,high,recomp,
0x013ADAC8,0x013ADB04,GAMECORE,sub_013ADAC8,nico_mammothLegRightTexStart,xff-symbol,high,recomp,
0x013ADB08,0x013ADB40,GAMECORE,sub_013ADB08,nico_mammothLegLeftTexEnd,xff-symbol,high,recomp,
0x013ADB40,0x013ADB7C,GAMECORE,sub_013ADB40,nico_mammothLegLeftTexStart,xff-symbol,high,recomp,
0x013ADB80,0x013ADC20,GAMECORE,sub_013ADB80,nico_mammothAllTexEnd,xff-symbol,high,recomp,
0x013ADC20,0x013ADD18,GAMECORE,sub_013ADC20,mc_save_scr_begin,xff-symbol,high,recomp,
0x013ADD18,0x013AE1C0,GAMECORE,sub_013ADD18,,reloc-la,high,recomp,
0x013AE1C0,0x013AE280,GAMECORE,sub_013AE1C0,,reloc-jal,high,recomp,
0x013AE280,0x013AE8B0,GAMECORE,sub_013AE280,,reloc-jal,high,recomp,
0x013AE8B0,0x013AEAA8,GAMECORE,sub_013AE8B0,,reloc-jal,high,recomp,
0x013AEAA8,0x013AED88,GAMECORE,sub_013AEAA8,,reloc-jal,high,recomp,
0x013AED88,0x013AEE98,GAMECORE,sub_013AED88,,reloc-jal,high,recomp,
0x013AEE98,0x013B0AE8,GAMECORE,sub_013AEE98,,reloc-jal,high,recomp,
0x013B0AE8,0x013B0E90,GAMECORE,sub_013B0AE8,memoryCardSaveScript,xff-symbol,high,recomp,
0x013B0E90,0x013B0FD8,GAMECORE,sub_013B0E90,,reloc-jal,high,recomp,
0x013B0FD8,0x013B1128,GAMECORE,sub_013B0FD8,,reloc-jal,high,recomp,
0x013B1128,0x013B13B8,GAMECORE,sub_013B1128,,reloc-jal,high,recomp,
0x013B13B8,0x013B14C8,GAMECORE,sub_013B13B8,,reloc-jal,high,recomp,
0x013B14C8,0x013B2F50,GAMECORE,sub_013B14C8,,reloc-jal,high,recomp,
0x013B2F50,0x013B3144,GAMECORE,sub_013B2F50,memoryCardLoadScript,xff-symbol,high,recomp,
0x013B3148,0x013B31EC,GAMECORE,sub_013B3148,bootMemoryCardLoadScriptNoBlock,xff-symbol+reloc-j,high,recomp,
0x013B31F0,0x013B3270,GAMECORE,sub_013B31F0,bootMemoryCardSaveScript,xff-symbol+reloc-jal,high,recomp,
0x013B3270,0x013B32C8,GAMECORE,sub_013B3270,bootMemoryCardSaveScriptNoBlock,xff-symbol+reloc-j,high,recomp,
0x013B32C8,0x013B33BC,GAMECORE,sub_013B32C8,nico_BossMinotaurStart,xff-symbol,high,recomp,
0x013B33C0,0x013B3660,GAMECORE,sub_013B33C0,SCRFuncMinoBSetTemporaryTarget,xff-symbol,high,recomp,
0x013B3660,0x013B3984,GAMECORE,sub_013B3660,SCRFuncMinoBCanossaWallBreak,xff-symbol,high,recomp,
0x013B3988,0x013B39B8,GAMECORE,sub_013B3988,,reloc-la,high,recomp,
0x013B39B8,0x013B3A18,GAMECORE,sub_013B39B8,,reloc-la,high,recomp,
0x013B3A18,0x013B3A58,GAMECORE,sub_013B3A18,,reloc-la,high,recomp,
0x013B3A58,0x013B3A74,GAMECORE,sub_013B3A58,SCRCanossaWallBreakEnd,xff-symbol,high,recomp,
0x013B3A78,0x013B3A94,GAMECORE,sub_013B3A78,SCRCanossaWallDelete,xff-symbol,high,recomp,
0x013B3A98,0x013B3AE0,GAMECORE,sub_013B3A98,,reloc-la,high,recomp,
0x013B3AE0,0x013B3B20,GAMECORE,sub_013B3AE0,,reloc-la,high,recomp,
0x013B3B20,0x013B3C90,GAMECORE,sub_013B3B20,SCRSetupWeaponMinotaur,xff-symbol,high,recomp,
0x013B3C90,0x013B3CF4,GAMECORE,sub_013B3C90,nico_minotaur_weaponstart,xff-symbol,high,recomp,
0x013B3CF8,0x013B3DD8,GAMECORE,sub_013B3CF8,nico_BossMinotaurAStart,xff-symbol,high,recomp,
0x013B3DD8,0x013B4064,GAMECORE,sub_013B3DD8,SCRFuncMinoASetTemporaryTarget,xff-symbol,high,recomp,
0x013B4068,0x013B40C8,GAMECORE,sub_013B4068,,reloc-la,high,recomp,
0x013B40C8,0x013B4100,GAMECORE,sub_013B40C8,,reloc-la,high,recomp,
0x013B4100,0x013B4230,GAMECORE,sub_013B4100,,reloc-la,high,recomp,
0x013B4230,0x013B43B0,GAMECORE,sub_013B4230,nico_BossMinotaurCStart,xff-symbol,high,recomp,
0x013B43B0,0x013B46D8,GAMECORE,sub_013B43B0,SCRFuncMinoCSetTemporaryTarget,xff-symbol,high,recomp,
0x013B46D8,0x013B49AC,GAMECORE,sub_013B46D8,SCRConditionMinoCBridgeRayChack,xff-symbol,high,recomp,
0x013B49B0,0x013B4C8C,GAMECORE,sub_013B49B0,SCRConditionMinoCBridgeRayChack2,xff-symbol,high,recomp,
0x013B4C90,0x013B4CAC,GAMECORE,sub_013B4C90,SCRMinotourCFallWeapon,xff-symbol,high,recomp,
0x013B4CB0,0x013B4CCC,GAMECORE,sub_013B4CB0,SCRMinotourCSetFallWeaponFlag,xff-symbol,high,recomp,
0x013B4CD0,0x013B4D10,GAMECORE,sub_013B4CD0,,reloc-la,high,recomp,
0x013B4D10,0x013B4D30,GAMECORE,sub_013B4D10,SCRConditionMinoCTargetWallChangeChack,xff-symbol,high,recomp,
0x013B4D30,0x013B4D50,GAMECORE,sub_013B4D30,SCRConditionMinoCAtkWallEx,xff-symbol,high,recomp,
0x013B4D50,0x013B4D70,GAMECORE,sub_013B4D50,SCRFuncMinoCTargetWallReset,xff-symbol,high,recomp,
0x013B4D70,0x013B4D90,GAMECORE,sub_013B4D70,SCRFuncMinoCAtkCountInit,xff-symbol,high,recomp,
0x013B4D90,0x013B4DB8,GAMECORE,sub_013B4D90,SCRFuncMinoCAddAtkCount,xff-symbol,high,recomp,
0x013B4DB8,0x013B4DE4,GAMECORE,sub_013B4DB8,SCRConditionMinoCAtkCountChack,xff-symbol,high,recomp,
0x013B4DE8,0x013B4E04,GAMECORE,sub_013B4DE8,SCRMinoCSetAddFlag,xff-symbol,high,recomp,
0x013B4E08,0x013B4E24,GAMECORE,sub_013B4E08,SCRMinoCResetAddFlag,xff-symbol,high,recomp,
0x013B4E28,0x013B4E48,GAMECORE,sub_013B4E28,SCRConditionMinoCAddFlagChack,xff-symbol,high,recomp,
0x013B4E48,0x013B4E68,GAMECORE,sub_013B4E48,SCRConditionMinoCWallCaseFlagChack,xff-symbol,high,recomp,
0x013B4E68,0x013B4E8C,GAMECORE,sub_013B4E68,SCRFuncMinoCSetPlayerInCorridorFlag,xff-symbol,high,recomp,
0x013B4E90,0x013B4EB0,GAMECORE,sub_013B4E90,SCRFuncMinoCResetPlayerInCorridorFlag,xff-symbol,high,recomp,
0x013B4EB0,0x013B4ED0,GAMECORE,sub_013B4EB0,SCRFuncMinoCPlayerInCorridorFlagChack,xff-symbol,high,recomp,
0x013B4ED0,0x013B4EEC,GAMECORE,sub_013B4ED0,SCRMinotourCResetWeaponCameraFlag,xff-symbol,high,recomp,
0x013B4EF0,0x013B4F30,GAMECORE,sub_013B4EF0,,reloc-la,high,recomp,
0x013B4F30,0x013B4F68,GAMECORE,sub_013B4F30,,reloc-la,high,recomp,
0x013B4F68,0x013B4FA0,GAMECORE,sub_013B4F68,,reloc-la,high,recomp,
0x013B4FA0,0x013B4FD8,GAMECORE,sub_013B4FA0,,reloc-la,high,recomp,
0x013B4FD8,0x013B53C0,GAMECORE,sub_013B4FD8,,reloc-la,high,recomp,
0x013B53C0,0x013B6088,GAMECORE,sub_013B53C0,,reloc-la,high,recomp,
0x013B6088,0x013B6218,GAMECORE,sub_013B6088,,reloc-la,high,recomp,
0x013B6218,0x013B62B0,GAMECORE,sub_013B6218,SCRSetupMissile1,xff-symbol+reloc-jal,high,recomp,
0x013B62B0,0x013B62E0,GAMECORE,sub_013B62B0,,reloc-la,high,recomp,
0x013B62E0,0x013B63D0,GAMECORE,sub_013B62E0,,reloc-la,high,recomp,
0x013B63D0,0x013B6418,GAMECORE,sub_013B63D0,,reloc-la,high,recomp,
0x013B6418,0x013B6480,GAMECORE,sub_013B6418,,reloc-la,high,recomp,
0x013B6480,0x013B6514,GAMECORE,sub_013B6480,nico_missile1start,xff-symbol,high,recomp,
0x013B6518,0x013B6594,GAMECORE,sub_013B6518,CalcFootVec,xff-symbol+reloc-jal,high,recomp,
0x013B6598,0x013B6614,GAMECORE,sub_013B6598,CalcFootPos,xff-symbol,high,recomp,
0x013B6618,0x013B6704,GAMECORE,sub_013B6618,CalcDistancePointAnd2Point,xff-symbol+reloc-jal,high,recomp,
0x013B6708,0x013B67B0,GAMECORE,sub_013B6708,CalcDistancePointAndLine,xff-symbol+reloc-jal,high,recomp,
0x013B67B0,0x013B67E8,GAMECORE,sub_013B67B0,MVHIST_Init,xff-symbol+reloc-jal,high,recomp,
0x013B67E8,0x013B68F8,GAMECORE,sub_013B67E8,MVHIST_Update,xff-symbol+reloc-jal,high,recomp,
0x013B68F8,0x013B6904,GAMECORE,sub_013B68F8,DirectTurn_Reset,xff-symbol+reloc-jal,high,recomp,
0x013B6908,0x013B69E8,GAMECORE,sub_013B6908,IsTouchableObj,xff-symbol,high,recomp,
0x013B69E8,0x013B6B24,GAMECORE,sub_013B69E8,nico_nargaBossStart,xff-symbol,high,recomp,
0x013B6B28,0x013B6FD4,GAMECORE,sub_013B6B28,SCRConditionNaragaBodyRot,xff-symbol,high,recomp,
0x013B6FD8,0x013B7120,GAMECORE,sub_013B6FD8,,reloc-jal,high,recomp,
0x013B7120,0x013B7158,GAMECORE,sub_013B7120,,reloc-la,high,recomp,
0x013B7158,0x013B71C8,GAMECORE,sub_013B7158,,reloc-la,high,recomp,
0x013B71C8,0x013B7288,GAMECORE,sub_013B71C8,,reloc-la,high,recomp,
0x013B7288,0x013B7558,GAMECORE,sub_013B7288,SCRFuncNargaWallCheckMain,xff-symbol,high,recomp,
0x013B7558,0x013B7678,GAMECORE,sub_013B7558,SCRConditionNargaWallCheck2,xff-symbol,high,recomp,
0x013B7678,0x013B7714,GAMECORE,sub_013B7678,SCRFuncNargaSetWallAttainPos,xff-symbol,high,recomp,
0x013B7718,0x013B77AC,GAMECORE,sub_013B7718,SCRFuncNargaSetWallAttainDir,xff-symbol,high,recomp,
0x013B77B0,0x013B7834,GAMECORE,sub_013B77B0,SCRFuncNargaFloatMain,xff-symbol,high,recomp,
0x013B7838,0x013B7860,GAMECORE,sub_013B7838,SCRFuncNargaSetPlayerDamage,xff-symbol,high,recomp,
0x013B7860,0x013B7964,GAMECORE,sub_013B7860,SCRFuncNargaSetPlayerAttainmentPos,xff-symbol,high,recomp,
0x013B7968,0x013B7998,GAMECORE,sub_013B7968,SCRConditionNargaWallCheck,xff-symbol,high,recomp,
0x013B7998,0x013B79BC,GAMECORE,sub_013B7998,SCRConditionNargaPlayerDamage,xff-symbol,high,recomp,
0x013B79C0,0x013B7A88,GAMECORE,sub_013B79C0,SCRFuncNargaWayVolumeMain,xff-symbol,high,recomp,
0x013B7A88,0x013B7ACC,GAMECORE,sub_013B7A88,SCRConditionNargaWallNear,xff-symbol,high,recomp,
0x013B7AD0,0x013B7C70,GAMECORE,sub_013B7AD0,SCRConditionNargaStruggleStart,xff-symbol,high,recomp,
0x013B7C70,0x013B7C78,GAMECORE,sub_013B7C70,SCRFuncNargaPlayerStop,xff-symbol,high,recomp,
0x013B7C78,0x013B7EB8,GAMECORE,sub_013B7C78,constructor_nico_sight_on,xff-symbol+reloc-jal,high,recomp,
0x013B7EB8,0x013B8058,GAMECORE,sub_013B7EB8,,reloc-jal,high,recomp,
0x013B8058,0x013B8360,GAMECORE,sub_013B8058,,reloc-jal,high,recomp,
0x013B8360,0x013B86A8,GAMECORE,sub_013B8360,,reloc-jal,high,recomp,
0x013B86A8,0x013B8808,GAMECORE,sub_013B86A8,,reloc-jal,high,recomp,
0x013B8808,0x013B8A0C,GAMECORE,sub_013B8808,doit_nico_sight_on,xff-symbol+reloc-jal,high,recomp,
0x013B8A10,0x013B8D88,GAMECORE,sub_013B8A10,,reloc-jal,high,recomp,
0x013B8D88,0x013B8EF8,GAMECORE,sub_013B8D88,,reloc-jal,high,recomp,
0x013B8EF8,0x013B8F5C,GAMECORE,sub_013B8EF8,get_object_local_merge_yaw_nico_sight_on,xff-symbol+reloc-jal,high,recomp,
0x013B8F60,0x013B8FE0,GAMECORE,sub_013B8F60,get_radiate_direction_nico_sight_on,xff-symbol+reloc-jal,high,recomp,
0x013B8FE0,0x013B9198,GAMECORE,sub_013B8FE0,is_enable_reach_src_yaw_nico_sight_on,xff-symbol+reloc-jal,high,recomp,
0x013B9198,0x013B94E4,GAMECORE,sub_013B9198,set_parameter_nico_sight_on,xff-symbol+reloc-jal,high,recomp,
0x013B94E8,0x013B9548,GAMECORE,sub_013B94E8,set_option_parameter_nico_sight_on,xff-symbol+reloc-jal,high,recomp,
0x013B9548,0x013B9654,GAMECORE,sub_013B9548,begin_nico_sight_on,xff-symbol+reloc-j+reloc-jal,high,recomp,
0x013B9658,0x013B9680,GAMECORE,sub_013B9658,end_nico_sight_on,xff-symbol+reloc-jal+reloc-j,high,recomp,
0x013B9680,0x013B968C,GAMECORE,sub_013B9680,is_doing_nico_sight_on,xff-symbol+reloc-jal+reloc-j,high,recomp,
0x013B9690,0x013B9698,GAMECORE,sub_013B9690,get_ofst_yaw_nico_sight_on,xff-symbol,high,recomp,
0x013B9698,0x013B96A4,GAMECORE,sub_013B9698,get_ofst_pitch_nico_sight_on,xff-symbol,high,recomp,
0x013B96A8,0x013B96B0,GAMECORE,sub_013B96A8,get_base_yaw_nico_sight_on,xff-symbol,high,recomp,
0x013B96B0,0x013B9704,GAMECORE,sub_013B96B0,get_object_local_base_yaw_nico_sight_on,xff-symbol+reloc-jal,high,recomp,
0x013B9708,0x013B9710,GAMECORE,sub_013B9708,get_base_pitch_nico_sight_on,xff-symbol,high,recomp,
0x013B9710,0x013B9734,GAMECORE,sub_013B9710,get_merge_yaw_nico_sight_on,xff-symbol,high,recomp,
0x013B9738,0x013B9774,GAMECORE,sub_013B9738,get_merge_pitch_nico_sight_on,xff-symbol+reloc-jal,high,recomp,
0x013B9778,0x013B9780,GAMECORE,sub_013B9778,get_hope_yaw_nico_sight_on,xff-symbol,high,recomp,
0x013B9780,0x013B9788,GAMECORE,sub_013B9780,get_hope_pitch_nico_sight_on,xff-symbol,high,recomp,
0x013B9788,0x013B9794,GAMECORE,sub_013B9788,get_snipe_position_nico_sight_on,xff-symbol+reloc-jal,high,recomp,
0x013B9798,0x013B97A8,GAMECORE,sub_013B9798,get_predict_hit_position_nico_sight_on,xff-symbol+reloc-jal,high,recomp,
0x013B97A8,0x013B97FC,GAMECORE,sub_013B97A8,get_hope_camera_direction_nico_sight_on,xff-symbol+reloc-jal+reloc-j,high,recomp,
0x013B9800,0x013B9840,GAMECORE,sub_013B9800,,reloc-jal,high,recomp,
0x013B9840,0x013B9890,GAMECORE,sub_013B9840,,reloc-jal,high,recomp,
0x013B9890,0x013B98B8,GAMECORE,sub_013B9890,,reloc-jal,high,recomp,
0x013B98B8,0x013B98E0,GAMECORE,sub_013B98B8,,reloc-jal,high,recomp,
0x013B98E0,0x013B99F0,GAMECORE,sub_013B98E0,,reloc-jal,high,recomp,
0x013B99F0,0x013B9A10,GAMECORE,sub_013B99F0,,reloc-jal,high,recomp,
0x013B9A10,0x013B9AA8,GAMECORE,sub_013B9A10,,reloc-j,medium,recomp,
0x013B9AA8,0x013B9C08,GAMECORE,sub_013B9AA8,,reloc-j,medium,recomp,
0x013B9C08,0x013B9D4C,GAMECORE,sub_013B9C08,nico_setOmakeItemFlag,xff-symbol+reloc-j,high,recomp,
0x013B9D50,0x013B9F5C,GAMECORE,sub_013B9D50,nico_getOmakeItem,xff-symbol+reloc-jal,high,recomp,
0x013B9F60,0x013B9F84,GAMECORE,sub_013B9F60,nico_delOmakeItem,xff-symbol+reloc-j,high,recomp,
0x013B9F88,0x013BA100,GAMECORE,sub_013B9F88,,reloc-jal+reloc-j,high,recomp,
0x013BA100,0x013BA648,GAMECORE,sub_013BA100,demo_op1,xff-symbol,high,recomp,
0x013BA648,0x013BA66C,GAMECORE,sub_013BA648,demo_op1_resetHorseBridle,xff-symbol,high,recomp,
0x013BA670,0x013BA6E0,GAMECORE,sub_013BA670,demo_op1_setHorseBridle,xff-symbol,high,recomp,
0x013BA6E0,0x013BAA90,GAMECORE,sub_013BA6E0,,reloc-la+reloc-jal,high,recomp,
0x013BAA90,0x013BB360,GAMECORE,sub_013BAA90,demo_op2,xff-symbol,high,recomp,
0x013BB360,0x013BB394,GAMECORE,sub_013BB360,demo_op2_resetHorseBridle,xff-symbol,high,recomp,
0x013BB398,0x013BB418,GAMECORE,sub_013BB398,demo_op2_setHorseBridle,xff-symbol,high,recomp,
0x013BB418,0x013BB450,GAMECORE,sub_013BB418,nico_SmokemanBodyTexEnd,xff-symbol,high,recomp,
0x013BB450,0x013BB5D8,GAMECORE,sub_013BB450,optionMenuParamSetDefault,xff-symbol+reloc-j,high,recomp,
0x013BB5D8,0x013BB764,GAMECORE,sub_013BB5D8,optionMenuParamSetLoadData,xff-symbol+reloc-jal,high,recomp,
0x013BB768,0x013BB8A8,GAMECORE,sub_013BB768,,reloc-jal,high,recomp,
0x013BB8A8,0x013BBA78,GAMECORE,sub_013BB8A8,,reloc-jal+reloc-j,high,recomp,
0x013BBA78,0x013BBE20,GAMECORE,sub_013BBA78,,reloc-j,medium,recomp,
0x013BBE20,0x013BC038,GAMECORE,sub_013BBE20,,reloc-j,medium,recomp,
0x013BC038,0x013BC2E8,GAMECORE,sub_013BC038,,reloc-j,medium,recomp,
0x013BC2E8,0x013BC550,GAMECORE,sub_013BC2E8,,reloc-j,medium,recomp,
0x013BC550,0x013BCA80,GAMECORE,sub_013BC550,,reloc-j,medium,recomp,
0x013BCA80,0x013BCBA8,GAMECORE,sub_013BCA80,,reloc-j,medium,recomp,
0x013BCBA8,0x013BCE98,GAMECORE,sub_013BCBA8,,reloc-la,high,recomp,
0x013BCE98,0x013BD0F0,GAMECORE,sub_013BCE98,,reloc-la,high,recomp,
0x013BD0F0,0x013BD540,GAMECORE,sub_013BD0F0,,reloc-jal,high,recomp,
0x013BD540,0x013BD720,GAMECORE,sub_013BD540,,reloc-jal,high,recomp,
0x013BD720,0x013BD890,GAMECORE,sub_013BD720,optionMenuScript,xff-symbol,high,recomp,
0x013BD890,0x013BD8A8,GAMECORE,sub_013BD890,,reloc-data-ptr,high,recomp,
0x013BD8A8,0x013BD8C0,GAMECORE,sub_013BD8A8,,reloc-data-ptr,high,recomp,
0x013BD8C0,0x013BD8D8,GAMECORE,sub_013BD8C0,,reloc-data-ptr,high,recomp,
0x013BD8D8,0x013BD8F0,GAMECORE,sub_013BD8D8,,reloc-data-ptr,high,recomp,
0x013BD8F0,0x013BD908,GAMECORE,sub_013BD8F0,,reloc-data-ptr,high,recomp,
0x013BD908,0x013BD920,GAMECORE,sub_013BD908,,reloc-data-ptr,high,recomp,
0x013BD920,0x013BD938,GAMECORE,sub_013BD920,,reloc-data-ptr,high,recomp,
0x013BD938,0x013BD950,GAMECORE,sub_013BD938,,reloc-data-ptr,high,recomp,
0x013BD950,0x013BD968,GAMECORE,sub_013BD950,,reloc-data-ptr,high,recomp,
0x013BD968,0x013BD980,GAMECORE,sub_013BD968,,reloc-data-ptr,high,recomp,
0x013BD980,0x013BD998,GAMECORE,sub_013BD980,,reloc-data-ptr,high,recomp,
0x013BD998,0x013BD9D0,GAMECORE,sub_013BD998,,reloc-data-ptr,high,recomp,
0x013BD9D0,0x013BDA08,GAMECORE,sub_013BD9D0,,reloc-data-ptr,high,recomp,
0x013BDA08,0x013BDA40,GAMECORE,sub_013BDA08,,reloc-data-ptr,high,recomp,
0x013BDA40,0x013BDA60,GAMECORE,sub_013BDA40,,reloc-data-ptr,high,recomp,
0x013BDA60,0x013BDA80,GAMECORE,sub_013BDA60,,reloc-data-ptr,high,recomp,
0x013BDA80,0x013BDAA0,GAMECORE,sub_013BDA80,,reloc-data-ptr,high,recomp,
0x013BDAA0,0x013BDAD8,GAMECORE,sub_013BDAA0,,reloc-data-ptr,high,recomp,
0x013BDAD8,0x013BDB10,GAMECORE,sub_013BDAD8,,reloc-data-ptr,high,recomp,
0x013BDB10,0x013BDB48,GAMECORE,sub_013BDB10,,reloc-data-ptr,high,recomp,
0x013BDB48,0x013BDB80,GAMECORE,sub_013BDB48,,reloc-data-ptr,high,recomp,
0x013BDB80,0x013BDBB8,GAMECORE,sub_013BDB80,,reloc-data-ptr,high,recomp,
0x013BDBB8,0x013BDBD0,GAMECORE,sub_013BDBB8,,reloc-data-ptr,high,recomp,
0x013BDBD0,0x013BDC00,GAMECORE,sub_013BDBD0,,reloc-data-ptr,high,recomp,
0x013BDC00,0x013BDC30,GAMECORE,sub_013BDC00,OptionMenuStart,xff-symbol+reloc-j+reloc-jal,high,recomp,
0x013BDC30,0x013BDFE0,GAMECORE,sub_013BDC30,,reloc-j,medium,recomp,
0x013BDFE0,0x013BE220,GAMECORE,sub_013BDFE0,,reloc-j,medium,recomp,
0x013BE220,0x013BE378,GAMECORE,sub_013BE220,,reloc-jal,high,recomp,
0x013BE378,0x013BE578,GAMECORE,sub_013BE378,,reloc-jal,high,recomp,
0x013BE578,0x013BE730,GAMECORE,sub_013BE578,pauseMenuScript,xff-symbol,high,recomp,
0x013BE730,0x013BE7A8,GAMECORE,sub_013BE730,,reloc-la,high,recomp,
0x013BE7A8,0x013BE7D8,GAMECORE,sub_013BE7A8,PauseMenuStart,xff-symbol+reloc-jal,high,recomp,
0x013BE7D8,0x013BED08,GAMECORE,sub_013BE7D8,physicalOp,xff-symbol,high,recomp,
0x013BED08,0x013BEE70,GAMECORE,sub_013BED08,,reloc-jal,high,recomp,
0x013BEE70,0x013BF058,GAMECORE,sub_013BEE70,,reloc-jal,high,recomp,
0x013BF058,0x013BF2E8,GAMECORE,sub_013BF058,,reloc-jal,high,recomp,
0x013BF2E8,0x013BF498,GAMECORE,sub_013BF2E8,,reloc-j,medium,recomp,
0x013BF498,0x013BF648,GAMECORE,sub_013BF498,,reloc-jal,high,recomp,
0x013BF648,0x013BF830,GAMECORE,sub_013BF648,,reloc-jal,high,recomp,
0x013BF830,0x013BF968,GAMECORE,sub_013BF830,,reloc-jal+reloc-j,high,recomp,
0x013BF968,0x013BFC20,GAMECORE,sub_013BF968,,reloc-jal,high,recomp,
0x013BFC20,0x013BFE88,GAMECORE,sub_013BFC20,,reloc-jal,high,recomp,
0x013BFE88,0x013C0228,GAMECORE,sub_013BFE88,,reloc-jal,high,recomp,
0x013C0228,0x013C1128,GAMECORE,sub_013C0228,,reloc-la,high,recomp,
0x013C1128,0x013C1318,GAMECORE,sub_013C1128,nico_createPlayerParachute,xff-symbol,high,recomp,
0x013C1318,0x013C1598,GAMECORE,sub_013C1318,,reloc-jal,high,recomp,
0x013C1598,0x013C1C50,GAMECORE,sub_013C1598,nico_player1,xff-symbol+reloc-la,high,recomp,
0x013C1C50,0x013C1E18,GAMECORE,sub_013C1C50,SCRPlayerLandingRotateBounding,xff-symbol,high,recomp,
0x013C1E18,0x013C1F60,GAMECORE,sub_013C1E18,,reloc-la,high,recomp,
0x013C1F60,0x013C20F0,GAMECORE,sub_013C1F60,,reloc-la,high,recomp,
0x013C20F0,0x013C2220,GAMECORE,sub_013C20F0,,reloc-jal,high,recomp,
0x013C2220,0x013C23E0,GAMECORE,sub_013C2220,,reloc-jal,high,recomp,
0x013C23E0,0x013C26A0,GAMECORE,sub_013C23E0,,reloc-jal,high,recomp,
0x013C26A0,0x013C2828,GAMECORE,sub_013C26A0,,reloc-la+reloc-j,high,recomp,
0x013C2828,0x013C29C0,GAMECORE,sub_013C2828,,reloc-la,high,recomp,
0x013C29C0,0x013C2B38,GAMECORE,sub_013C29C0,,reloc-la,high,recomp,
0x013C2B38,0x013C2C68,GAMECORE,sub_013C2B38,,reloc-la+reloc-j,high,recomp,
0x013C2C68,0x013C2D98,GAMECORE,sub_013C2C68,,reloc-la,high,recomp,
0x013C2D98,0x013C2E60,GAMECORE,sub_013C2D98,,reloc-la,high,recomp,
0x013C2E60,0x013C2F28,GAMECORE,sub_013C2E60,,reloc-la,high,recomp,
0x013C2F28,0x013C3098,GAMECORE,sub_013C2F28,,reloc-la,high,recomp,
0x013C3098,0x013C31F8,GAMECORE,sub_013C3098,,reloc-la,high,recomp,
0x013C31F8,0x013C3358,GAMECORE,sub_013C31F8,,reloc-la,high,recomp,
0x013C3358,0x013C34B8,GAMECORE,sub_013C3358,,reloc-la,high,recomp,
0x013C34B8,0x013C35A8,GAMECORE,sub_013C34B8,,reloc-la,high,recomp,
0x013C35A8,0x013C3830,GAMECORE,sub_013C35A8,nico_playerstart,xff-symbol,high,recomp,
0x013C3830,0x013C3AB0,GAMECORE,sub_013C3830,,reloc-jal,high,recomp,
0x013C3AB0,0x013C3C08,GAMECORE,sub_013C3AB0,,reloc-j,medium,recomp,
0x013C3C08,0x013C3D60,GAMECORE,sub_013C3C08,,reloc-la,high,recomp,
0x013C3D60,0x013C3EB8,GAMECORE,sub_013C3D60,,reloc-jal,high,recomp,
0x013C3EB8,0x013C3F64,GAMECORE,sub_013C3EB8,SCRPlayerGetWeapon,xff-symbol+reloc-jal,high,recomp,
0x013C3F68,0x013C400C,GAMECORE,sub_013C3F68,SCRPlayerLostWeapon,xff-symbol+reloc-jal,high,recomp,
0x013C4010,0x013C4054,GAMECORE,sub_013C4010,nico_playerGetSightOn,xff-symbol+reloc-jal,high,recomp,
0x013C4058,0x013C40AC,GAMECORE,sub_013C4058,nico_playerIsActingSightOn,xff-symbol+reloc-jal,high,recomp,
0x013C40B0,0x013C4164,GAMECORE,sub_013C40B0,nico_playerSightOnDirection,xff-symbol+reloc-jal,high,recomp,
0x013C4168,0x013C41B0,GAMECORE,sub_013C4168,nico_playerSetAttentionHeadActFlag,xff-symbol+reloc-jal,high,recomp,
0x013C41B0,0x013C421C,GAMECORE,sub_013C41B0,nico_playerIsSwimmingNow,xff-symbol,high,recomp,
0x013C4220,0x013C4240,GAMECORE,sub_013C4220,nico_playerGetExpression,xff-symbol+reloc-jal,high,recomp,
0x013C4240,0x013C4260,GAMECORE,sub_013C4240,nico_playerGetExpressionChange,xff-symbol+reloc-jal,high,recomp,
0x013C4260,0x013C42B4,GAMECORE,sub_013C4260,nico_playerActForseStandReset,xff-symbol,high,recomp,
0x013C42B8,0x013C4320,GAMECORE,sub_013C42B8,nico_playerBeginHoistSword,xff-symbol+reloc-jal,high,recomp,
0x013C4320,0x013C4370,GAMECORE,sub_013C4320,nico_playerEndHoistSword,xff-symbol+reloc-jal,high,recomp,
0x013C4370,0x013C43C4,GAMECORE,sub_013C4370,torchExtinguished,xff-symbol+reloc-jal,high,recomp,
0x013C43C8,0x013C4404,GAMECORE,sub_013C43C8,getTorchInfo,xff-symbol+reloc-j,high,recomp,
0x013C4408,0x013C4428,GAMECORE,sub_013C4408,getCurWeapon,xff-symbol+reloc-jal,high,recomp,
0x013C4428,0x013C4448,GAMECORE,sub_013C4428,getPlayerMVHIST,xff-symbol,high,recomp,
0x013C4448,0x013C44C8,GAMECORE,sub_013C4448,nico_ResetPlayerHorseRidingControl,xff-symbol+reloc-j+reloc-jal,high,recomp,
0x013C44C8,0x013C44E8,GAMECORE,sub_013C44C8,nico_returnPlayerRidingFlag,xff-symbol+reloc-jal,high,recomp,
0x013C44E8,0x013C451C,GAMECORE,sub_013C44E8,IsHorseCalled_withFlgOff,xff-symbol,high,recomp,
0x013C4520,0x013C4540,GAMECORE,sub_013C4520,IsHorseAutoControlled,xff-symbol,high,recomp,
0x013C4540,0x013C4598,GAMECORE,sub_013C4540,player_IsHorseHang,xff-symbol,high,recomp,
0x013C4598,0x013C45AC,GAMECORE,sub_013C4598,player_IsSwiming,xff-symbol,high,recomp,
0x013C45B0,0x013C4624,GAMECORE,sub_013C45B0,getPlayerPosAfterXSeconds,xff-symbol,high,recomp,
0x013C4628,0x013C467C,GAMECORE,sub_013C4628,getArrowPos,xff-symbol+reloc-jal,high,recomp,
0x013C4680,0x013C46D0,GAMECORE,sub_013C4680,getArrowInfo,xff-symbol+reloc-jal,high,recomp,
0x013C46D0,0x013C46F0,GAMECORE,sub_013C46D0,player_getWeaponType,xff-symbol,high,recomp,
0x013C46F0,0x013C46FC,GAMECORE,sub_013C46F0,player_AutoHorseCtrlOff,xff-symbol,high,recomp,
0x013C4700,0x013C4720,GAMECORE,sub_013C4700,getPlayerColCont,xff-symbol,high,recomp,
0x013C4720,0x013C4740,GAMECORE,sub_013C4720,getPlayerColCont2,xff-symbol+reloc-jal,high,recomp,
0x013C4740,0x013C474C,GAMECORE,sub_013C4740,getPlayerLastAttrStatus,xff-symbol+reloc-jal,high,recomp,
0x013C4750,0x013C475C,GAMECORE,sub_013C4750,getPlayerLastParentObj,xff-symbol+reloc-jal,high,recomp,
0x013C4760,0x013C4858,GAMECORE,sub_013C4760,playerPlaneJudgeFunc,xff-symbol+reloc-la,high,recomp,
0x013C4858,0x013C4988,GAMECORE,sub_013C4858,playerPlaneJudgeFuncCameraFilter,xff-symbol+reloc-la,high,recomp,
0x013C4988,0x013C49C8,GAMECORE,sub_013C4988,torchObjRelease,xff-symbol+reloc-j+reloc-jal,high,recomp,
0x013C49C8,0x013C49E8,GAMECORE,sub_013C49C8,getTorchObj,xff-symbol+reloc-jal,high,recomp,
0x013C49E8,0x013C4A08,GAMECORE,sub_013C49E8,getPlayerWeaponHitAttr,xff-symbol+reloc-jal,high,recomp,
0x013C4A08,0x013C4A30,GAMECORE,sub_013C4A08,player_SetGripDamage,xff-symbol+reloc-j,high,recomp,
0x013C4A30,0x013C4A74,GAMECORE,sub_013C4A30,nico_hydePlayerByMagireManteau,xff-symbol+reloc-j,high,recomp,
0x013C4A78,0x013C4AB4,GAMECORE,sub_013C4A78,nico_hydePlayerByNearClip,xff-symbol+reloc-la,high,recomp,
0x013C4AB8,0x013C4AF0,GAMECORE,sub_013C4AB8,playerWeaponChangeIconMax,xff-symbol+reloc-jal,high,recomp,
0x013C4AF0,0x013C4B5C,GAMECORE,sub_013C4AF0,nico_playerCheckNippingWithHorseAndWall,xff-symbol+reloc-jal,high,recomp,
0x013C4B60,0x013C4C6C,GAMECORE,sub_013C4B60,player_setWeaponScriptSwitch,xff-symbol+reloc-jal,high,recomp,
0x013C4C70,0x013C4CF8,GAMECORE,sub_013C4C70,nico_CheckPlayerThroughObject,xff-symbol+reloc-jal,high,recomp,
0x013C4CF8,0x013C4D5C,GAMECORE,sub_013C4CF8,nico_CheckThroughObject,xff-symbol,high,recomp,
0x013C4D60,0x013C4E08,GAMECORE,sub_013C4D60,nico_CreatePlayerGetItemObject,xff-symbol+reloc-jal,high,recomp,
0x013C4E08,0x013C4E14,GAMECORE,sub_013C4E08,player_IsHorseCtrlOff,xff-symbol,high,recomp,
0x013C4E18,0x013C4E3C,GAMECORE,sub_013C4E18,player_GetBoundDamageLevel,xff-symbol+reloc-jal,high,recomp,
0x013C4E40,0x013C4F70,GAMECORE,sub_013C4E40,,reloc-la,high,recomp,
0x013C4F70,0x013C4F90,GAMECORE,sub_013C4F70,isWeaponTargetMarker,xff-symbol+reloc-jal,high,recomp,
0x013C4F90,0x013C5054,GAMECORE,sub_013C4F90,isWeaponTargetReady,xff-symbol,high,recomp,
0x013C5058,0x013C5088,GAMECORE,sub_013C5058,,reloc-la,high,recomp,
0x013C5088,0x013C5178,GAMECORE,sub_013C5088,,reloc-la,high,recomp,
0x013C5178,0x013C51C4,GAMECORE,sub_013C5178,nico_deletePlayerParachute,xff-symbol,high,recomp,
0x013C51C8,0x013C5250,GAMECORE,sub_013C51C8,,reloc-la,high,recomp,
0x013C5250,0x013C52C0,GAMECORE,sub_013C5250,nico_resetPlayerHorseBridle,xff-symbol,high,recomp,
0x013C52C0,0x013C5370,GAMECORE,sub_013C52C0,,reloc-la,high,recomp,
0x013C5370,0x013C53B0,GAMECORE,sub_013C5370,,reloc-la,high,recomp,
0x013C53B0,0x013C5400,GAMECORE,sub_013C53B0,,reloc-jal,high,recomp,
0x013C5400,0x013C5434,GAMECORE,sub_013C5400,SCRPlayerRotateStop,xff-symbol,high,recomp,
0x013C5438,0x013C54AC,GAMECORE,sub_013C5438,SCRPlayerPickUp,xff-symbol,high,recomp,
0x013C54B0,0x013C5518,GAMECORE,sub_013C54B0,SCRPlayerCallHorse,xff-symbol,high,recomp,
0x013C5518,0x013C5558,GAMECORE,sub_013C5518,SCRPlayerCallHorseEnd,xff-symbol,high,recomp,
0x013C5558,0x013C5560,GAMECORE,sub_013C5558,SCRPlayerReset,xff-symbol,high,recomp,
0x013C5560,0x013C557C,GAMECORE,sub_013C5560,SCRWeaponReload,xff-symbol,high,recomp,
0x013C5580,0x013C559C,GAMECORE,sub_013C5580,SCRFoodTakeBegin,xff-symbol,high,recomp,
0x013C55A0,0x013C55BC,GAMECORE,sub_013C55A0,SCRFoodTakeEnd,xff-symbol,high,recomp,
0x013C55C0,0x013C55DC,GAMECORE,sub_013C55C0,SCRItemTakeBegin,xff-symbol,high,recomp,
0x013C55E0,0x013C55FC,GAMECORE,sub_013C55E0,SCRItemTakeEnd,xff-symbol,high,recomp,
0x013C5600,0x013C561C,GAMECORE,sub_013C5600,SCRItemTakeDelete,xff-symbol,high,recomp,
0x013C5620,0x013C564C,GAMECORE,sub_013C5620,SCRPlayerBeginAccumulateAttack,xff-symbol,high,recomp,
0x013C5650,0x013C566C,GAMECORE,sub_013C5650,SCRArrowStart,xff-symbol,high,recomp,
0x013C5670,0x013C568C,GAMECORE,sub_013C5670,SCRArrowContinue,xff-symbol,high,recomp,
0x013C5690,0x013C56AC,GAMECORE,sub_013C5690,SCRArrowLoopStart,xff-symbol,high,recomp,
0x013C56B0,0x013C56CC,GAMECORE,sub_013C56B0,SCRArrowLoopEnd,xff-symbol,high,recomp,
0x013C56D0,0x013C56EC,GAMECORE,sub_013C56D0,SCRHarpoonStart,xff-symbol,high,recomp,
0x013C56F0,0x013C570C,GAMECORE,sub_013C56F0,SCRHarpoonContinue,xff-symbol,high,recomp,
0x013C5710,0x013C572C,GAMECORE,sub_013C5710,SCRHarpoonLoopStart,xff-symbol,high,recomp,
0x013C5730,0x013C574C,GAMECORE,sub_013C5730,SCRHarpoonLoopEnd,xff-symbol,high,recomp,
0x013C5750,0x013C576C,GAMECORE,sub_013C5750,SCRPlayerSendDamageStart,xff-symbol,high,recomp,
0x013C5770,0x013C578C,GAMECORE,sub_013C5770,SCRPlayerSendDamageEnd,xff-symbol,high,recomp,
0x013C5790,0x013C57AC,GAMECORE,sub_013C5790,SCRPlayerSendDamage,xff-symbol,high,recomp,
0x013C57B0,0x013C57CC,GAMECORE,sub_013C57B0,SCRPlayerSendDamageLater,xff-symbol,high,recomp,
0x013C57D0,0x013C57EC,GAMECORE,sub_013C57D0,SCRPlayerSendDeathDamageLater,xff-symbol,high,recomp,
0x013C57F0,0x013C580C,GAMECORE,sub_013C57F0,SCRPlayerSendDiveDamageLater,xff-symbol,high,recomp,
0x013C5810,0x013C582C,GAMECORE,sub_013C5810,SCRPlayerSowrdDeathHitSound,xff-symbol,high,recomp,
0x013C5830,0x013C584C,GAMECORE,sub_013C5830,SCRPlayerSowrdHitSound,xff-symbol,high,recomp,
0x013C5850,0x013C586C,GAMECORE,sub_013C5850,SCRPlayerSowrdHitSoundMiddle,xff-symbol,high,recomp,
0x013C5870,0x013C588C,GAMECORE,sub_013C5870,SCRPlayerSowrdHitSoundLarge,xff-symbol,high,recomp,
0x013C5890,0x013C58AC,GAMECORE,sub_013C5890,SCRPlayerSowrdDiveHitSound,xff-symbol,high,recomp,
0x013C58B0,0x013C58CC,GAMECORE,sub_013C58B0,SCRPlayerFullPower,xff-symbol,high,recomp,
0x013C58D0,0x013C58EC,GAMECORE,sub_013C58D0,SCRPlayerFullPowerAndHp,xff-symbol,high,recomp,
0x013C58F0,0x013C58F8,GAMECORE,sub_013C58F0,,reloc-la,high,recomp,
0x013C58F8,0x013C59C4,GAMECORE,sub_013C58F8,torchAttached,xff-symbol+reloc-jal,high,recomp,
0x013C59C8,0x013C59F8,GAMECORE,sub_013C59C8,sendArrowPos,xff-symbol+reloc-jal,high,recomp,
0x013C59F8,0x013C5A18,GAMECORE,sub_013C59F8,sendArrowInfo,xff-symbol+reloc-jal,high,recomp,
0x013C5A18,0x013C5AA0,GAMECORE,sub_013C5A18,nico_ResetPlayerHorseRidingControlAndContinueMotionCurrentSpeed,xff-symbol,high,recomp,
0x013C5AA0,0x013C5C00,GAMECORE,sub_013C5AA0,,reloc-la,high,recomp,
0x013C5C00,0x013C5C1C,GAMECORE,sub_013C5C00,SCRPlayerCombatMode,xff-symbol,high,recomp,
0x013C5C20,0x013C5C3C,GAMECORE,sub_013C5C20,SCRPlayerNonCombatMode,xff-symbol,high,recomp,
0x013C5C40,0x013C5C5C,GAMECORE,sub_013C5C40,SCRPlayerPauseDisable,xff-symbol,high,recomp,
0x013C5C60,0x013C5C7C,GAMECORE,sub_013C5C60,SCRPlayerPauseEnable,xff-symbol,high,recomp,
0x013C5C80,0x013C5C9C,GAMECORE,sub_013C5C80,SCRPlayerTorchThrow,xff-symbol,high,recomp,
0x013C5CA0,0x013C5CBC,GAMECORE,sub_013C5CA0,SCRWeaponSword,xff-symbol,high,recomp,
0x013C5CC0,0x013C5CDC,GAMECORE,sub_013C5CC0,SCRWeaponHand,xff-symbol,high,recomp,
0x013C5CE0,0x013C5CFC,GAMECORE,sub_013C5CE0,SCRHorseKick,xff-symbol,high,recomp,
0x013C5D00,0x013C5DBC,GAMECORE,sub_013C5D00,nico_playerIK_attention_head,xff-symbol,high,recomp,
0x013C5DC0,0x013C5E84,GAMECORE,sub_013C5DC0,nico_playerIK_attention_chest,xff-symbol,high,recomp,
0x013C5E88,0x013C5EA4,GAMECORE,sub_013C5E88,nico_playeGripDamage,xff-symbol,high,recomp,
0x013C5EA8,0x013C5ECC,GAMECORE,sub_013C5EA8,nico_playeGripholdOn,xff-symbol,high,recomp,
0x013C5ED0,0x013C5EF0,GAMECORE,sub_013C5ED0,nico_playeGripholdOff,xff-symbol,high,recomp,
0x013C5EF0,0x013C5F84,GAMECORE,sub_013C5EF0,nico_setPlayerHorseBridle,xff-symbol,high,recomp,
0x013C5F88,0x013C5FF8,GAMECORE,sub_013C5F88,nico_setPlayerHorseBridleDoubleShort,xff-symbol,high,recomp,
0x013C5FF8,0x013C6068,GAMECORE,sub_013C5FF8,nico_setPlayerHorseBridleLeftLong,xff-symbol,high,recomp,
0x013C6068,0x013C60D8,GAMECORE,sub_013C6068,nico_setPlayerHorseBridleRightLong,xff-symbol,high,recomp,
0x013C60D8,0x013C6148,GAMECORE,sub_013C60D8,nico_setPlayerHorseBridleDoubleLong,xff-symbol,high,recomp,
0x013C6148,0x013C6220,GAMECORE,sub_013C6148,nico_ChangePlayerHorseRidingControlWithParentObj,xff-symbol,high,recomp,
0x013C6220,0x013C62F8,GAMECORE,sub_013C6220,nico_ChangePlayerHorseRidingControlWithVCol,xff-symbol,high,recomp,
0x013C62F8,0x013C63D0,GAMECORE,sub_013C62F8,nico_ChangePlayerHorseRidingControlWithHCol,xff-symbol,high,recomp,
0x013C63D0,0x013C64C0,GAMECORE,sub_013C63D0,nico_ForceChangePlayerHorseRidingControl,xff-symbol,high,recomp,
0x013C64C0,0x013C6508,GAMECORE,sub_013C64C0,nico_ChangePlayerHorseRidingParentWithVCol,xff-symbol,high,recomp,
0x013C6508,0x013C6534,GAMECORE,sub_013C6508,nico_setPlayerEdgePoint,xff-symbol,high,recomp,
0x013C6538,0x013C6564,GAMECORE,sub_013C6538,nico_setPlayerGripPoint,xff-symbol,high,recomp,
0x013C6568,0x013C6594,GAMECORE,sub_013C6568,SetPlayerDangerEdgePoint,xff-symbol,high,recomp,
0x013C6598,0x013C65C4,GAMECORE,sub_013C6598,SetPlayerDangerEdgeOtherSidePlanePoint,xff-symbol,high,recomp,
0x013C65C8,0x013C65FC,GAMECORE,sub_013C65C8,SetPlayerDangerEdgeOtherSidePlanePointWithInertiaRot,xff-symbol,high,recomp,
0x013C6600,0x013C662C,GAMECORE,sub_013C6600,SetPlayerHellDangerPoint,xff-symbol,high,recomp,
0x013C6630,0x013C6688,GAMECORE,sub_013C6630,nico_playerClothOverSurfDetectFunc,xff-symbol,high,recomp,
0x013C6688,0x013C67FC,GAMECORE,sub_013C6688,nico_playerRootReverseByZRot,xff-symbol,high,recomp,
0x013C6800,0x013C6828,GAMECORE,sub_013C6800,,reloc-la,high,recomp,
0x013C6828,0x013C6860,GAMECORE,sub_013C6828,,reloc-la,high,recomp,
0x013C6860,0x013C68A8,GAMECORE,sub_013C6860,,reloc-la,high,recomp,
0x013C68A8,0x013C68C0,GAMECORE,sub_013C68A8,,reloc-la,high,recomp,
0x013C68C0,0x013C6920,GAMECORE,sub_013C68C0,,reloc-la,high,recomp,
0x013C6920,0x013C6980,GAMECORE,sub_013C6920,,reloc-la,high,recomp,
0x013C6980,0x013C6AC0,GAMECORE,sub_013C6980,,reloc-la,high,recomp,
0x013C6AC0,0x013C6AE8,GAMECORE,sub_013C6AC0,,reloc-la,high,recomp,
0x013C6AE8,0x013C6B08,GAMECORE,sub_013C6AE8,,reloc-la,high,recomp,
0x013C6B08,0x013C6B78,GAMECORE,sub_013C6B08,,reloc-la,high,recomp,
0x013C6B78,0x013C6C10,GAMECORE,sub_013C6B78,,reloc-la,high,recomp,
0x013C6C10,0x013C6C28,GAMECORE,sub_013C6C10,,reloc-la,high,recomp,
0x013C6C28,0x013C6C50,GAMECORE,sub_013C6C28,,reloc-la,high,recomp,
0x013C6C50,0x013C6C98,GAMECORE,sub_013C6C50,,reloc-la,high,recomp,
0x013C6C98,0x013C6DD8,GAMECORE,sub_013C6C98,,reloc-la,high,recomp,
0x013C6DD8,0x013C6DF8,GAMECORE,sub_013C6DD8,,reloc-la,high,recomp,
0x013C6DF8,0x013C6E18,GAMECORE,sub_013C6DF8,,reloc-la,high,recomp,
0x013C6E18,0x013C6E68,GAMECORE,sub_013C6E18,,reloc-la,high,recomp,
0x013C6E68,0x013C6EB8,GAMECORE,sub_013C6E68,,reloc-la,high,recomp,
0x013C6EB8,0x013C6EF8,GAMECORE,sub_013C6EB8,,reloc-la,high,recomp,
0x013C6EF8,0x013C6F28,GAMECORE,sub_013C6EF8,,reloc-jal,high,recomp,
0x013C6F28,0x013C6F30,GAMECORE,sub_013C6F28,,reloc-la,high,recomp,
0x013C6F30,0x013C7340,GAMECORE,sub_013C6F30,,reloc-jal,high,recomp,
0x013C7340,0x013C787C,GAMECORE,sub_013C7340,player_HellDangerDetect,xff-symbol+reloc-jal,high,recomp,
0x013C7880,0x013C7E60,GAMECORE,sub_013C7880,,reloc-jal,high,recomp,
0x013C7E60,0x013C7EF0,GAMECORE,sub_013C7E60,player_initAvoidDangerCliffWork,xff-symbol+reloc-jal,high,recomp,
0x013C7EF0,0x013C7F80,GAMECORE,sub_013C7EF0,player_resetAvoidDangerCliffWork,xff-symbol+reloc-jal,high,recomp,
0x013C7F80,0x013C801C,GAMECORE,sub_013C7F80,player_CliffDetect,xff-symbol,high,recomp,
0x013C8020,0x013C8094,GAMECORE,sub_013C8020,player_setDangerEdgePoint,xff-symbol+reloc-j,high,recomp,
0x013C8098,0x013C8120,GAMECORE,sub_013C8098,player_setDangerEdgeOtherSidePlanePoint,xff-symbol+reloc-j+reloc-jal,high,recomp,
0x013C8120,0x013C8138,GAMECORE,sub_013C8120,player_setHellDangerPoint,xff-symbol+reloc-j,high,recomp,
0x013C8138,0x013C8210,GAMECORE,sub_013C8138,player_AvoidDangerCliff,xff-symbol+reloc-jal,high,recomp,
0x013C8210,0x013C9330,GAMECORE,sub_013C8210,,reloc-la,high,recomp,
0x013C9330,0x013C9528,GAMECORE,sub_013C9330,,reloc-la,high,recomp,
0x013C9528,0x013C971C,GAMECORE,sub_013C9528,nico_execPlayerMantle,xff-symbol,high,recomp,
0x013C9720,0x013C9860,GAMECORE,sub_013C9720,nico_execPlayerFringe,xff-symbol,high,recomp,
0x013C9860,0x013C989C,GAMECORE,sub_013C9860,nico_setPlayerDemoAdditionClothCollisionFloorTable1,xff-symbol,high,recomp,
0x013C98A0,0x013C98F8,GAMECORE,sub_013C98A0,nico_setPlayerDemoAdditionClothCollisionRightArm,xff-symbol,high,recomp,
0x013C98F8,0x013C9950,GAMECORE,sub_013C98F8,nico_setPlayerDemoAdditionClothCollisionRightHandAndSwordDeep,xff-symbol,high,recomp,
0x013C9950,0x013C99A8,GAMECORE,sub_013C9950,nico_setPlayerDemoAdditionClothCollisionRightHandAndSword,xff-symbol,high,recomp,
0x013C99A8,0x013C99E4,GAMECORE,sub_013C99A8,nico_setPlayerDemoAdditionClothCollisionFloorTable,xff-symbol,high,recomp,
0x013C99E8,0x013C9A24,GAMECORE,sub_013C99E8,nico_setPlayerDemoAdditionClothCollisionHomeBaseFloor,xff-symbol,high,recomp,
0x013C9A28,0x013C9A6C,GAMECORE,sub_013C9A28,nico_setPlayerDemoAdditionClothCollisionRightFootAndHomeBaseFloor,xff-symbol,high,recomp,
0x013C9A70,0x013C9AAC,GAMECORE,sub_013C9A70,nico_setPlayerDemoAdditionClothCollisionEvisFloor,xff-symbol,high,recomp,
0x013C9AB0,0x013C9AEC,GAMECORE,sub_013C9AB0,nico_setPlayerDemoAdditionClothCollisionRightHand,xff-symbol,high,recomp,
0x013C9AF0,0x013C9B2C,GAMECORE,sub_013C9AF0,nico_setPlayerDemoAdditionClothCollisionRightHandY,xff-symbol,high,recomp,
0x013C9B30,0x013C9B6C,GAMECORE,sub_013C9B30,nico_setPlayerDemoAdditionClothCollisionHand,xff-symbol,high,recomp,
0x013C9B70,0x013C9BAC,GAMECORE,sub_013C9B70,nico_setPlayerDemoAdditionClothCollisionLeftHandY,xff-symbol,high,recomp,
0x013C9BB0,0x013C9BEC,GAMECORE,sub_013C9BB0,nico_setPlayerDemoAdditionClothCollisionLastBattleEvisFloor,xff-symbol,high,recomp,
0x013C9BF0,0x013C9C34,GAMECORE,sub_013C9BF0,nico_setPlayerDemoAdditionClothCollisionLastBattleEvisFloor2,xff-symbol,high,recomp,
0x013C9C38,0x013C9C5C,GAMECORE,sub_013C9C38,nico_resetPlayerDemoAdditionClothCollision,xff-symbol,high,recomp,
0x013C9C60,0x013C9DF8,GAMECORE,sub_013C9C60,,reloc-la,high,recomp,
0x013C9DF8,0x013C9F98,GAMECORE,sub_013C9DF8,,reloc-la,high,recomp,
0x013C9F98,0x013CA168,GAMECORE,sub_013C9F98,,reloc-la,high,recomp,
0x013CA168,0x013CA548,GAMECORE,sub_013CA168,,reloc-la,high,recomp,
0x013CA548,0x013CA6E8,GAMECORE,sub_013CA548,,reloc-la,high,recomp,
0x013CA6E8,0x013CA750,GAMECORE,sub_013CA6E8,,reloc-la,high,recomp,
0x013CA750,0x013CA940,GAMECORE,sub_013CA750,,reloc-la,high,recomp,
0x013CA940,0x013CA970,GAMECORE,sub_013CA940,,reloc-la,high,recomp,
0x013CA970,0x013CAB00,GAMECORE,sub_013CA970,,reloc-la,high,recomp,
0x013CAB00,0x013CAE68,GAMECORE,sub_013CAB00,,reloc-la,high,recomp,
0x013CAE68,0x013CB160,GAMECORE,sub_013CAE68,,reloc-la,high,recomp,
0x013CB160,0x013CB2F0,GAMECORE,sub_013CB160,,reloc-la,high,recomp,
0x013CB2F0,0x013CB320,GAMECORE,sub_013CB2F0,,reloc-la,high,recomp,
0x013CB320,0x013CB398,GAMECORE,sub_013CB320,,reloc-la,high,recomp,
0x013CB398,0x013CB5C0,GAMECORE,sub_013CB398,,reloc-la,high,recomp,
0x013CB5C0,0x013CB8A0,GAMECORE,sub_013CB5C0,,reloc-jal,high,recomp,
0x013CB8A0,0x013CBA18,GAMECORE,sub_013CB8A0,init_player_expression,xff-symbol+reloc-jal,high,recomp,
0x013CBA18,0x013CBD94,GAMECORE,sub_013CBA18,nico_playerExpression,xff-symbol,high,recomp,
0x013CBD98,0x013CD790,GAMECORE,sub_013CBD98,,reloc-jal,high,recomp,
0x013CD790,0x013CF670,GAMECORE,sub_013CD790,,reloc-jal,high,recomp,
0x013CF670,0x013D1CA0,GAMECORE,sub_013CF670,,reloc-jal,high,recomp,
0x013D1CA0,0x013D49E0,GAMECORE,sub_013D1CA0,,reloc-jal,high,recomp,
0x013D49E0,0x013D6380,GAMECORE,sub_013D49E0,,reloc-jal,high,recomp,
0x013D6380,0x013D65D8,GAMECORE,sub_013D6380,test,xff-symbol+reloc-jal,high,recomp,
0x013D65D8,0x013D72E0,GAMECORE,sub_013D65D8,,reloc-jal,high,recomp,
0x013D72E0,0x013D7538,GAMECORE,sub_013D72E0,horse_hoist_sword,xff-symbol+reloc-jal,high,recomp,
0x013D7538,0x013D7EE8,GAMECORE,sub_013D7538,,reloc-jal+reloc-j,high,recomp,
0x013D7EE8,0x013D84C8,GAMECORE,sub_013D7EE8,,reloc-jal,high,recomp,
0x013D84C8,0x013D87F0,GAMECORE,sub_013D84C8,get_sight_on_cntrl_param_player_expression,xff-symbol+reloc-jal,high,recomp,
0x013D87F0,0x013D88F8,GAMECORE,sub_013D87F0,,reloc-jal,high,recomp,
0x013D88F8,0x013D8920,GAMECORE,sub_013D88F8,,reloc-jal,high,recomp,
0x013D8920,0x013D8928,GAMECORE,sub_013D8920,,ptr-table,medium,recomp,
0x013D8928,0x013D8930,GAMECORE,sub_013D8928,,ptr-table,medium,recomp,
0x013D8930,0x013D8948,GAMECORE,sub_013D8930,,reloc-jal,high,recomp,
0x013D8948,0x013D8B30,GAMECORE,sub_013D8948,,reloc-jal,high,recomp,
0x013D8B30,0x013D8D18,GAMECORE,sub_013D8B30,,reloc-jal,high,recomp,
0x013D8D18,0x013D8F00,GAMECORE,sub_013D8D18,,reloc-jal,high,recomp,
0x013D8F00,0x013D90E8,GAMECORE,sub_013D8F00,,reloc-jal,high,recomp,
0x013D90E8,0x013D92D0,GAMECORE,sub_013D90E8,,reloc-jal,high,recomp,
0x013D92D0,0x013D99D4,GAMECORE,sub_013D92D0,tryToCheckCollision6Dir,xff-symbol,high,recomp,
0x013D99D8,0x013D9B58,GAMECORE,sub_013D99D8,,reloc-jal,high,recomp,
0x013D9B58,0x013D9CE8,GAMECORE,sub_013D9B58,,reloc-jal,high,recomp,
0x013D9CE8,0x013DA538,GAMECORE,sub_013D9CE8,,reloc-jal,high,recomp,
0x013DA538,0x013DA6D8,GAMECORE,sub_013DA538,,reloc-jal,high,recomp,
0x013DA6D8,0x013DA9E8,GAMECORE,sub_013DA6D8,,reloc-jal,high,recomp,
0x013DA9E8,0x013DAE64,GAMECORE,sub_013DA9E8,player_updateAttrStatusAndFindHangPosWithFallDown,xff-symbol+reloc-jal,high,recomp,
0x013DAE68,0x013DB078,GAMECORE,sub_013DAE68,player_initHangPointWork,xff-symbol+reloc-jal,high,recomp,
0x013DB078,0x013DB0AC,GAMECORE,sub_013DB078,player_resetHangPointWork,xff-symbol+reloc-jal,high,recomp,
0x013DB0B0,0x013DB0F8,GAMECORE,sub_013DB0B0,checkdist,xff-symbol,high,recomp,
0x013DB0F8,0x013DB1B8,GAMECORE,sub_013DB0F8,,reloc-la,high,recomp,
0x013DB1B8,0x013DB234,GAMECORE,sub_013DB1B8,attrStatusUpdate,xff-symbol,high,recomp,
0x013DB238,0x013DB2B4,GAMECORE,sub_013DB238,player_setEdgeHangPointGeometry,xff-symbol+reloc-j,high,recomp,
0x013DB2B8,0x013DB320,GAMECORE,sub_013DB2B8,player_setGripHangPointGeometry,xff-symbol+reloc-j,high,recomp,
0x013DB320,0x013DB5B0,GAMECORE,sub_013DB320,,reloc-jal,high,recomp,
0x013DB5B0,0x013DB804,GAMECORE,sub_013DB5B0,nico_player_colfit_SetLower,xff-symbol,high,recomp,
0x013DB808,0x013DBF98,GAMECORE,sub_013DB808,nico_player_edgecolfit_Shoulder,xff-symbol,high,recomp,
0x013DBF98,0x013DC440,GAMECORE,sub_013DBF98,,reloc-jal,high,recomp,
0x013DC440,0x013DC484,GAMECORE,sub_013DC440,nico_player_colfit_GetLower,xff-symbol,high,recomp,
0x013DC488,0x013DC4B0,GAMECORE,sub_013DC488,nico_player_colfit_GetUpper,xff-symbol,high,recomp,
0x013DC4B0,0x013DC56C,GAMECORE,sub_013DC4B0,nico_player_edgecolfit_HandEffector,xff-symbol,high,recomp,
0x013DC570,0x013DC62C,GAMECORE,sub_013DC570,nico_player_colfit_HandEffector,xff-symbol,high,recomp,
0x013DC630,0x013DC6AC,GAMECORE,sub_013DC630,nico_player_colfit_Shoulder,xff-symbol,high,recomp,
0x013DC6B0,0x013DC7A8,GAMECORE,sub_013DC6B0,nico_player_pendulum_HandEffector,xff-symbol,high,recomp,
0x013DC7A8,0x013DC824,GAMECORE,sub_013DC7A8,nico_player_pendulum_Shoulder,xff-symbol,high,recomp,
0x013DC828,0x013DC97C,GAMECORE,sub_013DC828,nico_player_pendulum_FootEffector,xff-symbol,high,recomp,
0x013DC980,0x013DCA28,GAMECORE,sub_013DC980,nico_player_pendulum_Leg,xff-symbol,high,recomp,
0x013DCA28,0x013DCB4C,GAMECORE,sub_013DCA28,pendulum_test,xff-symbol,high,recomp,
0x013DCB50,0x013DCBFC,GAMECORE,sub_013DCB50,nico_player_avoid_ControlRootY,xff-symbol,high,recomp,
0x013DCC00,0x013DCE04,GAMECORE,sub_013DCC00,player_updateSlipEffect,xff-symbol+reloc-jal,high,recomp,
0x013DCE08,0x013DCE60,GAMECORE,sub_013DCE08,player_initSlipEffect,xff-symbol+reloc-jal,high,recomp,
0x013DCE60,0x013DCE98,GAMECORE,sub_013DCE60,player_resetSlipEffect,xff-symbol+reloc-j,high,recomp,
0x013DCE98,0x013DCFE0,GAMECORE,sub_013DCE98,SCRGetPlayerTiredParam,xff-symbol,high,recomp,
0x013DCFE0,0x013DD170,GAMECORE,sub_013DCFE0,,reloc-la,high,recomp,
0x013DD170,0x013DD290,GAMECORE,sub_013DD170,nico_poseidonStart,xff-symbol,high,recomp,
0x013DD290,0x013DD6DC,GAMECORE,sub_013DD290,SCRFuncPoseidonParallelTrans,xff-symbol,high,recomp,
0x013DD6E0,0x013DD980,GAMECORE,sub_013DD6E0,,reloc-jal,high,recomp,
0x013DD980,0x013DDA28,GAMECORE,sub_013DD980,,reloc-jal,high,recomp,
0x013DDA28,0x013DDA88,GAMECORE,sub_013DDA28,,reloc-la,high,recomp,
0x013DDA88,0x013DDAA4,GAMECORE,sub_013DDA88,SCRPoseidonShoot,xff-symbol,high,recomp,
0x013DDAA8,0x013DDAE4,GAMECORE,sub_013DDAA8,nico_poseidonToothFTexAnimStrat,xff-symbol,high,recomp,
0x013DDAE8,0x013DDB20,GAMECORE,sub_013DDAE8,nico_poseidonToothFTexAnimEnd,xff-symbol,high,recomp,
0x013DDB20,0x013DDB88,GAMECORE,sub_013DDB20,nico_poseidonToothRTexAnimStrat,xff-symbol,high,recomp,
0x013DDB88,0x013DDBC0,GAMECORE,sub_013DDB88,nico_poseidonToothRTexAnimEnd,xff-symbol,high,recomp,
0x013DDBC0,0x013DDC28,GAMECORE,sub_013DDBC0,nico_poseidonToothLTexAnimStrat,xff-symbol,high,recomp,
0x013DDC28,0x013DDC60,GAMECORE,sub_013DDC28,nico_poseidonToothLTexAnimEnd,xff-symbol,high,recomp,
0x013DDC60,0x013DDCE8,GAMECORE,sub_013DDC60,nico_poseidonToothTexAnimInit,xff-symbol,high,recomp,
0x013DDCE8,0x013DDD28,GAMECORE,sub_013DDCE8,,reloc-la,high,recomp,
0x013DDD28,0x013DDDB8,GAMECORE,sub_013DDD28,SCRConditoinPoseidonPlayerRayChack,xff-symbol,high,recomp,
0x013DDDB8,0x013DDE90,GAMECORE,sub_013DDDB8,SCRFuncPoseidonModifyGP2AttainPos,xff-symbol,high,recomp,
0x013DDE90,0x013DDEB0,GAMECORE,sub_013DDE90,SCRFuncPoseidonResetRevolutionDirection,xff-symbol,high,recomp,
0x013DDEB0,0x013DDED0,GAMECORE,sub_013DDEB0,SCRConditionPoseidonGetRevolutionRayChack,xff-symbol,high,recomp,
0x013DDED0,0x013DDEF8,GAMECORE,sub_013DDED0,SCRFuncPoseidonMissAttackInit,xff-symbol,high,recomp,
0x013DDEF8,0x013DDF20,GAMECORE,sub_013DDEF8,SCRFuncPoseidonMissAttackAdd,xff-symbol,high,recomp,
0x013DDF20,0x013DDF44,GAMECORE,sub_013DDF20,SCRConditionPoseidonMissAttackCheck,xff-symbol,high,recomp,
0x013DDF48,0x013DDF80,GAMECORE,sub_013DDF48,SCRFuncPoseidonSetPlayerTerrLog,xff-symbol,high,recomp,
0x013DDF80,0x013DDFA0,GAMECORE,sub_013DDF80,SCRFuncPoseidonResetPlayerTerrLog,xff-symbol,high,recomp,
0x013DDFA0,0x013DDFFC,GAMECORE,sub_013DDFA0,SCRConditionPoseidonGetPlayerTerrLog,xff-symbol,high,recomp,
0x013DE000,0x013DE028,GAMECORE,sub_013DE000,SCRFuncPoseidonAngryCountAdd,xff-symbol,high,recomp,
0x013DE028,0x013DE048,GAMECORE,sub_013DE028,SCRFuncPoseidonAngryCountInit,xff-symbol,high,recomp,
0x013DE048,0x013DE074,GAMECORE,sub_013DE048,SCRConditionPoseidonAngryCountChack,xff-symbol,high,recomp,
0x013DE078,0x013DE0B0,GAMECORE,sub_013DE078,SCRConditionPoseidonDamageCoreTime,xff-symbol,high,recomp,
0x013DE0B0,0x013DE0D4,GAMECORE,sub_013DE0B0,SCRConditionPoseidonDamageFlagSet,xff-symbol,high,recomp,
0x013DE0D8,0x013DE0FC,GAMECORE,sub_013DE0D8,SCRConditionPoseidonDamageFlagReset,xff-symbol,high,recomp,
0x013DE100,0x013DE13C,GAMECORE,sub_013DE100,SCRConditionPoseidonDamageCoreTimeMain,xff-symbol,high,recomp,
0x013DE140,0x013DE23C,GAMECORE,sub_013DE140,SCRConditionPoseidonLessDistanceToGameobjWolrdXZ,xff-symbol,high,recomp,
0x013DE240,0x013DE2A8,GAMECORE,sub_013DE240,SCRFuncPoseidonAngryMain,xff-symbol,high,recomp,
0x013DE2A8,0x013DE33C,GAMECORE,sub_013DE2A8,SCRFuncPoseidonToothMiLTexAnimStrat,xff-symbol,high,recomp,
0x013DE340,0x013DE3CC,GAMECORE,sub_013DE340,SCRFuncPoseidonToothMiLTexAnimEnd,xff-symbol,high,recomp,
0x013DE3D0,0x013DE464,GAMECORE,sub_013DE3D0,SCRFuncPoseidonToothMiFTexAnimStrat,xff-symbol,high,recomp,
0x013DE468,0x013DE4F4,GAMECORE,sub_013DE468,SCRFuncPoseidonToothMiFTexAnimEnd,xff-symbol,high,recomp,
0x013DE4F8,0x013DE58C,GAMECORE,sub_013DE4F8,SCRFuncPoseidonToothMiRTexAnimStrat,xff-symbol,high,recomp,
0x013DE590,0x013DE61C,GAMECORE,sub_013DE590,SCRFuncPoseidonToothMiRTexAnimEnd,xff-symbol,high,recomp,
0x013DE620,0x013DE800,GAMECORE,sub_013DE620,,reloc-la,high,recomp,
0x013DE800,0x013DEA30,GAMECORE,sub_013DE800,progressive_check_script,xff-symbol,high,recomp,
0x013DEA30,0x013DEA60,GAMECORE,sub_013DEA30,bootprogressivecheck,xff-symbol+reloc-jal,high,recomp,
0x013DEA60,0x013DECE8,GAMECORE,sub_013DEA60,,reloc-j+reloc-jal,medium,recomp,
0x013DECE8,0x013DEED0,GAMECORE,sub_013DECE8,,reloc-j,medium,recomp,
0x013DEED0,0x013DF1EC,GAMECORE,sub_013DEED0,execObjectWithNonTaskSwitch,xff-symbol+reloc-jal,high,recomp,
0x013DF1F0,0x013DF210,GAMECORE,sub_013DF1F0,scrRun,xff-symbol+reloc-jal+reloc-la+reloc-j,high,recomp,
0x013DF210,0x013DF25C,GAMECORE,sub_013DF210,scrRunM,xff-symbol+reloc-jal+reloc-j,high,recomp,
0x013DF260,0x013DF2D8,GAMECORE,sub_013DF260,st_playObjAnim,xff-symbol+reloc-la+ptr-table,high,recomp,
0x013DF2D8,0x013DF32C,GAMECORE,sub_013DF2D8,SCRSetDispFlag,xff-symbol+reloc-jal,high,recomp,
0x013DF330,0x013DF350,GAMECORE,sub_013DF330,GetSCRCharaAIWorkPtr,xff-symbol+reloc-jal,high,recomp,
0x013DF350,0x013DF378,GAMECORE,sub_013DF350,CheckSCRCharaAIWorkPtr,xff-symbol+reloc-jal,high,recomp,
0x013DF378,0x013DF3A8,GAMECORE,sub_013DF378,SCRSimpleExecCharaGeometry,xff-symbol+reloc-jal,high,recomp,
0x013DF3A8,0x013DF3B0,GAMECORE,sub_013DF3A8,scrInit,xff-symbol+reloc-jal,high,recomp,
0x013DF3B0,0x013DF440,GAMECORE,sub_013DF3B0,__execScrLwsOri,xff-symbol,high,recomp,
0x013DF440,0x013DF500,GAMECORE,sub_013DF440,,reloc-jal,high,recomp,
0x013DF500,0x013DF600,GAMECORE,sub_013DF500,,reloc-jal,high,recomp,
0x013DF600,0x013DF6C0,GAMECORE,sub_013DF600,,reloc-jal,high,recomp,
0x013DF6C0,0x013DF750,GAMECORE,sub_013DF6C0,,reloc-jal,high,recomp,
0x013DF750,0x013DF770,GAMECORE,sub_013DF750,st_motionsyncanimation,xff-symbol+reloc-la,high,recomp,
0x013DF770,0x013DF818,GAMECORE,sub_013DF770,,reloc-jal,high,recomp,
0x013DF818,0x013DF898,GAMECORE,sub_013DF818,,reloc-jal,high,recomp,
0x013DF898,0x013DFA64,GAMECORE,sub_013DF898,simpleExecCharaGeometry,xff-symbol+reloc-jal,high,recomp,
0x013DFA68,0x013DFA8C,GAMECORE,sub_013DFA68,AddDefaultAIGroup,xff-symbol+reloc-jal,high,recomp,
0x013DFA90,0x013DFAD8,GAMECORE,sub_013DFA90,initdefaultaitask,xff-symbol+reloc-jal,high,recomp,
0x013DFAD8,0x013DFB78,GAMECORE,sub_013DFAD8,_initstage,xff-symbol,high,recomp,
0x013DFB78,0x013DFCB8,GAMECORE,sub_013DFB78,initstage,xff-symbol+reloc-jal+reloc-j,high,recomp,
0x013DFCB8,0x013DFCE0,GAMECORE,sub_013DFCB8,,reloc-la,high,recomp,
0x013DFCE0,0x013DFD58,GAMECORE,sub_013DFCE0,,reloc-jal,high,recomp,
0x013DFD58,0x013DFDE8,GAMECORE,sub_013DFD58,,reloc-jal,high,recomp,
0x013DFDE8,0x013E0348,GAMECORE,sub_013DFDE8,st_boss_dead,xff-symbol+reloc-data-ptr,high,recomp,
0x013E0348,0x013E0354,GAMECORE,sub_013E0348,getBossCloudObj,xff-symbol+reloc-jal+reloc-j,high,recomp,
0x013E0358,0x013E0368,GAMECORE,sub_013E0358,bossCloudStart,xff-symbol+reloc-jal,high,recomp,
0x013E0368,0x013E03E4,GAMECORE,sub_013E0368,YattsukeGetSeamlessAreaCenter,xff-symbol+reloc-jal,high,recomp,
0x013E03E8,0x013E0460,GAMECORE,sub_013E03E8,rootscripttest,xff-symbol+reloc-la,high,recomp,
0x013E0460,0x013E0470,GAMECORE,sub_013E0460,bossDemoPlayerBreakDownAccept,xff-symbol,high,recomp,
0x013E0470,0x013E0480,GAMECORE,sub_013E0470,bossDemoPlayerBreakDownEnd,xff-symbol,high,recomp,
0x013E0480,0x013E04D0,GAMECORE,sub_013E0480,st_boss_status,xff-symbol+reloc-la,high,recomp,
0x013E04D0,0x013E0C40,GAMECORE,sub_013E04D0,,reloc-la,high,recomp,
0x013E0C40,0x013E0E50,GAMECORE,sub_013E0C40,nico_shamanStart,xff-symbol,high,recomp,
0x013E0E50,0x013E0E70,GAMECORE,sub_013E0E50,,reloc-la,high,recomp,
0x013E0E70,0x013E1E20,GAMECORE,sub_013E0E70,nico_sheathScript,xff-symbol,high,recomp,
0x013E1E20,0x013E1F2C,GAMECORE,sub_013E1E20,AI_UpdateVelocityXYZ,xff-symbol,high,recomp,
0x013E1F30,0x013E2074,GAMECORE,sub_013E1F30,AI_GetRandomSphereOfs,xff-symbol,high,recomp,
0x013E2078,0x013E2400,GAMECORE,sub_013E2078,AI_CalcIntersectionCircleXZ,xff-symbol+reloc-jal,high,recomp,
0x013E2400,0x013E2684,GAMECORE,sub_013E2400,AI_GetGeometryPointerOfLayout,xff-symbol+reloc-jal,high,recomp,
0x013E2688,0x013E2988,GAMECORE,sub_013E2688,AI_CheckNoAngleVec,xff-symbol+reloc-jal,high,recomp,
0x013E2988,0x013E2EE0,GAMECORE,sub_013E2988,AI_GetQuaternionNodeDirTarget,xff-symbol+reloc-jal,high,recomp,
0x013E2EE0,0x013E3140,GAMECORE,sub_013E2EE0,AI_CheckSightOn,xff-symbol+reloc-jal,high,recomp,
0x013E3140,0x013E315C,GAMECORE,sub_013E3140,AI_InitAnimalOptimize,xff-symbol+reloc-jal,high,recomp,
0x013E3160,0x013E321C,GAMECORE,sub_013E3160,AI_OptFloatFrameSample,xff-symbol+reloc-jal,high,recomp,
0x013E3220,0x013E323C,GAMECORE,sub_013E3220,AI_InitAnimalLayout,xff-symbol+reloc-j,high,recomp,
0x013E3240,0x013E3254,GAMECORE,sub_013E3240,AI_SetAnimalLayout,xff-symbol+reloc-jal+reloc-j,high,recomp,
0x013E3258,0x013E32E8,GAMECORE,sub_013E3258,AI_CheckInAnimalLayout,xff-symbol+reloc-jal,high,recomp,
0x013E32E8,0x013E3304,GAMECORE,sub_013E32E8,AI_InitAnimalWork,xff-symbol+reloc-jal,high,recomp,
0x013E3308,0x013E3310,GAMECORE,sub_013E3308,AI_SetAnimalWorkParam,xff-symbol+reloc-jal,high,recomp,
0x013E3310,0x013E3324,GAMECORE,sub_013E3310,AI_InitGexCommonWork,xff-symbol+reloc-jal,high,recomp,
0x013E3328,0x013E3334,GAMECORE,sub_013E3328,AI_InitSurpriseArrow,xff-symbol+reloc-jal,high,recomp,
0x013E3338,0x013E3340,GAMECORE,sub_013E3338,AI_SetSurprisedArea,xff-symbol+reloc-jal+reloc-j,high,recomp,
0x013E3340,0x013E3358,GAMECORE,sub_013E3340,AI_CheckNearArrow,xff-symbol+reloc-jal,high,recomp,
0x013E3358,0x013E3508,GAMECORE,sub_013E3358,AI_GetSmallAnimalAIParam,xff-symbol+reloc-jal,high,recomp,
0x013E3508,0x013E3640,GAMECORE,sub_013E3508,AI_GetYRotQuaternion,xff-symbol+reloc-jal,high,recomp,
0x013E3640,0x013E36A0,GAMECORE,sub_013E3640,AI_UpdateVelocity,xff-symbol+reloc-jal+reloc-j,high,recomp,
0x013E36A0,0x013E3760,GAMECORE,sub_013E36A0,AI_UpdateVelocity2,xff-symbol+reloc-jal,high,recomp,
0x013E3760,0x013E37FC,GAMECORE,sub_013E3760,AI_GetRandomVelocity,xff-symbol+reloc-jal,high,recomp,
0x013E3800,0x013E383C,GAMECORE,sub_013E3800,AI_GetRandomRange,xff-symbol+reloc-jal,high,recomp,
0x013E3840,0x013E38A8,GAMECORE,sub_013E3840,AI_GetMotionBasicVelocity,xff-symbol+reloc-jal,high,recomp,
0x013E38A8,0x013E3900,GAMECORE,sub_013E38A8,AI_GetAccelB,xff-symbol+reloc-jal,high,recomp,
0x013E3900,0x013E3944,GAMECORE,sub_013E3900,AI_GetAccelA,xff-symbol+reloc-jal,high,recomp,
0x013E3948,0x013E398C,GAMECORE,sub_013E3948,AI_GetAccelA_at0,xff-symbol+reloc-jal,high,recomp,
0x013E3990,0x013E39C4,GAMECORE,sub_013E3990,AI_GetAccelB_at0,xff-symbol+reloc-jal,high,recomp,
0x013E39C8,0x013E3A3C,GAMECORE,sub_013E39C8,AI_GetAccelA3,xff-symbol+reloc-jal,high,recomp,
0x013E3A40,0x013E3B34,GAMECORE,sub_013E3A40,AI_GetAccelA3XYZ,xff-symbol+reloc-jal,high,recomp,
0x013E3B38,0x013E3BA8,GAMECORE,sub_013E3B38,AI_GetAccelB3,xff-symbol+reloc-jal,high,recomp,
0x013E3BA8,0x013E3C90,GAMECORE,sub_013E3BA8,AI_GetAccelB3XYZ,xff-symbol+reloc-jal,high,recomp,
0x013E3C90,0x013E3CF4,GAMECORE,sub_013E3C90,AI_GetAccelC3,xff-symbol+reloc-jal,high,recomp,
0x013E3CF8,0x013E3DDC,GAMECORE,sub_013E3CF8,AI_GetAccelC3XYZ,xff-symbol+reloc-jal,high,recomp,
0x013E3DE0,0x013E3E68,GAMECORE,sub_013E3DE0,AI_GetTimeFromAccelC3,xff-symbol+reloc-jal,high,recomp,
0x013E3E68,0x013E3E8C,GAMECORE,sub_013E3E68,AI_GetVelocity2,xff-symbol+reloc-jal,high,recomp,
0x013E3E90,0x013E3ED8,GAMECORE,sub_013E3E90,AI_GetVelocity3,xff-symbol+reloc-jal,high,recomp,
0x013E3ED8,0x013E3F78,GAMECORE,sub_013E3ED8,AI_GetVelocity3XYZ,xff-symbol+reloc-jal,high,recomp,
0x013E3F78,0x013E3FDC,GAMECORE,sub_013E3F78,AI_GetPosition3,xff-symbol+reloc-jal,high,recomp,
0x013E3FE0,0x013E40BC,GAMECORE,sub_013E3FE0,AI_GetPosition3XYZ,xff-symbol+reloc-jal,high,recomp,
0x013E40C0,0x013E41F8,GAMECORE,sub_013E40C0,AI_GetRotVelocity,xff-symbol+reloc-jal,high,recomp,
0x013E41F8,0x013E4288,GAMECORE,sub_013E41F8,AI_GetTimeOfCurrMotion,xff-symbol+reloc-jal+reloc-j,high,recomp,
0x013E4288,0x013E42A8,GAMECORE,sub_013E4288,AI_GetCurMotionKind,xff-symbol+reloc-jal,high,recomp,
0x013E42A8,0x013E42C8,GAMECORE,sub_013E42A8,AI_GetCurControlMode,xff-symbol+reloc-jal,high,recomp,
0x013E42C8,0x013E4300,GAMECORE,sub_013E42C8,AI_GetInterRatio,xff-symbol+reloc-jal,high,recomp,
0x013E4300,0x013E4358,GAMECORE,sub_013E4300,AI_GetInterRatioOutCut,xff-symbol+reloc-jal,high,recomp,
0x013E4358,0x013E44E4,GAMECORE,sub_013E4358,AI_GetHitPosPerpendicular,xff-symbol+reloc-jal,high,recomp,
0x013E44E8,0x013E4580,GAMECORE,sub_013E44E8,AI_GetLengthSquarePerpendicular,xff-symbol,high,recomp,
0x013E4580,0x013E45A4,GAMECORE,sub_013E4580,AI_GetAreaDistScale,xff-symbol+reloc-jal,high,recomp,
0x013E45A8,0x013E45CC,GAMECORE,sub_013E45A8,AI_GetAreaDistScale2,xff-symbol+reloc-jal,high,recomp,
0x013E45D0,0x013E4660,GAMECORE,sub_013E45D0,AI_GetTrgDir,xff-symbol+reloc-jal,high,recomp,
0x013E4660,0x013E4698,GAMECORE,sub_013E4660,AI_PlayerParentFlag,xff-symbol+reloc-jal,high,recomp,
0x013E4698,0x013E4798,GAMECORE,sub_013E4698,AI_CheckNormZero,xff-symbol+reloc-jal,high,recomp,
0x013E4798,0x013E47D4,GAMECORE,sub_013E4798,AI_GetSideSignalFromDirLev,xff-symbol+reloc-jal,high,recomp,
0x013E47D8,0x013E48A0,GAMECORE,sub_013E47D8,AI_GetRandomCircleOfsXZ,xff-symbol+reloc-jal,high,recomp,
0x013E48A0,0x013E496C,GAMECORE,sub_013E48A0,AI_GetRandomCircleOfsXY,xff-symbol,high,recomp,
0x013E4970,0x013E4A84,GAMECORE,sub_013E4970,AI_GetRandomRectOfsXY,xff-symbol+reloc-jal,high,recomp,
0x013E4A88,0x013E4BA0,GAMECORE,sub_013E4A88,AI_GetRandomCylinderOfs,xff-symbol+reloc-jal,high,recomp,
0x013E4BA0,0x013E4BD0,GAMECORE,sub_013E4BA0,AI_GetNegaVector,xff-symbol+reloc-jal,high,recomp,
0x013E4BD0,0x013E4C2C,GAMECORE,sub_013E4BD0,AI_CheckDamage_Bow,xff-symbol+reloc-jal,high,recomp,
0x013E4C30,0x013E4C70,GAMECORE,sub_013E4C30,AI_CheckDamage_SoundBow,xff-symbol+reloc-jal,high,recomp,
0x013E4C70,0x013E4CCC,GAMECORE,sub_013E4C70,AI_CheckDamage_Impact,xff-symbol+reloc-jal,high,recomp,
0x013E4CD0,0x013E4D2C,GAMECORE,sub_013E4CD0,AI_CheckDamage_Sword,xff-symbol+reloc-jal,high,recomp,
0x013E4D30,0x013E4D8C,GAMECORE,sub_013E4D30,AI_CheckDamage_Reaction,xff-symbol+reloc-jal,high,recomp,
0x013E4D90,0x013E4DB0,GAMECORE,sub_013E4D90,AI_JudgeNotCharaObjFunc,xff-symbol+reloc-la,high,recomp,
0x013E4DB0,0x013E4EA0,GAMECORE,sub_013E4DB0,AI_JudgeColAttrFunc,xff-symbol+reloc-la,high,recomp,
0x013E4EA0,0x013E4F90,GAMECORE,sub_013E4EA0,AI_CheckViewInCameraClipVolume,xff-symbol+reloc-jal,high,recomp,
0x013E4F90,0x013E5188,GAMECORE,sub_013E4F90,AI_GetQuaternionNodeDirTargetExt,xff-symbol,high,recomp,
0x013E5188,0x013E51E0,GAMECORE,sub_013E5188,AI_CheckHorseParent,xff-symbol+reloc-jal,high,recomp,
0x013E51E0,0x013E51E8,GAMECORE,sub_013E51E0,AI_DebugDir,xff-symbol,high,recomp,
0x013E51E8,0x013E51F0,GAMECORE,sub_013E51E8,AI_DebugArrow,xff-symbol,high,recomp,
0x013E51F0,0x013E51F8,GAMECORE,sub_013E51F0,AI_DebugCylinder,xff-symbol,high,recomp,
0x013E51F8,0x013E5200,GAMECORE,sub_013E51F8,AIDebug_GetFirstObjOfMyGroup,xff-symbol,high,recomp,
0x013E5200,0x013E520C,GAMECORE,sub_013E5200,SetKiteAdvertiseStartFlag,xff-symbol+reloc-jal,high,recomp,
0x013E5210,0x013E521C,GAMECORE,sub_013E5210,GetKiteAdvertiseStartFlag,xff-symbol+reloc-jal,high,recomp,
0x013E5220,0x013E5228,GAMECORE,sub_013E5220,AIDebug_GetAnimalMode,xff-symbol,high,recomp,
0x013E5228,0x013E5230,GAMECORE,sub_013E5228,AIDebug_CheckPlayerParent,xff-symbol,high,recomp,
0x013E5230,0x013E5238,GAMECORE,sub_013E5230,AIDebug_SetID,xff-symbol,high,recomp,
0x013E5238,0x013E5240,GAMECORE,sub_013E5238,AIDebug_GetAnimalDispType,xff-symbol,high,recomp,
0x013E5240,0x013E5248,GAMECORE,sub_013E5240,AIDebug_GetAnimalDispID,xff-symbol,high,recomp,
0x013E5248,0x013E5250,GAMECORE,sub_013E5248,AIDebug_GetAdvertiseLoopFlag,xff-symbol,high,recomp,
0x013E5250,0x013E5258,GAMECORE,sub_013E5250,AIDebug_GetAdvertisePauseFlag,xff-symbol,high,recomp,
0x013E5258,0x013E5260,GAMECORE,sub_013E5258,AIDebug_SetAdvertisePauseFlag,xff-symbol,high,recomp,
0x013E5260,0x013E5268,GAMECORE,sub_013E5260,getDebugAdvertiseLoopFlag,xff-symbol,high,recomp,
0x013E5268,0x013E5270,GAMECORE,sub_013E5268,getDebugAnimalMode,xff-symbol,high,recomp,
0x013E5270,0x013E5278,GAMECORE,sub_013E5270,getDebugAnimalDispType,xff-symbol,high,recomp,
0x013E5278,0x013E5280,GAMECORE,sub_013E5278,getDebugAnimalDispID,xff-symbol,high,recomp,
0x013E5280,0x013E5288,GAMECORE,sub_013E5280,AIDebug_AdvertisePauseKey,xff-symbol,high,recomp,
0x013E5288,0x013E5334,GAMECORE,sub_013E5288,AI_GetYRotQuaternionFromVector,xff-symbol,high,recomp,
0x013E5338,0x013E54B8,GAMECORE,sub_013E5338,,reloc-jal,high,recomp,
0x013E54B8,0x013E5690,GAMECORE,sub_013E54B8,,reloc-jal,high,recomp,
0x013E5690,0x013E5880,GAMECORE,sub_013E5690,,reloc-jal,high,recomp,
0x013E5880,0x013E59E0,GAMECORE,sub_013E5880,,reloc-jal,high,recomp,
0x013E59E0,0x013E5BC8,GAMECORE,sub_013E59E0,,reloc-jal,high,recomp,
0x013E5BC8,0x013E5D28,GAMECORE,sub_013E5BC8,,reloc-jal,high,recomp,
0x013E5D28,0x013E5F10,GAMECORE,sub_013E5D28,,reloc-jal,high,recomp,
0x013E5F10,0x013E6340,GAMECORE,sub_013E5F10,,reloc-jal,high,recomp,
0x013E6340,0x013E6468,GAMECORE,sub_013E6340,,reloc-jal,high,recomp,
0x013E6468,0x013E6670,GAMECORE,sub_013E6468,,reloc-jal,high,recomp,
0x013E6670,0x013E6778,GAMECORE,sub_013E6670,,reloc-jal,high,recomp,
0x013E6778,0x013E67B0,GAMECORE,sub_013E6778,,reloc-jal,high,recomp,
0x013E67B0,0x013E67D0,GAMECORE,sub_013E67B0,,ptr-table,medium,recomp,
0x013E67D0,0x013E67F8,GAMECORE,sub_013E67D0,,ptr-table,medium,recomp,
0x013E67F8,0x013E6820,GAMECORE,sub_013E67F8,,ptr-table,medium,recomp,
0x013E6820,0x013E6848,GAMECORE,sub_013E6820,,ptr-table,medium,recomp,
0x013E6848,0x013E6870,GAMECORE,sub_013E6848,,ptr-table,medium,recomp,
0x013E6870,0x013E6898,GAMECORE,sub_013E6870,,ptr-table,medium,recomp,
0x013E6898,0x013E68C0,GAMECORE,sub_013E6898,,ptr-table,medium,recomp,
0x013E68C0,0x013E68F8,GAMECORE,sub_013E68C0,,ptr-table,medium,recomp,
0x013E68F8,0x013E6948,GAMECORE,sub_013E68F8,,reloc-jal,high,recomp,
0x013E6948,0x013E6988,GAMECORE,sub_013E6948,,ptr-table,medium,recomp,
0x013E6988,0x013E69A8,GAMECORE,sub_013E6988,,ptr-table,medium,recomp,
0x013E69A8,0x013E69D0,GAMECORE,sub_013E69A8,,ptr-table,medium,recomp,
0x013E69D0,0x013E69E0,GAMECORE,sub_013E69D0,,ptr-table,medium,recomp,
0x013E69E0,0x013E6AA4,GAMECORE,sub_013E69E0,,ptr-table,medium,recomp,
0x013E6AA4,0x013E6AB8,GAMECORE,sub_013E6AA4,,ptr-table,medium,recomp,
0x013E6AB8,0x013E6DB8,GAMECORE,sub_013E6AB8,,reloc-jal,high,recomp,
0x013E6DB8,0x013E6E78,GAMECORE,sub_013E6DB8,,reloc-jal,high,recomp,
0x013E6E78,0x013E7138,GAMECORE,sub_013E6E78,,reloc-jal,high,recomp,
0x013E7138,0x013E7270,GAMECORE,sub_013E7138,,reloc-jal,high,recomp,
0x013E7270,0x013E7758,GAMECORE,sub_013E7270,,reloc-jal,high,recomp,
0x013E7758,0x013E7DD8,GAMECORE,sub_013E7758,,reloc-la,high,recomp,
0x013E7DD8,0x013E7EC0,GAMECORE,sub_013E7DD8,,reloc-jal,high,recomp,
0x013E7EC0,0x013E8158,GAMECORE,sub_013E7EC0,nico_SmallBatStart,xff-symbol,high,recomp,
0x013E8158,0x013E81A8,GAMECORE,sub_013E8158,,reloc-la,high,recomp,
0x013E81A8,0x013E82A8,GAMECORE,sub_013E81A8,BatInitFunc,xff-symbol,high,recomp,
0x013E82A8,0x013E8440,GAMECORE,sub_013E82A8,,reloc-jal,high,recomp,
0x013E8440,0x013E86D0,GAMECORE,sub_013E8440,,reloc-jal,high,recomp,
0x013E86D0,0x013E88B8,GAMECORE,sub_013E86D0,,reloc-jal,high,recomp,
0x013E88B8,0x013E8A50,GAMECORE,sub_013E88B8,,reloc-jal,high,recomp,
0x013E8A50,0x013E8BB8,GAMECORE,sub_013E8A50,,reloc-jal,high,recomp,
0x013E8BB8,0x013E8E30,GAMECORE,sub_013E8BB8,,reloc-jal,high,recomp,
0x013E8E30,0x013E8F78,GAMECORE,sub_013E8E30,,reloc-jal,high,recomp,
0x013E8F78,0x013E92D0,GAMECORE,sub_013E8F78,,reloc-jal,high,recomp,
0x013E92D0,0x013E97A0,GAMECORE,sub_013E92D0,,reloc-jal,high,recomp,
0x013E97A0,0x013E9938,GAMECORE,sub_013E97A0,,reloc-jal,high,recomp,
0x013E9938,0x013E9AD8,GAMECORE,sub_013E9938,,reloc-jal,high,recomp,
0x013E9AD8,0x013E9C98,GAMECORE,sub_013E9AD8,,reloc-jal,high,recomp,
0x013E9C98,0x013E9DD0,GAMECORE,sub_013E9C98,,reloc-jal,high,recomp,
0x013E9DD0,0x013E9F08,GAMECORE,sub_013E9DD0,,reloc-jal,high,recomp,
0x013E9F08,0x013EA190,GAMECORE,sub_013E9F08,,reloc-jal,high,recomp,
0x013EA190,0x013EA458,GAMECORE,sub_013EA190,,reloc-jal,high,recomp,
0x013EA458,0x013EA9B0,GAMECORE,sub_013EA458,,reloc-jal,high,recomp,
0x013EA9B0,0x013EB280,GAMECORE,sub_013EA9B0,,reloc-jal,high,recomp,
0x013EB280,0x013EB408,GAMECORE,sub_013EB280,,reloc-jal,high,recomp,
0x013EB408,0x013EB718,GAMECORE,sub_013EB408,,reloc-jal,high,recomp,
0x013EB718,0x013EBAF8,GAMECORE,sub_013EB718,,reloc-jal,high,recomp,
0x013EBAF8,0x013EBFC0,GAMECORE,sub_013EBAF8,,reloc-jal,high,recomp,
0x013EBFC0,0x013EC110,GAMECORE,sub_013EBFC0,,reloc-jal,high,recomp,
0x013EC110,0x013EC698,GAMECORE,sub_013EC110,,reloc-jal,high,recomp,
0x013EC698,0x013EC788,GAMECORE,sub_013EC698,,reloc-jal,high,recomp,
0x013EC788,0x013EC798,GAMECORE,sub_013EC788,,ptr-table,medium,recomp,
0x013EC798,0x013EC7A0,GAMECORE,sub_013EC798,,ptr-table,medium,recomp,
0x013EC7A0,0x013EC7A8,GAMECORE,sub_013EC7A0,,ptr-table,medium,recomp,
0x013EC7A8,0x013EC7B0,GAMECORE,sub_013EC7A8,,ptr-table,medium,recomp,
0x013EC7B0,0x013EC7B8,GAMECORE,sub_013EC7B0,,ptr-table,medium,recomp,
0x013EC7B8,0x013EC7C0,GAMECORE,sub_013EC7B8,,ptr-table,medium,recomp,
0x013EC7C0,0x013EC7C8,GAMECORE,sub_013EC7C0,,ptr-table,medium,recomp,
0x013EC7C8,0x013EC7D8,GAMECORE,sub_013EC7C8,,ptr-table,medium,recomp,
0x013EC7D8,0x013EC898,GAMECORE,sub_013EC7D8,,ptr-table,medium,recomp,
0x013EC898,0x013EC900,GAMECORE,sub_013EC898,,reloc-jal,high,recomp,
0x013EC900,0x013EC948,GAMECORE,sub_013EC900,,ptr-table,medium,recomp,
0x013EC948,0x013EC9C0,GAMECORE,sub_013EC948,,ptr-table,medium,recomp,
0x013EC9C0,0x013ECA10,GAMECORE,sub_013EC9C0,,ptr-table,medium,recomp,
0x013ECA10,0x013ECA20,GAMECORE,sub_013ECA10,,ptr-table,medium,recomp,
0x013ECA20,0x013ECA30,GAMECORE,sub_013ECA20,,ptr-table,medium,recomp,
0x013ECA30,0x013ECA40,GAMECORE,sub_013ECA30,,ptr-table,medium,recomp,
0x013ECA40,0x013ECBD8,GAMECORE,sub_013ECA40,,ptr-table,medium,recomp,
0x013ECBD8,0x013ECC00,GAMECORE,sub_013ECBD8,,ptr-table,medium,recomp,
0x013ECC00,0x013ECC28,GAMECORE,sub_013ECC00,,ptr-table,medium,recomp,
0x013ECC28,0x013ECD20,GAMECORE,sub_013ECC28,,ptr-table,medium,recomp,
0x013ECD20,0x013ECD2C,GAMECORE,sub_013ECD20,,ptr-table,medium,recomp,
0x013ECD2C,0x013ECD48,GAMECORE,sub_013ECD2C,,ptr-table,medium,recomp,
0x013ECD48,0x013ECF38,GAMECORE,sub_013ECD48,,reloc-jal,high,recomp,
0x013ECF38,0x013ED4C0,GAMECORE,sub_013ECF38,,reloc-jal,high,recomp,
0x013ED4C0,0x013ED828,GAMECORE,sub_013ED4C0,,reloc-jal,high,recomp,
0x013ED828,0x013ED9C8,GAMECORE,sub_013ED828,,reloc-jal,high,recomp,
0x013ED9C8,0x013EDAF0,GAMECORE,sub_013ED9C8,,reloc-jal,high,recomp,
0x013EDAF0,0x013EDD90,GAMECORE,sub_013EDAF0,,reloc-jal,high,recomp,
0x013EDD90,0x013EE130,GAMECORE,sub_013EDD90,,reloc-jal,high,recomp,
0x013EE130,0x013EE4F8,GAMECORE,sub_013EE130,,reloc-jal,high,recomp,
0x013EE4F8,0x013EE8C0,GAMECORE,sub_013EE4F8,,reloc-jal,high,recomp,
0x013EE8C0,0x013EEB90,GAMECORE,sub_013EE8C0,,reloc-jal,high,recomp,
0x013EEB90,0x013EEE30,GAMECORE,sub_013EEB90,,reloc-jal,high,recomp,
0x013EEE30,0x013EF0B0,GAMECORE,sub_013EEE30,,reloc-jal,high,recomp,
0x013EF0B0,0x013EF760,GAMECORE,sub_013EF0B0,,reloc-jal,high,recomp,
0x013EF760,0x013EF950,GAMECORE,sub_013EF760,,reloc-jal,high,recomp,
0x013EF950,0x013EFF68,GAMECORE,sub_013EF950,,reloc-jal,high,recomp,
0x013EFF68,0x013F05A0,GAMECORE,sub_013EFF68,,reloc-jal,high,recomp,
0x013F05A0,0x013F0860,GAMECORE,sub_013F05A0,,reloc-jal,high,recomp,
0x013F0860,0x013F0B38,GAMECORE,sub_013F0860,,reloc-jal,high,recomp,
0x013F0B38,0x013F0BF8,GAMECORE,sub_013F0B38,,reloc-jal,high,recomp,
0x013F0BF8,0x013F0E18,GAMECORE,sub_013F0BF8,,reloc-jal,high,recomp,
0x013F0E18,0x013F11B0,GAMECORE,sub_013F0E18,,reloc-jal,high,recomp,
0x013F11B0,0x013F1538,GAMECORE,sub_013F11B0,,reloc-jal,high,recomp,
0x013F1538,0x013F2178,GAMECORE,sub_013F1538,,reloc-jal,high,recomp,
0x013F2178,0x013F27D0,GAMECORE,sub_013F2178,,reloc-jal,high,recomp,
0x013F27D0,0x013F2F70,GAMECORE,sub_013F27D0,,reloc-jal,high,recomp,
0x013F2F70,0x013F32A0,GAMECORE,sub_013F2F70,,reloc-la,high,recomp,
0x013F32A0,0x013F3508,GAMECORE,sub_013F32A0,,reloc-jal,high,recomp,
0x013F3508,0x013F36B8,GAMECORE,sub_013F3508,,reloc-jal,high,recomp,
0x013F36B8,0x013F3A90,GAMECORE,sub_013F36B8,,reloc-jal,high,recomp,
0x013F3A90,0x013F3BB4,GAMECORE,sub_013F3A90,nico_SmallKiteStart,xff-symbol,high,recomp,
0x013F3BB8,0x013F3D14,GAMECORE,sub_013F3BB8,nico_SmallKiteSpecialStart,xff-symbol,high,recomp,
0x013F3D18,0x013F3F64,GAMECORE,sub_013F3D18,nico_SmallKiteAdvertiseStart,xff-symbol,high,recomp,
0x013F3F68,0x013F40E4,GAMECORE,sub_013F3F68,KiteGroundInitFunc,xff-symbol,high,recomp,
0x013F40E8,0x013F4204,GAMECORE,sub_013F40E8,KiteInitFunc,xff-symbol,high,recomp,
0x013F4208,0x013F4258,GAMECORE,sub_013F4208,,reloc-la,high,recomp,
0x013F4258,0x013F45A8,GAMECORE,sub_013F4258,,reloc-jal,high,recomp,
0x013F45A8,0x013F4858,GAMECORE,sub_013F45A8,,reloc-jal,high,recomp,
0x013F4858,0x013F4968,GAMECORE,sub_013F4858,,reloc-jal,high,recomp,
0x013F4968,0x013F4AB0,GAMECORE,sub_013F4968,,reloc-jal,high,recomp,
0x013F4AB0,0x013F4E00,GAMECORE,sub_013F4AB0,,reloc-jal,high,recomp,
0x013F4E00,0x013F5088,GAMECORE,sub_013F4E00,,reloc-jal,high,recomp,
0x013F5088,0x013F5278,GAMECORE,sub_013F5088,,reloc-jal,high,recomp,
0x013F5278,0x013F5460,GAMECORE,sub_013F5278,,reloc-jal,high,recomp,
0x013F5460,0x013F5830,GAMECORE,sub_013F5460,,reloc-jal,high,recomp,
0x013F5830,0x013F6018,GAMECORE,sub_013F5830,,reloc-la,high,recomp,
0x013F6018,0x013F6298,GAMECORE,sub_013F6018,nico_SmallKiteMinoStart,xff-symbol,high,recomp,
0x013F6298,0x013F645C,GAMECORE,sub_013F6298,Kite_InitKitePathWork,xff-symbol+reloc-jal,high,recomp,
0x013F6460,0x013F6860,GAMECORE,sub_013F6460,,reloc-jal,high,recomp,
0x013F6860,0x013F6A7C,GAMECORE,sub_013F6860,KiteSpecial_SetNewPathPoint,xff-symbol+reloc-jal,high,recomp,
0x013F6A80,0x013F6C30,GAMECORE,sub_013F6A80,,reloc-jal,high,recomp,
0x013F6C30,0x013F713C,GAMECORE,sub_013F6C30,Kite_GetPassageWork,xff-symbol+reloc-jal,high,recomp,
0x013F7140,0x013F7154,GAMECORE,sub_013F7140,Kite_InitSpecialPathWork,xff-symbol+reloc-j,high,recomp,
0x013F7158,0x013F7204,GAMECORE,sub_013F7158,AI_CheckPathPoint,xff-symbol+reloc-jal,high,recomp,
0x013F7208,0x013F7234,GAMECORE,sub_013F7208,Kite_CmpPathPoint,xff-symbol+reloc-jal,high,recomp,
0x013F7238,0x013F7250,GAMECORE,sub_013F7238,Kite_InitKitePathPoint,xff-symbol+reloc-jal,high,recomp,
0x013F7250,0x013F7344,GAMECORE,sub_013F7250,AI_UpdateLeaderPathWork,xff-symbol+reloc-jal,high,recomp,
0x013F7348,0x013F7418,GAMECORE,sub_013F7348,AI_UpdateChildPathWork,xff-symbol+reloc-jal,high,recomp,
0x013F7418,0x013F7440,GAMECORE,sub_013F7418,Kite_InitKiteAdvertisePathWork,xff-symbol+reloc-jal,high,recomp,
0x013F7440,0x013F7448,GAMECORE,sub_013F7440,Kite_SetAnimalID_KitePathWork,xff-symbol+reloc-j+reloc-jal,high,recomp,
0x013F7448,0x013F7464,GAMECORE,sub_013F7448,Kite_SetEventIDList,xff-symbol+reloc-jal,high,recomp,
0x013F7468,0x013F7480,GAMECORE,sub_013F7468,Kite_InitEventCheck,xff-symbol+reloc-jal,high,recomp,
0x013F7480,0x013F748C,GAMECORE,sub_013F7480,Kite_ResetEventFrameCheck,xff-symbol+reloc-jal,high,recomp,
0x013F7490,0x013F74A4,GAMECORE,sub_013F7490,Kite_StartEventCheck,xff-symbol+reloc-jal,high,recomp,
0x013F74A8,0x013F74B8,GAMECORE,sub_013F74A8,Kite_EndEventCheck,xff-symbol+reloc-j+reloc-jal,high,recomp,
0x013F74B8,0x013F74F4,GAMECORE,sub_013F74B8,Kite_SetAnimalLayout,xff-symbol+reloc-jal,high,recomp,
0x013F74F8,0x013F7504,GAMECORE,sub_013F74F8,Kite_SetKiteObj,xff-symbol,high,recomp,
0x013F7508,0x013F751C,GAMECORE,sub_013F7508,Kite_SetPathOfs,xff-symbol+reloc-jal,high,recomp,
0x013F7520,0x013F7538,GAMECORE,sub_013F7520,Kite_SetSpecialPathLayout,xff-symbol+reloc-jal,high,recomp,
0x013F7538,0x013F75FC,GAMECORE,sub_013F7538,Kite_SucceedKitePathWork,xff-symbol+reloc-j+reloc-jal,high,recomp,
0x013F7600,0x013F7788,GAMECORE,sub_013F7600,,reloc-jal,high,recomp,
0x013F7788,0x013F7910,GAMECORE,sub_013F7788,,reloc-jal,high,recomp,
0x013F7910,0x013F7B08,GAMECORE,sub_013F7910,,reloc-jal,high,recomp,
0x013F7B08,0x013F7C58,GAMECORE,sub_013F7B08,,reloc-jal,high,recomp,
0x013F7C58,0x013F7DC8,GAMECORE,sub_013F7C58,,reloc-jal,high,recomp,
0x013F7DC8,0x013F7F30,GAMECORE,sub_013F7DC8,,reloc-jal,high,recomp,
0x013F7F30,0x013F8140,GAMECORE,sub_013F7F30,,reloc-jal,high,recomp,
0x013F8140,0x013F9358,GAMECORE,sub_013F8140,,reloc-jal,high,recomp,
0x013F9358,0x013F97D0,GAMECORE,sub_013F9358,,reloc-jal,high,recomp,
0x013F97D0,0x013F99C0,GAMECORE,sub_013F97D0,,reloc-jal+reloc-j,high,recomp,
0x013F99C0,0x013FA100,GAMECORE,sub_013F99C0,,reloc-jal,high,recomp,
0x013FA100,0x013FA378,GAMECORE,sub_013FA100,,reloc-jal,high,recomp,
0x013FA378,0x013FA498,GAMECORE,sub_013FA378,,reloc-jal,high,recomp,
0x013FA498,0x013FA600,GAMECORE,sub_013FA498,,reloc-jal,high,recomp,
0x013FA600,0x013FA798,GAMECORE,sub_013FA600,,reloc-jal,high,recomp,
0x013FA798,0x013FA9E8,GAMECORE,sub_013FA798,,reloc-jal,high,recomp,
0x013FA9E8,0x013FB288,GAMECORE,sub_013FA9E8,,reloc-jal,high,recomp,
0x013FB288,0x013FB448,GAMECORE,sub_013FB288,,reloc-jal,high,recomp,
0x013FB448,0x013FB6C8,GAMECORE,sub_013FB448,,reloc-la,high,recomp,
0x013FB6C8,0x013FB810,GAMECORE,sub_013FB6C8,,reloc-jal,high,recomp,
0x013FB810,0x013FBBCC,GAMECORE,sub_013FB810,GexInitCommonFunc,xff-symbol+reloc-jal,high,recomp,
0x013FBBD0,0x013FBF74,GAMECORE,sub_013FBBD0,GetInitWallFunc,xff-symbol+reloc-jal,high,recomp,
0x013FBF78,0x013FC148,GAMECORE,sub_013FBF78,,reloc-jal,high,recomp,
0x013FC148,0x013FC230,GAMECORE,sub_013FC148,nico_SmallKameStart,xff-symbol,high,recomp,
0x013FC230,0x013FC318,GAMECORE,sub_013FC230,nico_SmallLizardStart,xff-symbol,high,recomp,
0x013FC318,0x013FC350,GAMECORE,sub_013FC318,GexCutTail,xff-symbol,high,recomp,
0x013FC350,0x013FC368,GAMECORE,sub_013FC350,gexStopColProc,xff-symbol,high,recomp,
0x013FC368,0x013FC490,GAMECORE,sub_013FC368,AI_SetQuaternionFromGP,xff-symbol,high,recomp,
0x013FC490,0x013FC518,GAMECORE,sub_013FC490,GexInitFunc,xff-symbol,high,recomp,
0x013FC518,0x013FC5A0,GAMECORE,sub_013FC518,GexCeilInitFunc,xff-symbol,high,recomp,
0x013FC5A0,0x013FC6BC,GAMECORE,sub_013FC5A0,GexWallInitFunc,xff-symbol,high,recomp,
0x013FC6C0,0x013FCD98,GAMECORE,sub_013FC6C0,,reloc-jal,high,recomp,
0x013FCD98,0x013FDD38,GAMECORE,sub_013FCD98,,reloc-j,medium,recomp,
0x013FDD38,0x013FDD40,GAMECORE,sub_013FDD38,lizard_head,xff-symbol,high,recomp,
0x013FDD40,0x013FDD60,GAMECORE,sub_013FDD40,lizard_chest,xff-symbol,high,recomp,
0x013FDD60,0x013FDD68,GAMECORE,sub_013FDD60,lizard_waist,xff-symbol,high,recomp,
0x013FDD68,0x013FDD84,GAMECORE,sub_013FDD68,lizard_tail,xff-symbol,high,recomp,
0x013FDD88,0x013FDD90,GAMECORE,sub_013FDD88,lizard_berry,xff-symbol,high,recomp,
0x013FDD90,0x013FDFB4,GAMECORE,sub_013FDD90,gextailUpdateQuat,xff-symbol,high,recomp,
0x013FDFB8,0x013FE1D0,GAMECORE,sub_013FDFB8,,reloc-jal,high,recomp,
0x013FE1D0,0x013FE2C0,GAMECORE,sub_013FE1D0,,reloc-jal,high,recomp,
0x013FE2C0,0x013FE3E8,GAMECORE,sub_013FE2C0,,reloc-jal,high,recomp,
0x013FE3E8,0x013FE5B0,GAMECORE,sub_013FE3E8,,reloc-la,high,recomp,
0x013FE5B0,0x013FE794,GAMECORE,sub_013FE5B0,nico_SmallLizardTailStart,xff-symbol,high,recomp,
0x013FE798,0x013FE7E0,GAMECORE,sub_013FE798,gextailSetLandQuat,xff-symbol,high,recomp,
0x013FE7E0,0x013FE830,GAMECORE,sub_013FE7E0,gextailStopColProc,xff-symbol,high,recomp,
0x013FE830,0x013FE848,GAMECORE,sub_013FE830,gextailStartColProc,xff-symbol,high,recomp,
0x013FE848,0x013FE9F0,GAMECORE,sub_013FE848,updateSmallManager,xff-symbol+reloc-jal+reloc-j,high,recomp,
0x013FE9F0,0x013FEAB8,GAMECORE,sub_013FE9F0,,reloc-jal,high,recomp,
0x013FEAB8,0x013FEC20,GAMECORE,sub_013FEAB8,,reloc-jal,high,recomp,
0x013FEC20,0x01400130,GAMECORE,sub_013FEC20,,reloc-jal,high,recomp,
0x01400130,0x014003E0,GAMECORE,sub_01400130,,reloc-jal,high,recomp,
0x014003E0,0x014005D0,GAMECORE,sub_014003E0,getSmallAnimalSaveTypePos,xff-symbol+reloc-jal,high,recomp,
0x014005D0,0x01400620,GAMECORE,sub_014005D0,initSmallManager,xff-symbol+reloc-jal,high,recomp,
0x01400620,0x01400650,GAMECORE,sub_01400620,terminateSmallManager,xff-symbol+reloc-jal+reloc-j,high,recomp,
0x01400650,0x014006C8,GAMECORE,sub_01400650,getSObjNode,xff-symbol+reloc-jal,high,recomp,
0x014006C8,0x01400740,GAMECORE,sub_014006C8,getSObjNodeBySubObj,xff-symbol+reloc-jal,high,recomp,
0x01400740,0x01400748,GAMECORE,sub_01400740,setSObjNodeLock,xff-symbol+reloc-jal,high,recomp,
0x01400748,0x01400828,GAMECORE,sub_01400748,deleteRequestSObjNode,xff-symbol,high,recomp,
0x01400828,0x01400880,GAMECORE,sub_01400828,setTailCutTime,xff-symbol+reloc-jal,high,recomp,
0x01400880,0x0140088C,GAMECORE,sub_01400880,setSmallManagerSystemLock,xff-symbol+reloc-jal,high,recomp,
0x01400890,0x01400940,GAMECORE,sub_01400890,getNearInterestSmallAnimal,xff-symbol+reloc-jal,high,recomp,
0x01400940,0x01400A38,GAMECORE,sub_01400940,,reloc-jal,high,recomp,
0x01400A38,0x01400A80,GAMECORE,sub_01400A38,,reloc-jal+reloc-j,high,recomp,
0x01400A80,0x01400AA8,GAMECORE,sub_01400A80,,reloc-jal,high,recomp,
0x01400AA8,0x01400B80,GAMECORE,sub_01400AA8,,reloc-jal,high,recomp,
0x01400B80,0x01400BE0,GAMECORE,sub_01400B80,,reloc-jal,high,recomp,
0x01400BE0,0x01400C20,GAMECORE,sub_01400BE0,,reloc-jal,high,recomp,
0x01400C20,0x01400C60,GAMECORE,sub_01400C20,,reloc-jal,high,recomp,
0x01400C60,0x01400CD0,GAMECORE,sub_01400C60,,reloc-jal,high,recomp,
0x01400CD0,0x01400D20,GAMECORE,sub_01400CD0,,reloc-jal,high,recomp,
0x01400D20,0x01400DC8,GAMECORE,sub_01400D20,,reloc-jal,high,recomp,
0x01400DC8,0x01400FE8,GAMECORE,sub_01400DC8,,reloc-jal,high,recomp,
0x01400FE8,0x01401228,GAMECORE,sub_01400FE8,,reloc-j,medium,recomp,
0x01401228,0x01401378,GAMECORE,sub_01401228,,reloc-jal,high,recomp,
0x01401378,0x01401C30,GAMECORE,sub_01401378,,reloc-jal,high,recomp,
0x01401C30,0x01401E48,GAMECORE,sub_01401C30,,reloc-jal,high,recomp,
0x01401E48,0x01401F70,GAMECORE,sub_01401E48,,reloc-jal,high,recomp,
0x01401F70,0x01402218,GAMECORE,sub_01401F70,,reloc-jal,high,recomp,
0x01402218,0x014028E0,GAMECORE,sub_01402218,,reloc-jal,high,recomp,
0x014028E0,0x01402B10,GAMECORE,sub_014028E0,,reloc-jal,high,recomp,
0x01402B10,0x01402C68,GAMECORE,sub_01402B10,,reloc-jal,high,recomp,
0x01402C68,0x01402EB8,GAMECORE,sub_01402C68,,reloc-j+reloc-jal,medium,recomp,
0x01402EB8,0x01403068,GAMECORE,sub_01402EB8,,reloc-jal,high,recomp,
0x01403068,0x01403158,GAMECORE,sub_01403068,,reloc-jal,high,recomp,
0x01403158,0x01403220,GAMECORE,sub_01403158,,reloc-jal,high,recomp,
0x01403220,0x014033B8,GAMECORE,sub_01403220,,reloc-jal,high,recomp,
0x014033B8,0x01403528,GAMECORE,sub_014033B8,,reloc-j+reloc-jal,medium,recomp,
0x01403528,0x01403638,GAMECORE,sub_01403528,,reloc-jal,high,recomp,
0x01403638,0x014037B8,GAMECORE,sub_01403638,,reloc-jal,high,recomp,
0x014037B8,0x01403890,GAMECORE,sub_014037B8,,reloc-jal,high,recomp,
0x01403890,0x014039B0,GAMECORE,sub_01403890,,reloc-jal,high,recomp,
0x014039B0,0x01403C40,GAMECORE,sub_014039B0,,reloc-jal,high,recomp,
0x01403C40,0x014040A0,GAMECORE,sub_01403C40,,reloc-jal,high,recomp,
0x014040A0,0x01404C40,GAMECORE,sub_014040A0,,reloc-jal,high,recomp,
0x01404C40,0x01404DB0,GAMECORE,sub_01404C40,,reloc-la,high,recomp,
0x01404DB0,0x01405188,GAMECORE,sub_01404DB0,nico_SmallNamazuStart,xff-symbol,high,recomp,
0x01405188,0x01405298,GAMECORE,sub_01405188,NamazuInitFunc,xff-symbol,high,recomp,
0x01405298,0x01405518,GAMECORE,sub_01405298,,reloc-la,high,recomp,
0x01405518,0x0140561C,GAMECORE,sub_01405518,nico_snakeCBossStart,xff-symbol,high,recomp,
0x01405620,0x01405688,GAMECORE,sub_01405620,,reloc-jal,high,recomp,
0x01405688,0x014056AC,GAMECORE,sub_01405688,SCRFuncSnakeCDeflateEnd,xff-symbol,high,recomp,
0x014056B0,0x014056D4,GAMECORE,sub_014056B0,SCRFuncSnakeCUpGroundInit,xff-symbol,high,recomp,
0x014056D8,0x014057A4,GAMECORE,sub_014056D8,SCRFuncSnakeCUpGroundMain,xff-symbol,high,recomp,
0x014057A8,0x014057E0,GAMECORE,sub_014057A8,nico_snakeBellyFrontTexEnd,xff-symbol,high,recomp,
0x014057E0,0x0140581C,GAMECORE,sub_014057E0,nico_snakeBellyFrontTexStart,xff-symbol,high,recomp,
0x01405820,0x01405858,GAMECORE,sub_01405820,nico_snakeBellyCenterTexEnd,xff-symbol,high,recomp,
0x01405858,0x01405894,GAMECORE,sub_01405858,nico_snakeBellyCenterTexStart,xff-symbol,high,recomp,
0x01405898,0x014058D0,GAMECORE,sub_01405898,nico_snakeBellyBackTexEnd,xff-symbol,high,recomp,
0x014058D0,0x0140590C,GAMECORE,sub_014058D0,nico_snakeBellyBackTexStart,xff-symbol,high,recomp,
0x01405910,0x01405998,GAMECORE,sub_01405910,nico_snakeAllTexEnd,xff-symbol,high,recomp,
0x01405998,0x01405B68,GAMECORE,sub_01405998,,reloc-la,high,recomp,
0x01405B68,0x01405BE0,GAMECORE,sub_01405B68,nico_soundScriptStart,xff-symbol+reloc-la,high,recomp,
0x01405BE0,0x01405BEC,GAMECORE,sub_01405BE0,getNowExecEventScriptObj,xff-symbol+reloc-jal,high,recomp,
0x01405BF0,0x01405C04,GAMECORE,sub_01405BF0,setLoadingCheckFunc,xff-symbol+reloc-j+reloc-jal,high,recomp,
0x01405C08,0x01405C14,GAMECORE,sub_01405C08,setEventScriptEnable,xff-symbol+reloc-jal,high,recomp,
0x01405C18,0x01405C38,GAMECORE,sub_01405C18,,reloc-jal,high,recomp,
0x01405C38,0x01405C50,GAMECORE,sub_01405C38,,reloc-la,high,recomp,
0x01405C50,0x01405D94,GAMECORE,sub_01405C50,spritedisplaytrigger,xff-symbol,high,recomp,
0x01405D98,0x01405EC8,GAMECORE,sub_01405D98,spritedisplay,xff-symbol,high,recomp,
0x01405EC8,0x01405F6C,GAMECORE,sub_01405EC8,_SCRStartSpriteAnim,xff-symbol+reloc-jal,high,recomp,
0x01405F70,0x01406014,GAMECORE,sub_01405F70,_SCRStartSpriteMenuAnim,xff-symbol+reloc-jal+reloc-j,high,recomp,
0x01406018,0x01406050,GAMECORE,sub_01406018,ScrSpriteParamSetup,xff-symbol+reloc-jal,high,recomp,
0x01406050,0x01406090,GAMECORE,sub_01406050,ScrSpriteParamEnd,xff-symbol+reloc-jal,high,recomp,
0x01406090,0x014060D0,GAMECORE,sub_01406090,spritemenudisplaytriggerpad_group,xff-symbol,high,recomp,
0x014060D0,0x014061C8,GAMECORE,sub_014060D0,,reloc-jal+reloc-j,high,recomp,
0x014061C8,0x01406370,GAMECORE,sub_014061C8,,reloc-jal,high,recomp,
0x01406370,0x01406438,GAMECORE,sub_01406370,setrollup,xff-symbol+reloc-jal,high,recomp,
0x01406438,0x01406A90,GAMECORE,sub_01406438,,reloc-jal,high,recomp,
0x01406A90,0x01406EE8,GAMECORE,sub_01406A90,,reloc-jal,high,recomp,
0x01406EE8,0x014071C0,GAMECORE,sub_01406EE8,,reloc-jal,high,recomp,
0x014071C0,0x01407850,GAMECORE,sub_014071C0,,reloc-jal,high,recomp,
0x01407850,0x01407C98,GAMECORE,sub_01407850,,reloc-jal,high,recomp,
0x01407C98,0x01407F80,GAMECORE,sub_01407C98,,reloc-jal,high,recomp,
0x01407F80,0x01408270,GAMECORE,sub_01407F80,,reloc-j,medium,recomp,
0x01408270,0x014083B8,GAMECORE,sub_01408270,,reloc-jal,high,recomp,
0x014083B8,0x0140846C,GAMECORE,sub_014083B8,playerlifebar_sethp,xff-symbol+reloc-j,high,recomp,
0x01408470,0x01408CF0,GAMECORE,sub_01408470,,reloc-jal,high,recomp,
0x01408CF0,0x01408EB4,GAMECORE,sub_01408CF0,playerlifebar_script,xff-symbol,high,recomp,
0x01408EB8,0x01408F24,GAMECORE,sub_01408EB8,initWeaponSpriteStatus,xff-symbol+reloc-j,high,recomp,
0x01408F28,0x01408FC8,GAMECORE,sub_01408F28,setWeaponSpriteStatus,xff-symbol+reloc-jal+reloc-j,high,recomp,
0x01408FC8,0x01409248,GAMECORE,sub_01408FC8,,reloc-jal,high,recomp,
0x01409248,0x014094E0,GAMECORE,sub_01409248,,reloc-jal,high,recomp,
0x014094E0,0x01409CA8,GAMECORE,sub_014094E0,,reloc-jal,high,recomp,
0x01409CA8,0x01409E64,GAMECORE,sub_01409CA8,bosslifebar_script,xff-symbol,high,recomp,
0x01409E68,0x01409E74,GAMECORE,sub_01409E68,setPlayerStatusSwitch,xff-symbol+reloc-jal,high,recomp,
0x01409E78,0x01409E84,GAMECORE,sub_01409E78,setPlayerStatusDisableFadeCompareSwitch,xff-symbol+reloc-jal,high,recomp,
0x01409E88,0x01409F00,GAMECORE,sub_01409E88,SetPlayerStatusDispSw,xff-symbol+reloc-jal,high,recomp,
0x01409F00,0x01409F60,GAMECORE,sub_01409F00,startGaugeMaxAddEffect,xff-symbol+reloc-j,high,recomp,
0x01409F60,0x01409F94,GAMECORE,sub_01409F60,startAttackEffect,xff-symbol+reloc-jal,high,recomp,
0x01409F98,0x0140A034,GAMECORE,sub_01409F98,setgrip,xff-symbol+reloc-j,high,recomp,
0x0140A038,0x0140A0A0,GAMECORE,sub_0140A038,playerlifebar_effect,xff-symbol+reloc-j,high,recomp,
0x0140A0A0,0x0140A138,GAMECORE,sub_0140A0A0,player_life_anim,xff-symbol,high,recomp,
0x0140A138,0x0140A268,GAMECORE,sub_0140A138,spriteselweapon,xff-symbol,high,recomp,
0x0140A268,0x0140A2A0,GAMECORE,sub_0140A268,bosslifebar_display,xff-symbol+reloc-jal,high,recomp,
0x0140A2A0,0x0140A2A8,GAMECORE,sub_0140A2A0,bosslifebar_resethp,xff-symbol+reloc-jal,high,recomp,
0x0140A2A8,0x0140A2E0,GAMECORE,sub_0140A2A8,,after-named,medium,recomp,
0x0140A2E0,0x0140A350,GAMECORE,sub_0140A2E0,bosslifebar_sethp,xff-symbol+reloc-jal,high,recomp,
0x0140A350,0x0140A394,GAMECORE,sub_0140A350,boss_life_anim,xff-symbol,high,recomp,
0x0140A398,0x0140A438,GAMECORE,sub_0140A398,PlayerSprStatusBegin,xff-symbol+reloc-jal,high,recomp,
0x0140A438,0x0140A444,GAMECORE,sub_0140A438,PlayerSprStatusEnd,xff-symbol+reloc-jal,high,recomp,
0x0140A448,0x0140A49C,GAMECORE,sub_0140A448,BossSprStatusBegin,xff-symbol+reloc-jal,high,recomp,
0x0140A4A0,0x0140A4AC,GAMECORE,sub_0140A4A0,BossSprStatusEnd,xff-symbol+reloc-j,high,recomp,
0x0140A4B0,0x0140A618,GAMECORE,sub_0140A4B0,,reloc-jal,high,recomp,
0x0140A618,0x0140A950,GAMECORE,sub_0140A618,,reloc-jal,high,recomp,
0x0140A950,0x0140ABA8,GAMECORE,sub_0140A950,,reloc-jal,high,recomp,
0x0140ABA8,0x0140B100,GAMECORE,sub_0140ABA8,,reloc-jal,high,recomp,
0x0140B100,0x0140B310,GAMECORE,sub_0140B100,,reloc-jal,high,recomp,
0x0140B310,0x0140B4E8,GAMECORE,sub_0140B310,,reloc-jal,high,recomp,
0x0140B4E8,0x0140BA80,GAMECORE,sub_0140B4E8,,reloc-la,high,recomp,
0x0140BA80,0x0140BD88,GAMECORE,sub_0140BA80,,reloc-jal,high,recomp,
0x0140BD88,0x0140C118,GAMECORE,sub_0140BD88,,reloc-la,high,recomp,
0x0140C118,0x0140C348,GAMECORE,sub_0140C118,,reloc-jal,high,recomp,
0x0140C348,0x0140C488,GAMECORE,sub_0140C348,,reloc-jal,high,recomp,
0x0140C488,0x0140C618,GAMECORE,sub_0140C488,,reloc-la,high,recomp,
0x0140C618,0x0140C900,GAMECORE,sub_0140C618,,reloc-jal,high,recomp,
0x0140C900,0x0140CDC0,GAMECORE,sub_0140C900,,reloc-jal,high,recomp,
0x0140CDC0,0x0140D278,GAMECORE,sub_0140CDC0,nico_swordstart,xff-symbol,high,recomp,
0x0140D278,0x0140D340,GAMECORE,sub_0140D278,CancelSwordEffect,xff-symbol+reloc-jal+reloc-j,high,recomp,
0x0140D340,0x0140D498,GAMECORE,sub_0140D340,,reloc-la,high,recomp,
0x0140D498,0x0140D6D8,GAMECORE,sub_0140D498,,reloc-jal,high,recomp,
0x0140D6D8,0x0140E0AC,GAMECORE,sub_0140D6D8,DispWithSwordBlur,xff-symbol,high,recomp,
0x0140E0B0,0x0140EA84,GAMECORE,sub_0140E0B0,DispWithTorchBlur,xff-symbol,high,recomp,
0x0140EA88,0x0140EAB8,GAMECORE,sub_0140EA88,CheckSwordIndicateAimPoint,xff-symbol+reloc-jal,high,recomp,
0x0140EAB8,0x0140EAC4,GAMECORE,sub_0140EAB8,GetSwordFlareHitPlaneAttribute,xff-symbol+reloc-jal,high,recomp,
0x0140EAC8,0x0140EAD4,GAMECORE,sub_0140EAC8,getMinAmbient,xff-symbol,high,recomp,
0x0140EAD8,0x0140EAE4,GAMECORE,sub_0140EAD8,getMaxAmbient,xff-symbol,high,recomp,
0x0140EAE8,0x0140EAF4,GAMECORE,sub_0140EAE8,getMinAmbientLine,xff-symbol,high,recomp,
0x0140EAF8,0x0140EB04,GAMECORE,sub_0140EAF8,getMaxAmbientLine,xff-symbol,high,recomp,
0x0140EB08,0x0140EB14,GAMECORE,sub_0140EB08,getMinAngle,xff-symbol,high,recomp,
0x0140EB18,0x0140EB24,GAMECORE,sub_0140EB18,getMaxAngle,xff-symbol,high,recomp,
0x0140EB28,0x0140EB34,GAMECORE,sub_0140EB28,getMaxLineAngle,xff-symbol,high,recomp,
0x0140EB38,0x0140EB44,GAMECORE,sub_0140EB38,getMinAmbientWeak,xff-symbol,high,recomp,
0x0140EB48,0x0140EB54,GAMECORE,sub_0140EB48,getMaxAmbientWeak,xff-symbol,high,recomp,
0x0140EB58,0x0140EB64,GAMECORE,sub_0140EB58,getMinAmbientLineWeak,xff-symbol,high,recomp,
0x0140EB68,0x0140EB74,GAMECORE,sub_0140EB68,getMaxAmbientLineWeak,xff-symbol,high,recomp,
0x0140EB78,0x0140EB84,GAMECORE,sub_0140EB78,getMinAngleWeak,xff-symbol,high,recomp,
0x0140EB88,0x0140EB94,GAMECORE,sub_0140EB88,getMaxAngleWeak,xff-symbol,high,recomp,
0x0140EB98,0x0140EBA4,GAMECORE,sub_0140EB98,getMaxLineAngleWeak,xff-symbol,high,recomp,
0x0140EBA8,0x0140EBB4,GAMECORE,sub_0140EBA8,getMaxFogMulVal,xff-symbol,high,recomp,
0x0140EBB8,0x0140EBC4,GAMECORE,sub_0140EBB8,getFogChangeSpeed,xff-symbol,high,recomp,
0x0140EBC8,0x0140EBD4,GAMECORE,sub_0140EBC8,getSwordLineWidthMax,xff-symbol,high,recomp,
0x0140EBD8,0x0140EBE4,GAMECORE,sub_0140EBD8,getSwordLineChangeSpeed,xff-symbol,high,recomp,
0x0140EBE8,0x0140EBF4,GAMECORE,sub_0140EBE8,getSwordLlineChangeThreshold,xff-symbol,high,recomp,
0x0140EBF8,0x0140EC04,GAMECORE,sub_0140EBF8,getBossHPRatioBase,xff-symbol,high,recomp,
0x0140EC08,0x0140ECB8,GAMECORE,sub_0140EC08,,reloc-la,high,recomp,
0x0140ECB8,0x0140ECC4,GAMECORE,sub_0140ECB8,getSwordGlowDistMin,xff-symbol,high,recomp,
0x0140ECC8,0x0140ECD4,GAMECORE,sub_0140ECC8,getSwordGlowDistMax,xff-symbol,high,recomp,
0x0140ECD8,0x0140ECE4,GAMECORE,sub_0140ECD8,getCollisionGlowSpeed,xff-symbol,high,recomp,
0x0140ECE8,0x0140ECF4,GAMECORE,sub_0140ECE8,getCollisionGlowTime,xff-symbol,high,recomp,
0x0140ECF8,0x0140ED04,GAMECORE,sub_0140ECF8,getCollisionPosOffset,xff-symbol,high,recomp,
0x0140ED08,0x0140ED10,GAMECORE,sub_0140ED08,,reloc-la,high,recomp,
0x0140ED10,0x0140ED20,GAMECORE,sub_0140ED10,,reloc-la,high,recomp,
0x0140ED20,0x0140EE18,GAMECORE,sub_0140ED20,,reloc-la,high,recomp,
0x0140EE18,0x0140EE74,GAMECORE,sub_0140EE18,checkChangeWeaponTypeSwordToOther,xff-symbol+reloc-j,high,recomp,
0x0140EE78,0x0140EE94,GAMECORE,sub_0140EE78,SCRDirectionalArrowBegin,xff-symbol,high,recomp,
0x0140EE98,0x0140EEB4,GAMECORE,sub_0140EE98,SCRDirectionalArrowEnd,xff-symbol,high,recomp,
0x0140EEB8,0x0140EED0,GAMECORE,sub_0140EEB8,,reloc-la,high,recomp,
0x0140EED0,0x0140EEEC,GAMECORE,sub_0140EED0,timeAttackTimeScriptEnd,xff-symbol+reloc-jal,high,recomp,
0x0140EEF0,0x0140F020,GAMECORE,sub_0140EEF0,,reloc-la,high,recomp,
0x0140F020,0x0140F1F0,GAMECORE,sub_0140F020,,reloc-jal,high,recomp,
0x0140F1F0,0x0140F318,GAMECORE,sub_0140F1F0,,reloc-jal,high,recomp,
0x0140F318,0x0140F498,GAMECORE,sub_0140F318,,reloc-jal,high,recomp,
0x0140F498,0x0140F7B8,GAMECORE,sub_0140F498,timeAttackInScript,xff-symbol,high,recomp,
0x0140F7B8,0x0140F938,GAMECORE,sub_0140F7B8,timeAttackPauseScript,xff-symbol,high,recomp,
0x0140F938,0x0140FB5C,GAMECORE,sub_0140F938,timeAttackRetryScript,xff-symbol,high,recomp,
0x0140FB60,0x0140FCC8,GAMECORE,sub_0140FB60,timeAttackEndScript,xff-symbol,high,recomp,
0x0140FCC8,0x0140FE60,GAMECORE,sub_0140FCC8,timeAttackOverBGScript,xff-symbol,high,recomp,
0x0140FE60,0x01410068,GAMECORE,sub_0140FE60,timeAttackOverAlertScript,xff-symbol,high,recomp,
0x01410068,0x014101D0,GAMECORE,sub_01410068,timeAttackTimeScript,xff-symbol,high,recomp,
0x014101D0,0x014103AC,GAMECORE,sub_014101D0,SetItemMenuDisp,xff-symbol+reloc-j+reloc-jal,high,recomp,
0x014103B0,0x01410584,GAMECORE,sub_014103B0,SelectOmakeItem,xff-symbol+reloc-j,high,recomp,
0x01410588,0x01410840,GAMECORE,sub_01410588,,reloc-la,high,recomp,
0x01410840,0x01410AA0,GAMECORE,sub_01410840,,reloc-jal,high,recomp,
0x01410AA0,0x01410BC8,GAMECORE,sub_01410AA0,,reloc-jal,high,recomp,
0x01410BC8,0x01410DB0,GAMECORE,sub_01410BC8,ReplayInScript,xff-symbol,high,recomp,
0x01410DB0,0x01410F40,GAMECORE,sub_01410DB0,ReplayPauseScript,xff-symbol,high,recomp,
0x01410F40,0x01411164,GAMECORE,sub_01410F40,ReplayRetryScript,xff-symbol,high,recomp,
0x01411168,0x014112D0,GAMECORE,sub_01411168,ReplayEndScript,xff-symbol,high,recomp,
0x014112D0,0x01411468,GAMECORE,sub_014112D0,ReplayOverBGScript,xff-symbol,high,recomp,
0x01411468,0x01411670,GAMECORE,sub_01411468,ReplayOverAlertScript,xff-symbol,high,recomp,
0x01411670,0x014117B4,GAMECORE,sub_01411670,ReplayPauseScriptBegin,xff-symbol+reloc-jal,high,recomp,
0x014117B8,0x0141182C,GAMECORE,sub_014117B8,timeAttackInScriptBegin,xff-symbol+reloc-j,high,recomp,
0x01411830,0x014118A4,GAMECORE,sub_01411830,timeAttackPauseScriptBegin,xff-symbol+reloc-jal,high,recomp,
0x014118A8,0x0141191C,GAMECORE,sub_014118A8,timeAttackTimeScriptBegin,xff-symbol+reloc-jal,high,recomp,
0x01411920,0x01411A08,GAMECORE,sub_01411920,timeAttackGameOverScriptBegin,xff-symbol+reloc-jal,high,recomp,
0x01411A08,0x01411A58,GAMECORE,sub_01411A08,GetTimeAttackNextPhase,xff-symbol+reloc-jal,high,recomp,
0x01411A58,0x01411A64,GAMECORE,sub_01411A58,GetTimeAttackTimer,xff-symbol,high,recomp,
0x01411A68,0x01411A74,GAMECORE,sub_01411A68,SetTimeAttackTimeFlag,xff-symbol+reloc-j,high,recomp,
0x01411A78,0x01411A90,GAMECORE,sub_01411A78,GetTimeAttackTimeLimit,xff-symbol+reloc-jal,high,recomp,
0x01411A90,0x01411B04,GAMECORE,sub_01411A90,ReplayInScriptBegin,xff-symbol+reloc-j,high,recomp,
0x01411B08,0x01411B58,GAMECORE,sub_01411B08,GetReplayNextPhase,xff-symbol+reloc-jal,high,recomp,
0x01411B58,0x01411C40,GAMECORE,sub_01411B58,ReplayGameOverScriptBegin,xff-symbol+reloc-jal,high,recomp,
0x01411C40,0x01411CB8,GAMECORE,sub_01411C40,,reloc-jal,high,recomp,
0x01411CB8,0x01411D30,GAMECORE,sub_01411CB8,,reloc-jal,high,recomp,
0x01411D30,0x01411DB0,GAMECORE,sub_01411D30,,reloc-jal,high,recomp,
0x01411DB0,0x01411DE4,GAMECORE,sub_01411DB0,CloseTimeAttackMenu,xff-symbol,high,recomp,
0x01411DE8,0x01411EF0,GAMECORE,sub_01411DE8,,reloc-la,high,recomp,
0x01411EF0,0x01411FD0,GAMECORE,sub_01411EF0,,reloc-la,high,recomp,
0x01411FD0,0x014120C0,GAMECORE,sub_01411FD0,,reloc-la,high,recomp,
0x014120C0,0x01412188,GAMECORE,sub_014120C0,,reloc-la,high,recomp,
0x01412188,0x01412244,GAMECORE,sub_01412188,GetNumOmakeItem,xff-symbol+reloc-jal,high,recomp,
0x01412248,0x01412328,GAMECORE,sub_01412248,CheckSelectDisp,xff-symbol,high,recomp,
0x01412328,0x014123A0,GAMECORE,sub_01412328,,reloc-jal,high,recomp,
0x014123A0,0x01412418,GAMECORE,sub_014123A0,,reloc-jal,high,recomp,
0x01412418,0x01412498,GAMECORE,sub_01412418,,reloc-jal,high,recomp,
0x01412498,0x014125A0,GAMECORE,sub_01412498,,reloc-la,high,recomp,
0x014125A0,0x01412680,GAMECORE,sub_014125A0,,reloc-la,high,recomp,
0x01412680,0x01412770,GAMECORE,sub_01412680,,reloc-la,high,recomp,
0x01412770,0x01412838,GAMECORE,sub_01412770,,reloc-la,high,recomp,
0x01412838,0x01412970,GAMECORE,sub_01412838,,reloc-la+reloc-jal,high,recomp,
0x01412970,0x01412D98,GAMECORE,sub_01412970,demo_title,xff-symbol,high,recomp,
0x01412D98,0x01412F00,GAMECORE,sub_01412D98,,reloc-jal,high,recomp,
0x01412F00,0x01412FD8,GAMECORE,sub_01412F00,,reloc-jal,high,recomp,
0x01412FD8,0x014130E0,GAMECORE,sub_01412FD8,,reloc-jal,high,recomp,
0x014130E0,0x01413330,GAMECORE,sub_014130E0,,reloc-jal,high,recomp,
0x01413330,0x01413530,GAMECORE,sub_01413330,,reloc-jal,high,recomp,
0x01413530,0x01413784,GAMECORE,sub_01413530,title_gallery,xff-symbol,high,recomp,
0x01413788,0x014138D0,GAMECORE,sub_01413788,title_gallery_end_request,xff-symbol+reloc-jal,high,recomp,
0x014138D0,0x014139FC,GAMECORE,sub_014138D0,title_bonus,xff-symbol,high,recomp,
0x01413A00,0x01414180,GAMECORE,sub_01413A00,,reloc-la,high,recomp,
0x01414180,0x01414848,GAMECORE,sub_01414180,,reloc-jal,high,recomp,
0x01414848,0x01414CC0,GAMECORE,sub_01414848,titlemenu,xff-symbol,high,recomp,
0x01414CC0,0x01414CF4,GAMECORE,sub_01414CC0,title_newfile,xff-symbol,high,recomp,
0x01414CF8,0x01414D2C,GAMECORE,sub_01414CF8,title_newfile_hard,xff-symbol,high,recomp,
0x01414D30,0x01414D70,GAMECORE,sub_01414D30,title_loadfile,xff-symbol,high,recomp,
0x01414D70,0x01414E30,GAMECORE,sub_01414D70,title_options,xff-symbol,high,recomp,
0x01414E30,0x01414F04,GAMECORE,sub_01414E30,title_making,xff-symbol,high,recomp,
0x01414F08,0x01414FDC,GAMECORE,sub_01414F08,title_traler,xff-symbol,high,recomp,
0x01414FE0,0x01415030,GAMECORE,sub_01414FE0,,reloc-la,high,recomp,
0x01415030,0x01415150,GAMECORE,sub_01415030,nico_tortoiseBossStart,xff-symbol,high,recomp,
0x01415150,0x014153D8,GAMECORE,sub_01415150,,reloc-j,medium,recomp,
0x014153D8,0x01415550,GAMECORE,sub_014153D8,nico_kameBodyExpression,xff-symbol,high,recomp,
0x01415550,0x01415B10,GAMECORE,sub_01415550,SCRFuncKameRockLWSLoad,xff-symbol,high,recomp,
0x01415B10,0x01415D9C,GAMECORE,sub_01415B10,SCRConditionKameBattleAreaEscape,xff-symbol,high,recomp,
0x01415DA0,0x01415E00,GAMECORE,sub_01415DA0,,reloc-la,high,recomp,
0x01415E00,0x01415E90,GAMECORE,sub_01415E00,,reloc-la,high,recomp,
0x01415E90,0x01415EAC,GAMECORE,sub_01415E90,SCRTortoiseShoot,xff-symbol,high,recomp,
0x01415EB0,0x01415ECC,GAMECORE,sub_01415EB0,SCRTortoisePulseCharge,xff-symbol,high,recomp,
0x01415ED0,0x01415EEC,GAMECORE,sub_01415ED0,SCRTortoisePulseChargeStop,xff-symbol,high,recomp,
0x01415EF0,0x01415F70,GAMECORE,sub_01415EF0,SCRFuncTortoiseGeyserDamagedMain,xff-symbol,high,recomp,
0x01415F70,0x01415F90,GAMECORE,sub_01415F70,SCRConditionTortoiseGeyserDamaged,xff-symbol,high,recomp,
0x01415F90,0x01415FD4,GAMECORE,sub_01415F90,SCRConditionTortoiseGeyserHitColAttr,xff-symbol,high,recomp,
0x01415FD8,0x01416064,GAMECORE,sub_01415FD8,SCRFuncKameFallPatienceCunterInit,xff-symbol,high,recomp,
0x01416068,0x014160A8,GAMECORE,sub_01416068,SCRFuncKameFallPatienceCunterMain,xff-symbol,high,recomp,
0x014160A8,0x014160C8,GAMECORE,sub_014160A8,SCRFuncKameFallPatienceCunterEnd,xff-symbol,high,recomp,
0x014160C8,0x01416100,GAMECORE,sub_014160C8,SCRConditionKameFallPatienceCunterCheck,xff-symbol,high,recomp,
0x01416100,0x0141618C,GAMECORE,sub_01416100,SCRFuncKameSetMissileRadius,xff-symbol,high,recomp,
0x01416190,0x014161B4,GAMECORE,sub_01416190,SCRFuncKameDemoFlagSet,xff-symbol,high,recomp,
0x014161B8,0x014161D8,GAMECORE,sub_014161B8,SCRFuncKameDemoFlagReset,xff-symbol,high,recomp,
0x014161D8,0x014161F4,GAMECORE,sub_014161D8,SCRFallRockDelete,xff-symbol,high,recomp,
0x014161F8,0x01416214,GAMECORE,sub_014161F8,SCRFallRockSub,xff-symbol,high,recomp,
0x01416218,0x014162AC,GAMECORE,sub_01416218,SCRSetCrackAnimTimer,xff-symbol,high,recomp,
0x014162B0,0x014162E8,GAMECORE,sub_014162B0,SCRConditionKameCrackAnimChack,xff-symbol,high,recomp,
0x014162E8,0x01416328,GAMECORE,sub_014162E8,SCRFuncKameCrackAnimMain,xff-symbol,high,recomp,
0x01416328,0x01416570,GAMECORE,sub_01416328,SCRFuncKameSetTemporaryTarget,xff-symbol,high,recomp,
0x01416570,0x014165B4,GAMECORE,sub_01416570,SCRConditionKameNextTime,xff-symbol,high,recomp,
0x014165B8,0x014165D8,GAMECORE,sub_014165B8,SCRConditionKameWallCaseFlagChack,xff-symbol,high,recomp,
0x014165D8,0x01416610,GAMECORE,sub_014165D8,SCRConditionKameMoveTimeChack,xff-symbol,high,recomp,
0x01416610,0x01416648,GAMECORE,sub_01416610,SCRFuncKameMoveTimeSet,xff-symbol,high,recomp,
0x01416648,0x01416668,GAMECORE,sub_01416648,SCRFuncKameMoveTimeReset,xff-symbol,high,recomp,
0x01416668,0x014166A8,GAMECORE,sub_01416668,SCRFuncKameMoveTimeMain,xff-symbol,high,recomp,
0x014166A8,0x014166E0,GAMECORE,sub_014166A8,SCRConditionKameNextAtkTime,xff-symbol,high,recomp,
0x014166E0,0x01416718,GAMECORE,sub_014166E0,SCRFuncKameNextAtkTimeInit,xff-symbol,high,recomp,
0x01416718,0x01416758,GAMECORE,sub_01416718,SCRFuncKameNextAtkTimeMain,xff-symbol,high,recomp,
0x01416758,0x01416880,GAMECORE,sub_01416758,,reloc-la,high,recomp,
0x01416880,0x014168B0,GAMECORE,sub_01416880,,reloc-la,high,recomp,
0x014168B0,0x014168E8,GAMECORE,sub_014168B0,,reloc-la,high,recomp,
0x014168E8,0x01416948,GAMECORE,sub_014168E8,,reloc-la,high,recomp,
0x01416948,0x01416968,GAMECORE,sub_01416948,,reloc-la,high,recomp,
0x01416968,0x014169B8,GAMECORE,sub_01416968,,reloc-la,high,recomp,
0x014169B8,0x01416A08,GAMECORE,sub_014169B8,,reloc-la,high,recomp,
0x01416A08,0x01416CB0,GAMECORE,sub_01416A08,,reloc-la,high,recomp,
0x01416CB0,0x014170F0,GAMECORE,sub_01416CB0,nico_unagiBossStart,xff-symbol,high,recomp,
0x014170F0,0x01417334,GAMECORE,sub_014170F0,SCRFuncUnagiThunder,xff-symbol,high,recomp,
0x01417338,0x01417870,GAMECORE,sub_01417338,,reloc-j+reloc-jal,medium,recomp,
0x01417870,0x01417AA0,GAMECORE,sub_01417870,,reloc-jal,high,recomp,
0x01417AA0,0x01417B70,GAMECORE,sub_01417AA0,nico_eelAllTexEnd,xff-symbol,high,recomp,
0x01417B70,0x01417BA8,GAMECORE,sub_01417B70,,reloc-la,high,recomp,
0x01417BA8,0x01417BF8,GAMECORE,sub_01417BA8,,reloc-la,high,recomp,
0x01417BF8,0x01417C70,GAMECORE,sub_01417BF8,SCRFuncUnagiSetSelfColiForPath,xff-symbol,high,recomp,
0x01417C70,0x01417CE0,GAMECORE,sub_01417C70,SCRFuncUnagiResetSelfColiForPath,xff-symbol,high,recomp,
0x01417CE0,0x01417D08,GAMECORE,sub_01417CE0,SCRFuncUnagiSetPlayerGazePos,xff-symbol,high,recomp,
0x01417D08,0x01417D60,GAMECORE,sub_01417D08,SCRFuncUnagiSetAttackParam0,xff-symbol,high,recomp,
0x01417D60,0x01417DA8,GAMECORE,sub_01417D60,SCRFuncUnagiSetAttackParam1,xff-symbol,high,recomp,
0x01417DA8,0x01417DF4,GAMECORE,sub_01417DA8,SCRConditionUnagiSelectAttackLine,xff-symbol,high,recomp,
0x01417DF8,0x01417E54,GAMECORE,sub_01417DF8,SCRConditionUnagiDamageCheck,xff-symbol,high,recomp,
0x01417E58,0x01417F04,GAMECORE,sub_01417E58,SCRConditionUnagiCheckAttackLine,xff-symbol,high,recomp,
0x01417F08,0x01417FEC,GAMECORE,sub_01417F08,SCRFuncUnageSetAttackPos,xff-symbol,high,recomp,
0x01417FF0,0x0141801C,GAMECORE,sub_01417FF0,SCRFuncUnageIncTblIdx,xff-symbol,high,recomp,
0x01418020,0x01418044,GAMECORE,sub_01418020,SCRFuncUnageInitBossNotParentTime,xff-symbol,high,recomp,
0x01418048,0x01418198,GAMECORE,sub_01418048,SCRFuncUnageMainBossNotParentTime,xff-symbol,high,recomp,
0x01418198,0x014181D0,GAMECORE,sub_01418198,SCRConditionUnageBossNotParentTime,xff-symbol,high,recomp,
0x014181D0,0x01418208,GAMECORE,sub_014181D0,nico_eelHigeTexEnd,xff-symbol,high,recomp,
0x01418208,0x0141853C,GAMECORE,sub_01418208,spriteweaponsight,xff-symbol,high,recomp,
0x01418540,0x01418764,GAMECORE,sub_01418540,SCRSetupWeaponPlayer,xff-symbol+reloc-jal,high,recomp,
0x01418768,0x014188A8,GAMECORE,sub_01418768,setIsWeapon,xff-symbol+reloc-jal,high,recomp,
0x014188A8,0x01418974,GAMECORE,sub_014188A8,nico_weaponstart,xff-symbol,high,recomp,
0x01418978,0x0141898C,GAMECORE,sub_01418978,initWeapon,xff-symbol+reloc-jal,high,recomp,
0x01418990,0x0141899C,GAMECORE,sub_01418990,getSelectWeapon,xff-symbol+reloc-jal,high,recomp,
0x014189A0,0x014189D4,GAMECORE,sub_014189A0,getWeaponName,xff-symbol,high,recomp,
0x014189D8,0x01418A1C,GAMECORE,sub_014189D8,setSelectWeapon,xff-symbol+reloc-jal,high,recomp,
0x01418A20,0x01418AE0,GAMECORE,sub_01418A20,selectWeaponBefore,xff-symbol+reloc-jal,high,recomp,
0x01418AE0,0x01418BA0,GAMECORE,sub_01418AE0,selectWeaponNext,xff-symbol+reloc-jal,high,recomp,
0x01418BA0,0x01418BE4,GAMECORE,sub_01418BA0,chkPossessWeapon,xff-symbol+reloc-jal,high,recomp,
0x01418BE8,0x01418C20,GAMECORE,sub_01418BE8,sprWeaponSetMarker,xff-symbol+reloc-jal,high,recomp,
0x01418C20,0x01418C34,GAMECORE,sub_01418C20,sprWeaponGetMarkerPos,xff-symbol+reloc-jal,high,recomp,
0x01418C38,0x01418CC0,GAMECORE,sub_01418C38,GetWeaponRange,xff-symbol+reloc-jal,high,recomp,
0x01418CC0,0x01419360,GAMECORE,sub_01418CC0,,reloc-jal,high,recomp,
0x01419360,0x01419508,GAMECORE,sub_01419360,,reloc-j+reloc-jal,medium,recomp,
0x01419508,0x014198D8,GAMECORE,sub_01419508,,reloc-jal,high,recomp,
0x014198D8,0x01419AD0,GAMECORE,sub_014198D8,,reloc-la,high,recomp,
0x01419AD0,0x01419D28,GAMECORE,sub_01419AD0,,reloc-jal,high,recomp,
0x01419D28,0x01419F90,GAMECORE,sub_01419D28,,reloc-jal,high,recomp,
0x01419F90,0x0141A1C8,GAMECORE,sub_01419F90,,reloc-jal,high,recomp,
0x0141A1C8,0x0141A4B0,GAMECORE,sub_0141A1C8,,reloc-jal,high,recomp,
0x0141A4B0,0x0141A5F0,GAMECORE,sub_0141A4B0,,reloc-jal,high,recomp,
0x0141A5F0,0x0141A9B0,GAMECORE,sub_0141A5F0,,reloc-jal,high,recomp,
0x0141A9B0,0x0141AD98,GAMECORE,sub_0141A9B0,,reloc-jal,high,recomp,
0x0141AD98,0x0141AF20,GAMECORE,sub_0141AD98,,reloc-jal,high,recomp,
0x0141AF20,0x0141B450,GAMECORE,sub_0141AF20,,reloc-jal,high,recomp,
0x0141B450,0x0141B940,GAMECORE,sub_0141B450,,reloc-jal,high,recomp,
0x0141B940,0x0141BAA8,GAMECORE,sub_0141B940,,reloc-jal,high,recomp,
0x0141BAA8,0x0141BD28,GAMECORE,sub_0141BAA8,,reloc-jal,high,recomp,
0x0141BD28,0x0141BF28,GAMECORE,sub_0141BD28,,reloc-jal,high,recomp,
0x0141BF28,0x0141C170,GAMECORE,sub_0141BF28,,reloc-jal,high,recomp,
0x0141C170,0x0141C498,GAMECORE,sub_0141C170,,reloc-jal,high,recomp,
0x0141C498,0x0141C4A0,GAMECORE,sub_0141C498,initSavePoint,xff-symbol,high,recomp,
0x0141C4A0,0x0141C4A8,GAMECORE,sub_0141C4A0,deleteSavePoint,xff-symbol,high,recomp,
0x0141C4A8,0x0141C4B4,GAMECORE,sub_0141C4A8,SetMapLogDispMode,xff-symbol,high,recomp,
0x0141C4B8,0x0141C4C0,GAMECORE,sub_0141C4B8,getSprLogWorkSize,xff-symbol+reloc-jal,high,recomp,
0x0141C4C0,0x0141C4CC,GAMECORE,sub_0141C4C0,getSprLogWorkAddress,xff-symbol+reloc-jal,high,recomp,
0x0141C4D0,0x0141C4D8,GAMECORE,sub_0141C4D0,getSprLogStatusSize,xff-symbol+reloc-jal,high,recomp,
0x0141C4D8,0x0141C4E4,GAMECORE,sub_0141C4D8,getSprLogStatusAddress,xff-symbol+reloc-jal,high,recomp,
0x0141C4E8,0x0141C4F4,GAMECORE,sub_0141C4E8,getLogLineColorR,xff-symbol,high,recomp,
0x0141C4F8,0x0141C504,GAMECORE,sub_0141C4F8,getLogLineColorG,xff-symbol,high,recomp,
0x0141C508,0x0141C514,GAMECORE,sub_0141C508,getLogLineColorB,xff-symbol,high,recomp,
0x0141C518,0x0141C524,GAMECORE,sub_0141C518,getLogLineColorA,xff-symbol,high,recomp,
0x0141C528,0x0141C574,GAMECORE,sub_0141C528,mapLogReset,xff-symbol+reloc-jal,high,recomp,
0x0141C578,0x0141C5E8,GAMECORE,sub_0141C578,createPauseMenuMap,xff-symbol+reloc-jal,high,recomp,
0x0141C5E8,0x0141C600,GAMECORE,sub_0141C5E8,initPauseMenuMap,xff-symbol+reloc-jal+reloc-j,high,recomp,
0x0141C600,0x0141C62C,GAMECORE,sub_0141C600,st_pausemenu_load_omake_chara,xff-symbol+reloc-la,high,recomp,
0x0141C630,0x0141C654,GAMECORE,sub_0141C630,setLoadMapOffset,xff-symbol+reloc-j,high,recomp,
0x0141C658,0x0141C6D8,GAMECORE,sub_0141C658,mapScript,xff-symbol,high,recomp,
0x0141C6D8,0x0141C708,GAMECORE,sub_0141C6D8,PauseMapStart,xff-symbol,high,recomp,
0x0141C708,0x0141C73C,GAMECORE,sub_0141C708,execPause,xff-symbol+reloc-jal,high,recomp,
0x0141C740,0x0141C750,GAMECORE,sub_0141C740,isInLoadWait,xff-symbol+reloc-jal,high,recomp,
0x0141C750,0x0141C764,GAMECORE,sub_0141C750,LoadWaitCancel,xff-symbol+reloc-jal,high,recomp,
0x0141C768,0x0141C7EC,GAMECORE,sub_0141C768,LoadWaitScript,xff-symbol+reloc-la,high,recomp,
0x0141C7F0,0x0141C838,GAMECORE,sub_0141C7F0,,reloc-la,high,recomp,
0x0141C838,0x0141C990,GAMECORE,sub_0141C838,,reloc-la,high,recomp,
0x0141C990,0x0141CAD4,GAMECORE,sub_0141C990,nico_yamori2Start,xff-symbol,high,recomp,
0x0141CAD8,0x0141CBE8,GAMECORE,sub_0141CAD8,,reloc-la,high,recomp,
0x0141CBE8,0x0141CF60,GAMECORE,sub_0141CBE8,SCRFuncYamoriBSendFallKey,xff-symbol,high,recomp,
0x0141CF60,0x0141D5E8,GAMECORE,sub_0141CF60,,reloc-jal,high,recomp,
0x0141D5E8,0x0141D914,GAMECORE,sub_0141D5E8,SCRFuncYamoriBProgramRotForWindAttack,xff-symbol,high,recomp,
0x0141D918,0x0141DA80,GAMECORE,sub_0141D918,,reloc-jal,high,recomp,
0x0141DA80,0x0141DECC,GAMECORE,sub_0141DA80,SCRFuncYamoriAdjustment,xff-symbol,high,recomp,
0x0141DED0,0x0141DEEC,GAMECORE,sub_0141DED0,SCRYamori2BeginStand,xff-symbol,high,recomp,
0x0141DEF0,0x0141DF0C,GAMECORE,sub_0141DEF0,SCRYamoriBReadyToBreeze,xff-symbol,high,recomp,
0x0141DF10,0x0141DF2C,GAMECORE,sub_0141DF10,SCRYamoriBReadyToBreeze2,xff-symbol,high,recomp,
0x0141DF30,0x0141DF78,GAMECORE,sub_0141DF30,SCRFuncYamoriBDamageCheckInit,xff-symbol,high,recomp,
0x0141DF78,0x0141E0EC,GAMECORE,sub_0141DF78,SCRFuncYamoriBDamageCheckMain,xff-symbol,high,recomp,
0x0141E0F0,0x0141E128,GAMECORE,sub_0141E0F0,SCRConditionYamoriBDamageCheckFrontR,xff-symbol,high,recomp,
0x0141E128,0x0141E160,GAMECORE,sub_0141E128,SCRConditionYamoriBDamageCheckBackR,xff-symbol,high,recomp,
0x0141E160,0x0141E198,GAMECORE,sub_0141E160,SCRConditionYamoriBDamageCheckFrontL,xff-symbol,high,recomp,
0x0141E198,0x0141E1D0,GAMECORE,sub_0141E198,SCRConditionYamoriBDamageCheckBackL,xff-symbol,high,recomp,
0x0141E1D0,0x0141E3D4,GAMECORE,sub_0141E1D0,SCRFuncYamoriBSendKLeftStandUpLey,xff-symbol,high,recomp,
0x0141E3D8,0x0141E400,GAMECORE,sub_0141E3D8,SCRFuncYamoriBSetCalcPosOffset,xff-symbol,high,recomp,
0x0141E400,0x0141E47C,GAMECORE,sub_0141E400,SCRFuncYamoriBSetAttainPointForAttack,xff-symbol,high,recomp,
0x0141E480,0x0141E6F8,GAMECORE,sub_0141E480,SCRFuncYamoriBSetAttainPointForWindAttack,xff-symbol,high,recomp,
0x0141E6F8,0x0141E75C,GAMECORE,sub_0141E6F8,SCRConditionYamoriBChangeAttainPointForAttack,xff-symbol,high,recomp,
0x0141E760,0x0141E788,GAMECORE,sub_0141E760,SCRFuncYamoriBSetBreathVolume,xff-symbol,high,recomp,
0x0141E788,0x0141E7FC,GAMECORE,sub_0141E788,SCRFuncYamoriBGounrdAttackMain,xff-symbol,high,recomp,
0x0141E800,0x0141E844,GAMECORE,sub_0141E800,SCRFuncYamoriBSetRandomRadius,xff-symbol,high,recomp,
0x0141E848,0x0141E88C,GAMECORE,sub_0141E848,SCRFuncYamoriBSetRandomRadius2,xff-symbol,high,recomp,
0x0141E890,0x0141E8B4,GAMECORE,sub_0141E890,SCRFuncYamoriBUnsetRandom,xff-symbol,high,recomp,
0x0141E8B8,0x0141E8D8,GAMECORE,sub_0141E8B8,SCRFuncYamoriBSetAttackPosAndGazePosInit,xff-symbol,high,recomp,
0x0141E8D8,0x0141EB68,GAMECORE,sub_0141E8D8,SCRFuncYamoriBSetAttackPosAndGazePosMain,xff-symbol,high,recomp,
0x0141EB68,0x0141EB90,GAMECORE,sub_0141EB68,SCRFuncYamoriBSetBellyDamageParam,xff-symbol,high,recomp,
0x0141EB90,0x0141EBBC,GAMECORE,sub_0141EB90,SCRFuncYamoriBSetBellyDamageInitWork,xff-symbol,high,recomp,
0x0141EBC0,0x0141EBF8,GAMECORE,sub_0141EBC0,SCRConditionYamoriBLessBellyDamageProgress,xff-symbol,high,recomp,
0x0141EBF8,0x0141EC28,GAMECORE,sub_0141EBF8,SCRConditionYamoriBBellyDamageCheck,xff-symbol,high,recomp,
0x0141EC28,0x0141ECF0,GAMECORE,sub_0141EC28,SCRFuncYamoriBSetAttainPos,xff-symbol,high,recomp,
0x0141ECF0,0x0141ED9C,GAMECORE,sub_0141ECF0,SCRFuncYamoriBSetAttainPosForGroundAttack,xff-symbol,high,recomp,
0x0141EDA0,0x0141EE60,GAMECORE,sub_0141EDA0,SCRFuncYamoriBAimInit,xff-symbol,high,recomp,
0x0141EE60,0x0141EE98,GAMECORE,sub_0141EE60,nico_yamoriArmRightTexEnd,xff-symbol,high,recomp,
0x0141EE98,0x0141EED4,GAMECORE,sub_0141EE98,nico_yamoriArmRightTexStart,xff-symbol,high,recomp,
0x0141EED8,0x0141EF10,GAMECORE,sub_0141EED8,nico_yamoriArmLeftTexEnd,xff-symbol,high,recomp,
0x0141EF10,0x0141EF4C,GAMECORE,sub_0141EF10,nico_yamoriArmLeftTexStart,xff-symbol,high,recomp,
0x0141EF50,0x0141EF88,GAMECORE,sub_0141EF50,nico_yamoriLegRightTexEnd,xff-symbol,high,recomp,
0x0141EF88,0x0141EFC4,GAMECORE,sub_0141EF88,nico_yamoriLegRightTexStart,xff-symbol,high,recomp,
0x0141EFC8,0x0141F000,GAMECORE,sub_0141EFC8,nico_yamoriLegLeftTexEnd,xff-symbol,high,recomp,
0x0141F000,0x0141F03C,GAMECORE,sub_0141F000,nico_yamoriLegLeftTexStart,xff-symbol,high,recomp,
0x0141F040,0x0141F0E0,GAMECORE,sub_0141F040,nico_yamoriAllTexEnd,xff-symbol,high,recomp,
0x0141F0E0,0x0141F184,GAMECORE,sub_0141F0E0,nico_yamoriAllTexStart,xff-symbol,high,recomp,
0x0141F188,0x0141F1A4,GAMECORE,sub_0141F188,SCRYamoriBPulseCharge,xff-symbol,high,recomp,
0x0141F1A8,0x0141F1C4,GAMECORE,sub_0141F1A8,SCRYamoriBPulseStop,xff-symbol,high,recomp,
0x0141F1C8,0x0141F1D0,GAMECORE,sub_0141F1C8,,reloc-la,high,recomp,
0x0141F1D0,0x0141F280,GAMECORE,sub_0141F1D0,,reloc-la,high,recomp,
0x0141F280,0x0141F2B0,GAMECORE,sub_0141F280,,reloc-la,high,recomp,
0x0141F2B0,0x0141F2E0,GAMECORE,sub_0141F2B0,,reloc-la,high,recomp,
0x0141F2E0,0x0141F480,GAMECORE,sub_0141F2E0,,reloc-jal,high,recomp,
0x0141F480,0x0141F600,GAMECORE,sub_0141F480,,reloc-jal,high,recomp,
0x0141F600,0x0141FA40,GAMECORE,sub_0141F600,demo_common,xff-symbol,high,recomp,
0x0141FA40,0x0141FA78,GAMECORE,sub_0141FA40,demoManBootRequest,xff-symbol+reloc-jal,high,recomp,
0x0141FA78,0x0141FA9C,GAMECORE,sub_0141FA78,demoManBootChk,xff-symbol+reloc-jal,high,recomp,
0x0141FAA0,0x0141FAE4,GAMECORE,sub_0141FAA0,demoManStart,xff-symbol+reloc-jal,high,recomp,
0x0141FAE8,0x0141FB10,GAMECORE,sub_0141FAE8,demoManChkStart,xff-symbol+reloc-jal,high,recomp,
0x0141FB10,0x0141FBB4,GAMECORE,sub_0141FB10,demoManEnd,xff-symbol+reloc-j+reloc-jal,high,recomp,
0x0141FBB8,0x0141FBFC,GAMECORE,sub_0141FBB8,demoManChkLoadFinish,xff-symbol+reloc-jal,high,recomp,
0x0141FC00,0x0141FC34,GAMECORE,sub_0141FC00,demoManSkip,xff-symbol+reloc-jal,high,recomp,
0x0141FC38,0x0141FC90,GAMECORE,sub_0141FC38,IsForwardTime__DemoMan,xff-symbol+reloc-jal,high,recomp,
0x0141FC90,0x0141FCE8,GAMECORE,sub_0141FC90,ForwardTime__DemoMan,xff-symbol+reloc-jal,high,recomp,
0x0141FCE8,0x0141FD10,GAMECORE,sub_0141FCE8,,reloc-la,high,recomp,
0x0141FD10,0x0141FED4,GAMECORE,sub_0141FD10,player_collision_check_direct_water_surface_plus,xff-symbol+reloc-jal+reloc-j,high,recomp,
0x0141FED8,0x0142031C,GAMECORE,sub_0141FED8,get_camera_collision_data,xff-symbol+reloc-jal,high,recomp,
0x01420320,0x014205A0,GAMECORE,sub_01420320,,reloc-jal,high,recomp,
0x014205A0,0x014205AC,GAMECORE,sub_014205A0,acted_camera_warp,xff-symbol+reloc-jal,high,recomp,
0x014205B0,0x0142070C,GAMECORE,sub_014205B0,camera_collision_check_direct,xff-symbol+reloc-jal,high,recomp,
0x01420710,0x01420814,GAMECORE,sub_01420710,camera_invisible_collision_check_direct_by_exception_obj,xff-symbol+reloc-jal,high,recomp,
0x01420818,0x01420920,GAMECORE,sub_01420818,player_collision_check_direct,xff-symbol+reloc-jal,high,recomp,
0x01420920,0x01420A28,GAMECORE,sub_01420920,is_hit_cam_opt_leave_collision_attribute,xff-symbol+reloc-jal,high,recomp,
0x01420A28,0x01420B68,GAMECORE,sub_01420A28,create_camera_collisionDB,xff-symbol+reloc-jal,high,recomp,
0x01420B68,0x01420B98,GAMECORE,sub_01420B68,get_camera_collision_data_base_filter_radius,xff-symbol+reloc-jal,high,recomp,
0x01420B98,0x01420D68,GAMECORE,sub_01420B98,camera_collision_check_with_keep,xff-symbol+reloc-jal,high,recomp,
0x01420D68,0x01420F20,GAMECORE,sub_01420D68,check_camera_position_float_by_collision,xff-symbol+reloc-jal,high,recomp,
0x01420F20,0x01421134,GAMECORE,sub_01420F20,get_camera_position_float_by_hit_collision,xff-symbol+reloc-jal,high,recomp,
0x01421138,0x01421174,GAMECORE,sub_01421138,constructor_camera_collision_data,xff-symbol+reloc-jal,high,recomp,
0x01421178,0x014211A4,GAMECORE,sub_01421178,reset_camera_collision_data_except_slide_move_ratio,xff-symbol+reloc-jal+reloc-j,high,recomp,
0x014211A8,0x01421208,GAMECORE,sub_014211A8,,reloc-la,high,recomp,
0x01421208,0x01421228,GAMECORE,sub_01421208,,reloc-la,high,recomp,
0x01421228,0x01421270,GAMECORE,sub_01421228,,reloc-la,high,recomp,
0x01421270,0x01421400,GAMECORE,sub_01421270,,reloc-jal,high,recomp,
0x01421400,0x01421550,GAMECORE,sub_01421400,,reloc-jal,high,recomp,
0x01421550,0x01421570,GAMECORE,sub_01421550,,reloc-jal,high,recomp,
0x01421570,0x014215A0,GAMECORE,sub_01421570,,reloc-jal,high,recomp,
0x014215A0,0x014215C0,GAMECORE,sub_014215A0,,reloc-jal,high,recomp,
0x014215C0,0x014215F0,GAMECORE,sub_014215C0,,reloc-jal,high,recomp,
0x014215F0,0x014216E8,GAMECORE,sub_014215F0,constructor_camera_default_angle,xff-symbol+reloc-jal,high,recomp,
0x014216E8,0x0142198C,GAMECORE,sub_014216E8,doit_camera_default_angle,xff-symbol+reloc-jal,high,recomp,
0x01421990,0x01421BB0,GAMECORE,sub_01421990,,reloc-jal,high,recomp,
0x01421BB0,0x01422014,GAMECORE,sub_01421BB0,get_base_default_direction,xff-symbol+reloc-jal,high,recomp,
0x01422018,0x01422148,GAMECORE,sub_01422018,,reloc-jal,high,recomp,
0x01422148,0x0142215C,GAMECORE,sub_01422148,get_cur_attr_camera_default_angle,xff-symbol+reloc-jal,high,recomp,
0x01422160,0x01422184,GAMECORE,sub_01422160,is_safety_camera_default_angle,xff-symbol+reloc-jal,high,recomp,
0x01422188,0x014221DC,GAMECORE,sub_01422188,is_must_reach_normal_default_angle,xff-symbol+reloc-jal,high,recomp,
0x014221E0,0x01422208,GAMECORE,sub_014221E0,,reloc-jal,high,recomp,
0x01422208,0x01422298,GAMECORE,sub_01422208,,reloc-j,medium,recomp,
0x01422298,0x014223C8,GAMECORE,sub_01422298,,reloc-jal,high,recomp,
0x014223C8,0x014224A8,GAMECORE,sub_014223C8,,reloc-jal,high,recomp,
0x014224A8,0x01422570,GAMECORE,sub_014224A8,,reloc-jal,high,recomp,
0x01422570,0x01422638,GAMECORE,sub_01422570,,reloc-jal,high,recomp,
0x01422638,0x014226B8,GAMECORE,sub_01422638,,reloc-jal,high,recomp,
0x014226B8,0x014227E0,GAMECORE,sub_014226B8,,reloc-jal,high,recomp,
0x014227E0,0x014229A0,GAMECORE,sub_014227E0,,reloc-jal,high,recomp,
0x014229A0,0x01422A38,GAMECORE,sub_014229A0,constructor_camera_dist_to_look_at,xff-symbol+reloc-jal,high,recomp,
0x01422A38,0x01422B98,GAMECORE,sub_01422A38,doit_camera_dist_to_look_at,xff-symbol+reloc-jal,high,recomp,
0x01422B98,0x01422BB0,GAMECORE,sub_01422B98,reset_time_interp_param_camera_dist_to_look_at,xff-symbol+reloc-jal,high,recomp,
0x01422BB0,0x01422BC0,GAMECORE,sub_01422BB0,begin_time_interp_camera_dist_to_look_at,xff-symbol,high,recomp,
0x01422BC0,0x01422BC8,GAMECORE,sub_01422BC0,set_stretch_phase_ratio_camera_dist_to_look_at,xff-symbol,high,recomp,
0x01422BC8,0x01422BD0,GAMECORE,sub_01422BC8,get_stretch_phase_ratio_camera_dist_to_look_at,xff-symbol,high,recomp,
0x01422BD0,0x01422BE0,GAMECORE,sub_01422BD0,is_acting_rewind_camera_dist_to_look_at,xff-symbol+reloc-jal,high,recomp,
0x01422BE0,0x01422BFC,GAMECORE,sub_01422BE0,get_rewind_begin_dist_to_target_camera_dist_to_look_at,xff-symbol+reloc-jal,high,recomp,
0x01422C00,0x01422C08,GAMECORE,sub_01422C00,end_rewind_camera_dist_to_look_at,xff-symbol+reloc-jal,high,recomp,
0x01422C08,0x01422C1C,GAMECORE,sub_01422C08,is_leave_camera_dist_to_look_at,xff-symbol+reloc-jal,high,recomp,
0x01422C20,0x01422D58,GAMECORE,sub_01422C20,,reloc-jal,high,recomp,
0x01422D58,0x01422E58,GAMECORE,sub_01422D58,,reloc-jal,high,recomp,
0x01422E58,0x01422E78,GAMECORE,sub_01422E58,,reloc-jal+reloc-j,high,recomp,
0x01422E78,0x01422F58,GAMECORE,sub_01422E78,,reloc-jal,high,recomp,
0x01422F58,0x0142310C,GAMECORE,sub_01422F58,doit_camera_etc_condition,xff-symbol+reloc-jal,high,recomp,
0x01423110,0x0142322C,GAMECORE,sub_01423110,is_pass_camera_etc_condition,xff-symbol+reloc-jal+reloc-j,high,recomp,
0x01423230,0x01423258,GAMECORE,sub_01423230,constructor_camera_etc_condition,xff-symbol+reloc-jal,high,recomp,
0x01423258,0x01423280,GAMECORE,sub_01423258,set_post_boss_dead_playable_flag_camera_etc_condition,xff-symbol+reloc-jal,high,recomp,
0x01423280,0x014232A8,GAMECORE,sub_01423280,,reloc-jal,high,recomp,
0x014232A8,0x014232C8,GAMECORE,sub_014232A8,,reloc-jal+reloc-j,high,recomp,
0x014232C8,0x014233C8,GAMECORE,sub_014232C8,,reloc-jal,high,recomp,
0x014233C8,0x0142367C,GAMECORE,sub_014233C8,doit_camera_final_update,xff-symbol+reloc-jal,high,recomp,
0x01423680,0x014238F8,GAMECORE,sub_01423680,,reloc-jal,high,recomp,
0x014238F8,0x0142395C,GAMECORE,sub_014238F8,constructor_camera_final_update,xff-symbol+reloc-jal,high,recomp,
0x01423960,0x01423AA8,GAMECORE,sub_01423960,,reloc-jal,high,recomp,
0x01423AA8,0x01423ACC,GAMECORE,sub_01423AA8,reset_camera_vs_ofst_cntrl_param_segment_array,xff-symbol+reloc-j,high,recomp,
0x01423AD0,0x01423C94,GAMECORE,sub_01423AD0,get_nearest_camera_vs_ofst_cntrl_position,xff-symbol+reloc-jal,high,recomp,
0x01423C98,0x01423DB0,GAMECORE,sub_01423C98,disp_camera_vs_ofst_cntrl_position,xff-symbol,high,recomp,
0x01423DB0,0x01423DF4,GAMECORE,sub_01423DB0,add_camera_vs_ofst_cntrl_param_segment,xff-symbol,high,recomp,
0x01423DF8,0x01423E3C,GAMECORE,sub_01423DF8,free_camera_vs_ofst_cntrl_param_segment,xff-symbol,high,recomp,
0x01423E40,0x0142411C,GAMECORE,sub_01423E40,doit_camera_pause_rise,xff-symbol+reloc-jal,high,recomp,
0x01424120,0x01424170,GAMECORE,sub_01424120,constructor_camera_pause_rise,xff-symbol+reloc-jal,high,recomp,
0x01424170,0x01424210,GAMECORE,sub_01424170,init_camera_pause_rise,xff-symbol+reloc-j,high,recomp,
0x01424210,0x01424220,GAMECORE,sub_01424210,request_end_camera_pause_rise,xff-symbol+reloc-j,high,recomp,
0x01424220,0x0142422C,GAMECORE,sub_01424220,is_end_camera_pause_rise,xff-symbol+reloc-jal+reloc-j,high,recomp,
0x01424230,0x0142423C,GAMECORE,sub_01424230,get_begin_interp_finish_time_camera_pause_rise,xff-symbol+reloc-jal,high,recomp,
0x01424240,0x0142424C,GAMECORE,sub_01424240,get_end_interp_finish_time_camera_pause_rise,xff-symbol,high,recomp,
0x01424250,0x014242C8,GAMECORE,sub_01424250,,reloc-jal,high,recomp,
0x014242C8,0x01424340,GAMECORE,sub_014242C8,,reloc-jal,high,recomp,
0x01424340,0x014243A0,GAMECORE,sub_01424340,,reloc-jal,high,recomp,
0x014243A0,0x01424460,GAMECORE,sub_014243A0,,reloc-j,medium,recomp,
0x01424460,0x01424608,GAMECORE,sub_01424460,,reloc-jal,high,recomp,
0x01424608,0x01424750,GAMECORE,sub_01424608,,reloc-jal,high,recomp,
0x01424750,0x014249DC,GAMECORE,sub_01424750,get_manage_obj_status_camera_place_status,xff-symbol+reloc-jal,high,recomp,
0x014249E0,0x01424A2C,GAMECORE,sub_014249E0,init_camera_place_status,xff-symbol+reloc-jal,high,recomp,
0x01424A30,0x01424AF0,GAMECORE,sub_01424A30,doit_camera_place_status,xff-symbol+reloc-jal,high,recomp,
0x01424AF0,0x01424AF8,GAMECORE,sub_01424AF0,get_place_status_camera_place_status,xff-symbol+reloc-jal,high,recomp,
0x01424AF8,0x01424B00,GAMECORE,sub_01424AF8,get_manage_obj_camera_place_status,xff-symbol+reloc-jal,high,recomp,
0x01424B00,0x01424BB4,GAMECORE,sub_01424B00,get_mode_condition_segment_camera_place_status,xff-symbol+reloc-jal,high,recomp,
0x01424BB8,0x01424BC0,GAMECORE,sub_01424BB8,get_hit_camera_region_camera_place_status,xff-symbol+reloc-jal,high,recomp,
0x01424BC0,0x01424C50,GAMECORE,sub_01424BC0,get_cutout_mode_manager_segment_camera_place_status,xff-symbol+reloc-jal,high,recomp,
0x01424C50,0x01424C64,GAMECORE,sub_01424C50,get_cam_region_col_attr_camera_place_status,xff-symbol,high,recomp,
0x01424C68,0x01424C7C,GAMECORE,sub_01424C68,get_on_boss_camera_col_attr_camera_place_status,xff-symbol+reloc-jal,high,recomp,
0x01424C80,0x01424D10,GAMECORE,sub_01424C80,is_approach_rise_ok_camera_place_status,xff-symbol+reloc-jal,high,recomp,
0x01424D10,0x01424D90,GAMECORE,sub_01424D10,is_cliff_rise_ok_camera_place_status,xff-symbol+reloc-jal,high,recomp,
0x01424D90,0x01424DE0,GAMECORE,sub_01424D90,is_cliff_rise_delay_camera_place_status,xff-symbol+reloc-jal,high,recomp,
0x01424DE0,0x01424E40,GAMECORE,sub_01424DE0,act_local_vs_ofst_camera_place_status,xff-symbol+reloc-jal,high,recomp,
0x01424E40,0x01424E90,GAMECORE,sub_01424E40,act_horse_look_at_ofst_decrease_camera_place_status,xff-symbol+reloc-jal,high,recomp,
0x01424E90,0x01424F20,GAMECORE,sub_01424E90,act_look_at_ofst_cut_camera_place_status,xff-symbol+reloc-jal,high,recomp,
0x01424F20,0x01424F38,GAMECORE,sub_01424F20,,reloc-jal,high,recomp,
0x01424F38,0x01425000,GAMECORE,sub_01424F38,,reloc-jal+reloc-j,high,recomp,
0x01425000,0x01425174,GAMECORE,sub_01425000,CAM_doit_slope_cntrl,xff-symbol+reloc-jal,high,recomp,
0x01425178,0x014258D0,GAMECORE,sub_01425178,,reloc-jal,high,recomp,
0x014258D0,0x014259B8,GAMECORE,sub_014258D0,,reloc-jal,high,recomp,
0x014259B8,0x01425A18,GAMECORE,sub_014259B8,CAM_reset_slope_cntrl,xff-symbol+reloc-jal,high,recomp,
0x01425A18,0x01425A24,GAMECORE,sub_01425A18,CAM_get_interp_slope_pitch_ofst,xff-symbol+reloc-jal,high,recomp,
0x01425A28,0x01425B18,GAMECORE,sub_01425A28,,reloc-jal,high,recomp,
0x01425B18,0x01425BF0,GAMECORE,sub_01425B18,,reloc-jal,high,recomp,
0x01425BF0,0x01425C20,GAMECORE,sub_01425BF0,,reloc-jal,high,recomp,
0x01425C20,0x01425C80,GAMECORE,sub_01425C20,,reloc-jal,high,recomp,
0x01425C80,0x01425CE8,GAMECORE,sub_01425C80,,reloc-jal,high,recomp,
0x01425CE8,0x01425D08,GAMECORE,sub_01425CE8,,reloc-jal,high,recomp,
0x01425D08,0x01425D98,GAMECORE,sub_01425D08,,reloc-jal,high,recomp,
0x01425D98,0x01425F1C,GAMECORE,sub_01425D98,doit_camera_target_approach,xff-symbol+reloc-jal,high,recomp,
0x01425F20,0x01425F5C,GAMECORE,sub_01425F20,constructor_camera_target_approach,xff-symbol+reloc-jal,high,recomp,
0x01425F60,0x01425FAC,GAMECORE,sub_01425F60,get_upper_limit_clip_default_pitch_camera_target_approach,xff-symbol+reloc-jal,high,recomp,
0x01425FB0,0x01426000,GAMECORE,sub_01425FB0,is_cut_default_pitch_interp_camera_target_approach,xff-symbol+reloc-jal,high,recomp,
0x01426000,0x01426018,GAMECORE,sub_01426000,reset_pitch_rot_cntrl_camera_target_approach,xff-symbol+reloc-jal+reloc-j,high,recomp,
0x01426018,0x014260DC,GAMECORE,sub_01426018,act_pitch_rot_camera_target_approach,xff-symbol+reloc-jal,high,recomp,
0x014260E0,0x0142625C,GAMECORE,sub_014260E0,act_approach_judge_ray_check_camera_target_approach,xff-symbol+reloc-jal,high,recomp,
0x01426260,0x01426274,GAMECORE,sub_01426260,get_status_camera_target_approach,xff-symbol+reloc-jal,high,recomp,
0x01426278,0x014263A8,GAMECORE,sub_01426278,,reloc-jal,high,recomp,
0x014263A8,0x01426410,GAMECORE,sub_014263A8,,reloc-jal,high,recomp,
0x01426410,0x014265C4,GAMECORE,sub_01426410,doit_camera_target_lost_angle,xff-symbol+reloc-jal,high,recomp,
0x014265C8,0x014265FC,GAMECORE,sub_014265C8,constructor_camera_target_lost_angle,xff-symbol+reloc-jal,high,recomp,
0x01426600,0x01426678,GAMECORE,sub_01426600,get_yaw_pitch_camera_target_lost_angle,xff-symbol+reloc-jal,high,recomp,
0x01426678,0x01426680,GAMECORE,sub_01426678,get_attr_camera_target_lost_angle,xff-symbol+reloc-jal,high,recomp,
0x01426680,0x0142668C,GAMECORE,sub_01426680,is_exist_camera_target_lost_angle,xff-symbol,high,recomp,
0x01426690,0x014266C8,GAMECORE,sub_01426690,,reloc-jal,high,recomp,
0x014266C8,0x01426778,GAMECORE,sub_014266C8,,reloc-jal,high,recomp,
0x01426778,0x01426940,GAMECORE,sub_01426778,,reloc-jal,high,recomp,
0x01426940,0x01426970,GAMECORE,sub_01426940,,reloc-jal,high,recomp,
0x01426970,0x01426A60,GAMECORE,sub_01426970,,reloc-jal,high,recomp,
0x01426A60,0x01426BA0,GAMECORE,sub_01426A60,,reloc-jal,high,recomp,
0x01426BA0,0x01426D08,GAMECORE,sub_01426BA0,,reloc-jal,high,recomp,
0x01426D08,0x01426EA8,GAMECORE,sub_01426D08,,reloc-j,medium,recomp,
0x01426EA8,0x014270D0,GAMECORE,sub_01426EA8,begin_and_update_get_yaw_pitch_camera_target_visible_angle_manager,xff-symbol+reloc-jal,high,recomp,
0x014270D0,0x014270D8,GAMECORE,sub_014270D0,is_exist_camera_target_visible_angle,xff-symbol,high,recomp,
0x014270D8,0x01427114,GAMECORE,sub_014270D8,constructor_camera_target_visible_angle_manager,xff-symbol+reloc-jal,high,recomp,
0x01427118,0x01427188,GAMECORE,sub_01427118,set_parameter_camera_target_visible_angle_manager,xff-symbol+reloc-j,high,recomp,
0x01427188,0x014271E0,GAMECORE,sub_01427188,reset_camera_target_visible_angle_manager,xff-symbol+reloc-j+reloc-jal,high,recomp,
0x014271E0,0x01427258,GAMECORE,sub_014271E0,doit_camera_target_visible_angle_manager,xff-symbol+reloc-j,high,recomp,
0x01427258,0x01427260,GAMECORE,sub_01427258,end_get_yaw_pitch_camera_target_visible_angle_manager,xff-symbol+reloc-jal,high,recomp,
0x01427260,0x014272D0,GAMECORE,sub_01427260,,reloc-jal,high,recomp,
0x014272D0,0x014273D0,GAMECORE,sub_014272D0,,reloc-jal,high,recomp,
0x014273D0,0x014274B8,GAMECORE,sub_014273D0,,reloc-jal,high,recomp,
0x014274B8,0x014274E0,GAMECORE,sub_014274B8,,reloc-la,high,recomp,
0x014274E0,0x014277D8,GAMECORE,sub_014274E0,CAM_get_base_space_posi_and_axisXYZ,xff-symbol+reloc-jal,high,recomp,
0x014277D8,0x01427A1C,GAMECORE,sub_014277D8,CAM_get_warp_position,xff-symbol+reloc-jal,high,recomp,
0x01427A20,0x01427C70,GAMECORE,sub_01427A20,CAM_get_interp_cam_and_look_at_posi,xff-symbol+reloc-jal,high,recomp,
0x01427C70,0x01427FE8,GAMECORE,sub_01427C70,CAM_get_safety_cam_and_look_at_posi,xff-symbol+reloc-jal,high,recomp,
0x01427FE8,0x014282DC,GAMECORE,sub_01427FE8,CAM_doit_aim_angle_rot,xff-symbol+reloc-jal,high,recomp,
0x014282E0,0x01428470,GAMECORE,sub_014282E0,,reloc-jal,high,recomp,
0x01428470,0x014285D8,GAMECORE,sub_01428470,,reloc-jal,high,recomp,
0x014285D8,0x0142880C,GAMECORE,sub_014285D8,CAM_doit_subjective_target_visibility_and_update_cam_data,xff-symbol+reloc-jal,high,recomp,
0x01428810,0x014289F0,GAMECORE,sub_01428810,,reloc-jal,high,recomp,
0x014289F0,0x01428C08,GAMECORE,sub_014289F0,,reloc-jal,high,recomp,
0x01428C08,0x01428D64,GAMECORE,sub_01428C08,CAM_reset_target_offset,xff-symbol+reloc-jal,high,recomp,
0x01428D68,0x01428F70,GAMECORE,sub_01428D68,CAM_doit_target_offset,xff-symbol+reloc-jal,high,recomp,
0x01428F70,0x01429108,GAMECORE,sub_01428F70,,reloc-jal,high,recomp,
0x01429108,0x01429388,GAMECORE,sub_01429108,,reloc-jal,high,recomp,
0x01429388,0x014296F0,GAMECORE,sub_01429388,,reloc-jal,high,recomp,
0x014296F0,0x01429B68,GAMECORE,sub_014296F0,,reloc-jal,high,recomp,
0x01429B68,0x01429F4C,GAMECORE,sub_01429B68,CAM_doit_post_update_new_camera_data_target_offset,xff-symbol+reloc-jal,high,recomp,
0x01429F50,0x0142A160,GAMECORE,sub_01429F50,CAM_doit_view_cut_avoid_cntrl,xff-symbol+reloc-j,high,recomp,
0x0142A160,0x0142A3C0,GAMECORE,sub_0142A160,CAM_doit_obstacle_avoid_cntrl,xff-symbol+reloc-jal,high,recomp,
0x0142A3C0,0x0142A558,GAMECORE,sub_0142A3C0,,reloc-jal,high,recomp,
0x0142A558,0x0142A6D8,GAMECORE,sub_0142A558,CAM_constructor_follow_rot,xff-symbol+reloc-jal,high,recomp,
0x0142A6D8,0x0142A848,GAMECORE,sub_0142A6D8,,reloc-jal,high,recomp,
0x0142A848,0x0142AA60,GAMECORE,sub_0142A848,,reloc-j,medium,recomp,
0x0142AA60,0x0142ABE0,GAMECORE,sub_0142AA60,,reloc-jal,high,recomp,
0x0142ABE0,0x0142ADF0,GAMECORE,sub_0142ABE0,,reloc-jal,high,recomp,
0x0142ADF0,0x0142AE94,GAMECORE,sub_0142ADF0,setAspect,xff-symbol+reloc-la+reloc-jal+reloc-j,high,recomp,
0x0142AE98,0x0142AF4C,GAMECORE,sub_0142AE98,CAM_get_parent_obj_by_base_space,xff-symbol+reloc-jal,high,recomp,
0x0142AF50,0x0142AF90,GAMECORE,sub_0142AF50,CAM_shuffle_lws_base_space_target_boss_interest_axis_X,xff-symbol+reloc-jal,high,recomp,
0x0142AF90,0x0142B014,GAMECORE,sub_0142AF90,CAM_get_yaw_velocity,xff-symbol,high,recomp,
0x0142B018,0x0142B0AC,GAMECORE,sub_0142B018,CAM_get_pitch_velocity,xff-symbol,high,recomp,
0x0142B0B0,0x0142B14C,GAMECORE,sub_0142B0B0,CAM_is_reach_aim_yaw,xff-symbol,high,recomp,
0x0142B150,0x0142B1AC,GAMECORE,sub_0142B150,CAM_is_reach_aim_pitch,xff-symbol,high,recomp,
0x0142B1B0,0x0142B2B0,GAMECORE,sub_0142B1B0,CAM_near_to_aim_yaw,xff-symbol,high,recomp,
0x0142B2B0,0x0142B360,GAMECORE,sub_0142B2B0,CAM_near_to_aim_pitch,xff-symbol,high,recomp,
0x0142B360,0x0142B394,GAMECORE,sub_0142B360,CAM_get_camera_position_by_look_at,xff-symbol+reloc-jal+reloc-j,high,recomp,
0x0142B398,0x0142B4C0,GAMECORE,sub_0142B398,CAM_get_camera_space_axisXY,xff-symbol+reloc-jal,high,recomp,
0x0142B4C0,0x0142B690,GAMECORE,sub_0142B4C0,CAM_get_new_look_at_posi_from_camera_posi_and_rotXY,xff-symbol+reloc-jal,high,recomp,
0x0142B690,0x0142B720,GAMECORE,sub_0142B690,CAM_get_interp_ratio_by_time,xff-symbol+reloc-jal+reloc-j,high,recomp,
0x0142B720,0x0142B77C,GAMECORE,sub_0142B720,CAM_act_ray_check_for_camera,xff-symbol+reloc-jal,high,recomp,
0x0142B780,0x0142B7B0,GAMECORE,sub_0142B780,CAM_add_plane_offset_in_position,xff-symbol+reloc-jal,high,recomp,
0x0142B7B0,0x0142B91C,GAMECORE,sub_0142B7B0,CAM_get_mul_ratio_offset_per_axis,xff-symbol,high,recomp,
0x0142B920,0x0142B954,GAMECORE,sub_0142B920,CAM_copy_camera_base_data,xff-symbol+reloc-jal,high,recomp,
0x0142B958,0x0142B978,GAMECORE,sub_0142B958,CAM_set_all_camera_base_data,xff-symbol+reloc-jal,high,recomp,
0x0142B978,0x0142B984,GAMECORE,sub_0142B978,CAM_interp_reset_aim_rot_common,xff-symbol+reloc-jal,high,recomp,
0x0142B988,0x0142B9A0,GAMECORE,sub_0142B988,CAM_set_clip_max_rot_vel_aim_rot_common,xff-symbol,high,recomp,
0x0142B9A0,0x0142B9A8,GAMECORE,sub_0142B9A0,CAM_set_yaw_shortest_rot_flag_aim_rot_common,xff-symbol,high,recomp,
0x0142B9A8,0x0142B9D4,GAMECORE,sub_0142B9A8,CAM_set_interp_param_aim_rot_common,xff-symbol+reloc-jal,high,recomp,
0x0142B9D8,0x0142BA04,GAMECORE,sub_0142B9D8,CAM_set_interp_param_extend_aim_rot_common,xff-symbol+reloc-jal,high,recomp,
0x0142BA08,0x0142BA10,GAMECORE,sub_0142BA08,CAM_is_inside_of_stop_region_aim_rot_common,xff-symbol,high,recomp,
0x0142BA10,0x0142BAAC,GAMECORE,sub_0142BA10,CAM_init_aim_angle_rot,xff-symbol+reloc-jal+reloc-j,high,recomp,
0x0142BAB0,0x0142BADC,GAMECORE,sub_0142BAB0,CAM_reset_aim_angle_rot,xff-symbol+reloc-j,high,recomp,
0x0142BAE0,0x0142BB0C,GAMECORE,sub_0142BAE0,CAM_is_inside_of_region_aim_angle_rot,xff-symbol+reloc-jal,high,recomp,
0x0142BB10,0x0142BB70,GAMECORE,sub_0142BB10,CAM_constructor_target,xff-symbol+reloc-jal,high,recomp,
0x0142BB70,0x0142BB88,GAMECORE,sub_0142BB70,CAM_destructor_target,xff-symbol+reloc-jal,high,recomp,
0x0142BB88,0x0142BE38,GAMECORE,sub_0142BB88,CAM_doit_target,xff-symbol+reloc-jal,high,recomp,
0x0142BE38,0x0142BE40,GAMECORE,sub_0142BE38,CAM_is_motion_kind_change_target,xff-symbol,high,recomp,
0x0142BE40,0x0142BE58,GAMECORE,sub_0142BE40,CAM_get_motion_kind_interp_timer_target,xff-symbol,high,recomp,
0x0142BE58,0x0142BE70,GAMECORE,sub_0142BE58,CAM_get_motion_kind_interp_ratio_target,xff-symbol+reloc-jal,high,recomp,
0x0142BE70,0x0142BE80,GAMECORE,sub_0142BE70,CAM_motion_kind_is_look_around_motion_target,xff-symbol+reloc-jal,high,recomp,
0x0142BE80,0x0142BE90,GAMECORE,sub_0142BE80,CAM_motion_kind_act_auto_yaw_rot_target,xff-symbol+reloc-jal,high,recomp,
0x0142BE90,0x0142BEA0,GAMECORE,sub_0142BE90,CAM_motion_kind_is_accept_auto_rot_motion_target,xff-symbol+reloc-jal,high,recomp,
0x0142BEA0,0x0142BEAC,GAMECORE,sub_0142BEA0,CAM_motion_kind_is_accept_follow_rot_motion_target,xff-symbol,high,recomp,
0x0142BEB0,0x0142BEF8,GAMECORE,sub_0142BEB0,CAM_get_motion_kind_follow_rot_axis_attr_target,xff-symbol,high,recomp,
0x0142BEF8,0x0142BF08,GAMECORE,sub_0142BEF8,CAM_motion_kind_is_mode_lock_target,xff-symbol,high,recomp,
0x0142BF08,0x0142BF74,GAMECORE,sub_0142BF08,CAM_motion_kind_get_interest_dir_reset_attr_target,xff-symbol+reloc-jal,high,recomp,
0x0142BF78,0x0142BFCC,GAMECORE,sub_0142BF78,CAM_set_target_display_flag,xff-symbol,high,recomp,
0x0142BFD0,0x0142BFD8,GAMECORE,sub_0142BFD0,CAM_get_target_obj,xff-symbol+reloc-jal,high,recomp,
0x0142BFD8,0x0142BFE0,GAMECORE,sub_0142BFD8,CAM_get_target_riding_obj,xff-symbol+reloc-jal,high,recomp,
0x0142BFE0,0x0142BFF8,GAMECORE,sub_0142BFE0,CAM_get_ground_contact_obj,xff-symbol+reloc-jal,high,recomp,
0x0142BFF8,0x0142C094,GAMECORE,sub_0142BFF8,CAM_is_target_float,xff-symbol+reloc-jal,high,recomp,
0x0142C098,0x0142C120,GAMECORE,sub_0142C098,CAM_is_target_fast_moving,xff-symbol+reloc-jal,high,recomp,
0x0142C120,0x0142C19C,GAMECORE,sub_0142C120,CAM_constructor_target_visibility,xff-symbol+reloc-jal,high,recomp,
0x0142C1A0,0x0142C294,GAMECORE,sub_0142C1A0,CAM_doit_objective_target_visibility,xff-symbol+reloc-jal,high,recomp,
0x0142C298,0x0142C2A4,GAMECORE,sub_0142C298,CAM_is_visible_now_target_visibility,xff-symbol+reloc-jal,high,recomp,
0x0142C2A8,0x0142C2B0,GAMECORE,sub_0142C2A8,CAM_is_return_cam_posi_target_visibility,xff-symbol+reloc-jal,high,recomp,
0x0142C2B0,0x0142C2E8,GAMECORE,sub_0142C2B0,CAM_init_camera_warp_cntrl,xff-symbol+reloc-jal+reloc-j,high,recomp,
0x0142C2E8,0x0142C328,GAMECORE,sub_0142C2E8,CAM_reset_camera_warp_cntrl,xff-symbol+reloc-j,high,recomp,
0x0142C328,0x0142C3C0,GAMECORE,sub_0142C328,CAM_doit_camera_warp_cntrl,xff-symbol+reloc-jal,high,recomp,
0x0142C3C0,0x0142C4BC,GAMECORE,sub_0142C3C0,CAM_act_warp_camera_warp_cntrl,xff-symbol+reloc-jal,high,recomp,
0x0142C4C0,0x0142C4CC,GAMECORE,sub_0142C4C0,CAM_set_invisible_warp_apply_range_camera_warp_cntrl,xff-symbol+reloc-jal,high,recomp,
0x0142C4D0,0x0142C4DC,GAMECORE,sub_0142C4D0,CAM_act_warp_order_camera_warp_cntrl,xff-symbol+reloc-jal,high,recomp,
0x0142C4E0,0x0142C668,GAMECORE,sub_0142C4E0,CAM_reset_view_cut_avoid_cntrl,xff-symbol+reloc-jal+reloc-j,high,recomp,
0x0142C668,0x0142C720,GAMECORE,sub_0142C668,CAM_get_update_yaw_by_view_cut_avoid_cntrl,xff-symbol+reloc-jal,high,recomp,
0x0142C720,0x0142C824,GAMECORE,sub_0142C720,CAM_get_update_pitch_by_view_cut_avoid_cntrl,xff-symbol+reloc-jal,high,recomp,
0x0142C828,0x0142C834,GAMECORE,sub_0142C828,CAM_is_acting_view_cut_avoid_cntrl,xff-symbol+reloc-jal,high,recomp,
0x0142C838,0x0142C844,GAMECORE,sub_0142C838,CAM_set_param_view_cut_avoid_cntrl,xff-symbol+reloc-j+reloc-jal,high,recomp,
0x0142C848,0x0142C860,GAMECORE,sub_0142C848,CAM_reset_obstacle_avoid_cntrl,xff-symbol+reloc-jal,high,recomp,
0x0142C860,0x0142C8B4,GAMECORE,sub_0142C860,CAM_is_need_obstacle_avoid_ofst,xff-symbol+reloc-jal,high,recomp,
0x0142C8B8,0x0142C910,GAMECORE,sub_0142C8B8,CAM_act_avoid_rot_obstacle_avoid_cntrl,xff-symbol+reloc-jal,high,recomp,
0x0142C910,0x0142C928,GAMECORE,sub_0142C910,CAM_is_use_obstacle_target_ofst_interp_coe,xff-symbol,high,recomp,
0x0142C928,0x0142C968,GAMECORE,sub_0142C928,CAM_constructor_base_look_at,xff-symbol+reloc-jal,high,recomp,
0x0142C968,0x0142C9D4,GAMECORE,sub_0142C968,CAM_doit_base_look_at,xff-symbol+reloc-jal,high,recomp,
0x0142C9D8,0x0142CA5C,GAMECORE,sub_0142C9D8,CAM_constructor_look_at_spring,xff-symbol+reloc-jal,high,recomp,
0x0142CA60,0x0142CAD4,GAMECORE,sub_0142CA60,CAM_doit_look_at_spring,xff-symbol+reloc-jal,high,recomp,
0x0142CAD8,0x0142CB94,GAMECORE,sub_0142CAD8,CAM_reset_mode_ratio_follow_rot,xff-symbol+reloc-jal,high,recomp,
0x0142CB98,0x0142CC3C,GAMECORE,sub_0142CB98,CAM_doit_follow_rot,xff-symbol+reloc-jal,high,recomp,
0x0142CC40,0x0142CC68,GAMECORE,sub_0142CC40,,reloc-jal,high,recomp,
0x0142CC68,0x0142CC98,GAMECORE,sub_0142CC68,,reloc-jal+reloc-j,high,recomp,
0x0142CC98,0x0142CCA0,GAMECORE,sub_0142CC98,,reloc-jal,high,recomp,
0x0142CCA0,0x0142CD38,GAMECORE,sub_0142CCA0,,reloc-jal,high,recomp,
0x0142CD38,0x0142CDD0,GAMECORE,sub_0142CD38,,reloc-jal,high,recomp,
0x0142CDD0,0x0142CE68,GAMECORE,sub_0142CDD0,,reloc-jal,high,recomp,
0x0142CE68,0x0142CED8,GAMECORE,sub_0142CE68,,reloc-jal,high,recomp,
0x0142CED8,0x0142CFB8,GAMECORE,sub_0142CED8,,reloc-jal,high,recomp,
0x0142CFB8,0x0142D028,GAMECORE,sub_0142CFB8,,reloc-j,medium,recomp,
0x0142D028,0x0142D118,GAMECORE,sub_0142D028,,reloc-jal,high,recomp,
0x0142D118,0x0142D190,GAMECORE,sub_0142D118,,reloc-jal,high,recomp,
0x0142D190,0x0142D1A0,GAMECORE,sub_0142D190,,reloc-jal,high,recomp,
0x0142D1A0,0x0142D1B0,GAMECORE,sub_0142D1A0,,reloc-jal,high,recomp,
0x0142D1B0,0x0142D258,GAMECORE,sub_0142D1B0,,reloc-jal,high,recomp,
0x0142D258,0x0142D280,GAMECORE,sub_0142D258,,reloc-jal,high,recomp,
0x0142D280,0x0142D338,GAMECORE,sub_0142D280,,reloc-jal,high,recomp,
0x0142D338,0x0142D3A0,GAMECORE,sub_0142D338,,reloc-jal,high,recomp,
0x0142D3A0,0x0142D490,GAMECORE,sub_0142D3A0,,reloc-jal,high,recomp,
0x0142D490,0x0142D510,GAMECORE,sub_0142D490,,reloc-j,medium,recomp,
0x0142D510,0x0142D520,GAMECORE,sub_0142D510,,reloc-jal,high,recomp,
0x0142D520,0x0142D5F0,GAMECORE,sub_0142D520,,reloc-jal,high,recomp,
0x0142D5F0,0x0142D678,GAMECORE,sub_0142D5F0,,reloc-jal,high,recomp,
0x0142D678,0x0142D760,GAMECORE,sub_0142D678,,reloc-j,medium,recomp,
0x0142D760,0x0142D7C0,GAMECORE,sub_0142D760,,reloc-jal,high,recomp,
0x0142D7C0,0x0142D8C0,GAMECORE,sub_0142D7C0,,reloc-j,medium,recomp,
0x0142D8C0,0x0142D908,GAMECORE,sub_0142D8C0,,reloc-jal,high,recomp,
0x0142D908,0x0142D928,GAMECORE,sub_0142D908,,reloc-jal,high,recomp,
0x0142D928,0x0142D950,GAMECORE,sub_0142D928,,reloc-jal,high,recomp,
0x0142D950,0x0142D978,GAMECORE,sub_0142D950,,reloc-jal,high,recomp,
0x0142D978,0x0142D9A0,GAMECORE,sub_0142D978,,reloc-jal,high,recomp,
0x0142D9A0,0x0142DA30,GAMECORE,sub_0142D9A0,,reloc-jal+reloc-j,high,recomp,
0x0142DA30,0x0142DB00,GAMECORE,sub_0142DA30,,reloc-jal,high,recomp,
0x0142DB00,0x0142DCB8,GAMECORE,sub_0142DB00,,reloc-jal,high,recomp,
0x0142DCB8,0x0142DD30,GAMECORE,sub_0142DCB8,,reloc-jal,high,recomp,
0x0142DD30,0x0142DE38,GAMECORE,sub_0142DD30,,reloc-jal,high,recomp,
0x0142DE38,0x0142DF30,GAMECORE,sub_0142DE38,,reloc-jal,high,recomp,
0x0142DF30,0x0142E158,GAMECORE,sub_0142DF30,doit_camera_view_angle_cntrl,xff-symbol+reloc-jal,high,recomp,
0x0142E158,0x0142E1C4,GAMECORE,sub_0142E158,constructor_camera_view_angle_cntrl,xff-symbol+reloc-jal,high,recomp,
0x0142E1C8,0x0142E1D0,GAMECORE,sub_0142E1C8,get_view_angle_camera_view_angle_cntrl,xff-symbol+reloc-jal,high,recomp,
0x0142E1D0,0x0142E200,GAMECORE,sub_0142E1D0,,reloc-jal,high,recomp,
0x0142E200,0x0142E3C8,GAMECORE,sub_0142E200,,reloc-jal,high,recomp,
0x0142E3C8,0x0142E4A8,GAMECORE,sub_0142E3C8,create_cameraman,xff-symbol+reloc-jal,high,recomp,
0x0142E4A8,0x0142E57C,GAMECORE,sub_0142E4A8,doit_cameraman,xff-symbol+reloc-jal,high,recomp,
0x0142E580,0x0142E588,GAMECORE,sub_0142E580,get_camera_obj,xff-symbol+reloc-jal+reloc-j,high,recomp,
0x0142E588,0x0142E590,GAMECORE,sub_0142E588,set_camera_mode,xff-symbol,high,recomp,
0x0142E590,0x0142E598,GAMECORE,sub_0142E590,get_cur_camera_mode,xff-symbol+reloc-jal,high,recomp,
0x0142E598,0x0142E660,GAMECORE,sub_0142E598,get_camera_mode_name,xff-symbol,high,recomp,
0x0142E660,0x0142E668,GAMECORE,sub_0142E660,get_camera_target_group,xff-symbol+reloc-jal,high,recomp,
0x0142E668,0x0142E670,GAMECORE,sub_0142E668,get_camera_move_collision_group,xff-symbol+reloc-jal,high,recomp,
0x0142E670,0x0142E678,GAMECORE,sub_0142E670,get_camera_visible_collision_group,xff-symbol+reloc-jal,high,recomp,
0x0142E678,0x0142E680,GAMECORE,sub_0142E678,get_player_collision_group_cameraman,xff-symbol+reloc-jal,high,recomp,
0x0142E680,0x0142E688,GAMECORE,sub_0142E680,get_lws_animation_collision_group_cameraman,xff-symbol,high,recomp,
0x0142E688,0x0142E690,GAMECORE,sub_0142E688,get_game_camera,xff-symbol+reloc-jal,high,recomp,
0x0142E690,0x0142E698,GAMECORE,sub_0142E690,get_cur_camera_target,xff-symbol+reloc-jal+reloc-j,high,recomp,
0x0142E698,0x0142E6A0,GAMECORE,sub_0142E698,get_game_camera_WV_matrix,xff-symbol,high,recomp,
0x0142E6A0,0x0142E6AC,GAMECORE,sub_0142E6A0,is_game_camera_mode_now,xff-symbol,high,recomp,
0x0142E6B0,0x0142E6C4,GAMECORE,sub_0142E6B0,is_camera_target_change,xff-symbol+reloc-jal,high,recomp,
0x0142E6C8,0x0142E6D0,GAMECORE,sub_0142E6C8,is_camera_target_debug_move,xff-symbol+reloc-jal,high,recomp,
0x0142E6D0,0x0142E6F0,GAMECORE,sub_0142E6D0,change_camera_target,xff-symbol+reloc-jal,high,recomp,
0x0142E6F0,0x0142E72C,GAMECORE,sub_0142E6F0,change_to_player_camera_target,xff-symbol,high,recomp,
0x0142E730,0x0142E7A4,GAMECORE,sub_0142E730,set_camera_parameter_cameraman,xff-symbol+reloc-jal,high,recomp,
0x0142E7A8,0x0142E824,GAMECORE,sub_0142E7A8,set_camera_parameter_and_update_cameraman,xff-symbol,high,recomp,
0x0142E828,0x0142E8BC,GAMECORE,sub_0142E828,get_camera_parameter_cameraman,xff-symbol+reloc-jal,high,recomp,
0x0142E8C0,0x0142E90C,GAMECORE,sub_0142E8C0,check_free_cameraman,xff-symbol,high,recomp,
0x0142E910,0x0142E9A8,GAMECORE,sub_0142E910,,reloc-jal,high,recomp,
0x0142E9A8,0x0142E9B0,GAMECORE,sub_0142E9A8,,reloc-jal,high,recomp,
0x0142E9B0,0x0142E9B8,GAMECORE,sub_0142E9B0,,reloc-jal,high,recomp,
0x0142E9B8,0x0142EA30,GAMECORE,sub_0142E9B8,,reloc-jal,high,recomp,
0x0142EA30,0x0142EA38,GAMECORE,sub_0142EA30,,reloc-j,medium,recomp,
0x0142EA38,0x0142EAAC,GAMECORE,sub_0142EA38,init_cameraman_manager,xff-symbol+reloc-jal,high,recomp,
0x0142EAB0,0x0142EB9C,GAMECORE,sub_0142EAB0,doit_cameraman_manager,xff-symbol+reloc-jal,high,recomp,
0x0142EBA0,0x0142EBBC,GAMECORE,sub_0142EBA0,get_main_cameraman,xff-symbol+reloc-jal,high,recomp,
0x0142EBC0,0x0142EBEC,GAMECORE,sub_0142EBC0,get_main_cameraman_camera_obj,xff-symbol+reloc-jal,high,recomp,
0x0142EBF0,0x0142EC24,GAMECORE,sub_0142EBF0,get_cameraman,xff-symbol,high,recomp,
0x0142EC28,0x0142EC5C,GAMECORE,sub_0142EC28,get_cameraman_camera_obj,xff-symbol,high,recomp,
0x0142EC60,0x0142ECB0,GAMECORE,sub_0142EC60,employ_cameraman,xff-symbol+reloc-jal,high,recomp,
0x0142ECB0,0x0142ECDC,GAMECORE,sub_0142ECB0,change_main_cameraman,xff-symbol+reloc-j,high,recomp,
0x0142ECE0,0x0142ECEC,GAMECORE,sub_0142ECE0,get_main_cameraman_id,xff-symbol,high,recomp,
0x0142ECF0,0x0142ED04,GAMECORE,sub_0142ECF0,is_main_cameraman_exist,xff-symbol,high,recomp,
0x0142ED08,0x0142ED14,GAMECORE,sub_0142ED08,get_total_cameraman,xff-symbol,high,recomp,
0x0142ED18,0x0142ED20,GAMECORE,sub_0142ED18,get_max_cameraman,xff-symbol,high,recomp,
0x0142ED20,0x0142ED28,GAMECORE,sub_0142ED20,,reloc-jal,high,recomp,
0x0142ED28,0x0142F400,GAMECORE,sub_0142ED28,doit_debug_camera,xff-symbol,high,recomp,
0x0142F400,0x0142F820,GAMECORE,sub_0142F400,DebugGetCameraWithManual,xff-symbol+reloc-jal+reloc-j,high,recomp,
0x0142F820,0x0142FC50,GAMECORE,sub_0142F820,,reloc-jal,high,recomp,
0x0142FC50,0x0142FE58,GAMECORE,sub_0142FC50,,reloc-jal,high,recomp,
0x0142FE58,0x0142FE80,GAMECORE,sub_0142FE58,update_debug_camera_yaw_pitch,xff-symbol,high,recomp,
0x0142FE80,0x0142FE8C,GAMECORE,sub_0142FE80,get_debug_camera_view_angle,xff-symbol,high,recomp,
0x0142FE90,0x0142FE9C,GAMECORE,sub_0142FE90,get_debug_camera_view_angle_pointer,xff-symbol,high,recomp,
0x0142FEA0,0x0142FEAC,GAMECORE,sub_0142FEA0,is_disp_game_camera_model_ok,xff-symbol,high,recomp,
0x0142FEB0,0x0142FEBC,GAMECORE,sub_0142FEB0,is_disp_game_camera_model_ok_pointer,xff-symbol,high,recomp,
0x0142FEC0,0x0142FECC,GAMECORE,sub_0142FEC0,get_debug_camera_dist_to_look_at_pointer,xff-symbol,high,recomp,
0x0142FED0,0x0142FEE4,GAMECORE,sub_0142FED0,set_debug_camera_move_diff,xff-symbol+reloc-jal,high,recomp,
0x0142FEE8,0x0142FF10,GAMECORE,sub_0142FEE8,,reloc-jal,high,recomp,
0x0142FF10,0x01430220,GAMECORE,sub_0142FF10,check_and_boot_boss_subjective_camera_lws_animation,xff-symbol+reloc-jal,high,recomp,
0x01430220,0x014302F0,GAMECORE,sub_01430220,constructor_game_camera,xff-symbol+reloc-jal,high,recomp,
0x014302F0,0x01430568,GAMECORE,sub_014302F0,,reloc-j,medium,recomp,
0x01430568,0x01430910,GAMECORE,sub_01430568,,reloc-jal,high,recomp,
0x01430910,0x01430B88,GAMECORE,sub_01430910,,reloc-jal,high,recomp,
0x01430B88,0x01430DE0,GAMECORE,sub_01430B88,,reloc-jal,high,recomp,
0x01430DE0,0x014310B8,GAMECORE,sub_01430DE0,,reloc-jal,high,recomp,
0x014310B8,0x01431400,GAMECORE,sub_014310B8,,reloc-jal,high,recomp,
0x01431400,0x01431718,GAMECORE,sub_01431400,,reloc-jal,high,recomp,
0x01431718,0x014317E8,GAMECORE,sub_01431718,,reloc-jal,high,recomp,
0x014317E8,0x01431AB0,GAMECORE,sub_014317E8,,reloc-jal,high,recomp,
0x01431AB0,0x01431C90,GAMECORE,sub_01431AB0,,reloc-jal,high,recomp,
0x01431C90,0x01432090,GAMECORE,sub_01431C90,,reloc-jal,high,recomp,
0x01432090,0x014321A8,GAMECORE,sub_01432090,,reloc-jal,high,recomp,
0x014321A8,0x01432348,GAMECORE,sub_014321A8,,reloc-jal,high,recomp,
0x01432348,0x01432568,GAMECORE,sub_01432348,,reloc-jal,high,recomp,
0x01432568,0x01432760,GAMECORE,sub_01432568,,reloc-j,medium,recomp,
0x01432760,0x01432E00,GAMECORE,sub_01432760,,reloc-j,medium,recomp,
0x01432E00,0x014332E0,GAMECORE,sub_01432E00,,reloc-jal,high,recomp,
0x014332E0,0x01433950,GAMECORE,sub_014332E0,,reloc-jal,high,recomp,
0x01433950,0x01433C88,GAMECORE,sub_01433950,,reloc-j,medium,recomp,
0x01433C88,0x01433E20,GAMECORE,sub_01433C88,,reloc-j,medium,recomp,
0x01433E20,0x01433F88,GAMECORE,sub_01433E20,,reloc-jal,high,recomp,
0x01433F88,0x014342A0,GAMECORE,sub_01433F88,,reloc-j,medium,recomp,
0x014342A0,0x014345B0,GAMECORE,sub_014342A0,,reloc-j,medium,recomp,
0x014345B0,0x01434708,GAMECORE,sub_014345B0,,reloc-j,medium,recomp,
0x01434708,0x01434C88,GAMECORE,sub_01434708,,reloc-j,medium,recomp,
0x01434C88,0x01434E48,GAMECORE,sub_01434C88,,reloc-j,medium,recomp,
0x01434E48,0x01434FA8,GAMECORE,sub_01434E48,,reloc-jal,high,recomp,
0x01434FA8,0x01435148,GAMECORE,sub_01434FA8,,reloc-jal,high,recomp,
0x01435148,0x01435370,GAMECORE,sub_01435148,,reloc-j,medium,recomp,
0x01435370,0x01435900,GAMECORE,sub_01435370,,reloc-jal,high,recomp,
0x01435900,0x01435BB0,GAMECORE,sub_01435900,,reloc-jal,high,recomp,
0x01435BB0,0x01435E30,GAMECORE,sub_01435BB0,,reloc-jal,high,recomp,
0x01435E30,0x01436168,GAMECORE,sub_01435E30,,reloc-j,medium,recomp,
0x01436168,0x01436460,GAMECORE,sub_01436168,,reloc-jal,high,recomp,
0x01436460,0x014364A4,GAMECORE,sub_01436460,constructor_mode_common_camera_data,xff-symbol,high,recomp,
0x014364A8,0x014364DC,GAMECORE,sub_014364A8,copy_mode_common_camera_data,xff-symbol+reloc-jal,high,recomp,
0x014364E0,0x0143652C,GAMECORE,sub_014364E0,update_by_yaw_pitch_mode_common_camera_data,xff-symbol+reloc-jal,high,recomp,
0x01436530,0x014365B4,GAMECORE,sub_01436530,update_by_cam_and_look_at_posi_mode_common_camera_data,xff-symbol+reloc-jal,high,recomp,
0x014365B8,0x014365D0,GAMECORE,sub_014365B8,flush_game_camera,xff-symbol+reloc-jal,high,recomp,
0x014365D0,0x0143668C,GAMECORE,sub_014365D0,doit_game_camera,xff-symbol+reloc-jal,high,recomp,
0x01436690,0x0143669C,GAMECORE,sub_01436690,reset_game_camera,xff-symbol+reloc-jal+reloc-j,high,recomp,
0x014366A0,0x014366A8,GAMECORE,sub_014366A0,get_game_camera_cur_mode,xff-symbol+reloc-jal,high,recomp,
0x014366A8,0x014366C8,GAMECORE,sub_014366A8,is_reset_or_lws_movie_game_camera,xff-symbol+reloc-jal,high,recomp,
0x014366C8,0x01436724,GAMECORE,sub_014366C8,is_reset_or_lws_movie_or_cutout_game_camera,xff-symbol+reloc-jal,high,recomp,
0x01436728,0x014367AC,GAMECORE,sub_01436728,is_reset_or_lws_fixed_point_or_lws_movie_or_cutout_game_camera,xff-symbol+reloc-jal,high,recomp,
0x014367B0,0x014367E0,GAMECORE,sub_014367B0,get_cur_using_lws_anime_mode_base_class,xff-symbol+reloc-jal,high,recomp,
0x014367E0,0x014367EC,GAMECORE,sub_014367E0,get_look_at_position_game_camera,xff-symbol+reloc-jal,high,recomp,
0x014367F0,0x014367FC,GAMECORE,sub_014367F0,jack_game_camera,xff-symbol,high,recomp,
0x01436800,0x01436818,GAMECORE,sub_01436800,end_jack_game_camera,xff-symbol,high,recomp,
0x01436818,0x0143685C,GAMECORE,sub_01436818,begin_pause_rise_game_camera,xff-symbol+reloc-jal,high,recomp,
0x01436860,0x01436880,GAMECORE,sub_01436860,request_end_pause_rise_game_camera,xff-symbol+reloc-jal,high,recomp,
0x01436880,0x01436898,GAMECORE,sub_01436880,is_end_pause_rise_game_camera,xff-symbol+reloc-jal,high,recomp,
0x01436898,0x014368A0,GAMECORE,sub_01436898,is_game_camera_standby_ok,xff-symbol,high,recomp,
0x014368A0,0x014368A8,GAMECORE,sub_014368A0,reset_game_camera_standby_flag,xff-symbol+reloc-j,high,recomp,
0x014368A8,0x014368B0,GAMECORE,sub_014368A8,set_object_interest_mode_target_game_camera,xff-symbol+reloc-jal,high,recomp,
0x014368B0,0x014368B8,GAMECORE,sub_014368B0,get_object_interest_mode_target_game_camera,xff-symbol+reloc-jal,high,recomp,
0x014368B8,0x014368C4,GAMECORE,sub_014368B8,begin_object_interest_game_camera,xff-symbol+reloc-j,high,recomp,
0x014368C8,0x014368D0,GAMECORE,sub_014368C8,end_object_interest_game_camera,xff-symbol+reloc-jal,high,recomp,
0x014368D0,0x01436908,GAMECORE,sub_014368D0,is_proper_camera_target_game_camera,xff-symbol,high,recomp,
0x01436908,0x01436924,GAMECORE,sub_01436908,is_hit_leave_plane_game_camera,xff-symbol+reloc-jal,high,recomp,
0x01436928,0x01436968,GAMECORE,sub_01436928,is_playing_lws_movie_now_game_camera,xff-symbol+reloc-j+reloc-jal,high,recomp,
0x01436968,0x01436974,GAMECORE,sub_01436968,get_look_lws_anime_camera_flag,xff-symbol,high,recomp,
0x01436978,0x01436990,GAMECORE,sub_01436978,get_cur_using_camera_mode_condition_param_game_camera,xff-symbol,high,recomp,
0x01436990,0x014369A8,GAMECORE,sub_01436990,get_cur_using_camera_mode_manager_param_game_camera,xff-symbol,high,recomp,
0x014369A8,0x01436B10,GAMECORE,sub_014369A8,get_snipe_position_decide_parameter_game_camera,xff-symbol+reloc-jal,high,recomp,
0x01436B10,0x01436B18,GAMECORE,sub_01436B10,begin_check_and_boot_boss_subjective_camera_lws_animation,xff-symbol+reloc-jal,high,recomp,
0x01436B18,0x01436B4C,GAMECORE,sub_01436B18,end_check_and_boot_boss_subjective_camera_lws_animation,xff-symbol+reloc-jal,high,recomp,
0x01436B50,0x01436B5C,GAMECORE,sub_01436B50,begin_stream_lws_movie_playing_game_camera,xff-symbol+reloc-jal,high,recomp,
0x01436B60,0x01436B68,GAMECORE,sub_01436B60,end_stream_lws_movie_playing_game_camera,xff-symbol+reloc-jal,high,recomp,
0x01436B68,0x01436BEC,GAMECORE,sub_01436B68,compel_end_lws_movie_mode_game_camera,xff-symbol+reloc-jal,high,recomp,
0x01436BF0,0x01436C28,GAMECORE,sub_01436BF0,get_boss_interest_position_game_camera,xff-symbol+reloc-jal,high,recomp,
0x01436C28,0x01436C60,GAMECORE,sub_01436C28,get_object_interest_position_game_camera,xff-symbol,high,recomp,
0x01436C60,0x01436D68,GAMECORE,sub_01436C60,is_boss_interest_mode_game_camera,xff-symbol+reloc-jal,high,recomp,
0x01436D68,0x01436D94,GAMECORE,sub_01436D68,is_mode_change_game_camera,xff-symbol,high,recomp,
0x01436D98,0x01436DC4,GAMECORE,sub_01436D98,is_view_angle_zoom_game_camera,xff-symbol+reloc-jal,high,recomp,
0x01436DC8,0x01436DE8,GAMECORE,sub_01436DC8,is_view_angle_exist_lws_anime_mode_base,xff-symbol+reloc-jal,high,recomp,
0x01436DE8,0x01436E1C,GAMECORE,sub_01436DE8,get_view_angle_lws_anime_mode_base,xff-symbol+reloc-j,high,recomp,
0x01436E20,0x01436E6C,GAMECORE,sub_01436E20,add_camera_mode_common_param_segment,xff-symbol,high,recomp,
0x01436E70,0x01436EDC,GAMECORE,sub_01436E70,add_camera_mode_manager_segment,xff-symbol,high,recomp,
0x01436EE0,0x01436EE8,GAMECORE,sub_01436EE0,free_camera_mode_manager_segment,xff-symbol,high,recomp,
0x01436EE8,0x01436F1C,GAMECORE,sub_01436EE8,get_boss_subjective_camera_lws_animation_param,xff-symbol+reloc-jal,high,recomp,
0x01436F20,0x01436F2C,GAMECORE,sub_01436F20,getBossInterestKey,xff-symbol+reloc-jal,high,recomp,
0x01436F30,0x01436F3C,GAMECORE,sub_01436F30,getInterestKey,xff-symbol+reloc-jal,high,recomp,
0x01436F40,0x01436F4C,GAMECORE,sub_01436F40,getZoomKey,xff-symbol+reloc-jal,high,recomp,
0x01436F50,0x01436F5C,GAMECORE,sub_01436F50,setBossInterestKey,xff-symbol+reloc-j+reloc-jal,high,recomp,
0x01436F60,0x01436F6C,GAMECORE,sub_01436F60,setInterestKey,xff-symbol+reloc-jal,high,recomp,
0x01436F70,0x01436F7C,GAMECORE,sub_01436F70,setZoomKey,xff-symbol+reloc-jal,high,recomp,
0x01436F80,0x01436FA8,GAMECORE,sub_01436F80,,reloc-jal+reloc-j,high,recomp,
0x01436FA8,0x01436FD4,GAMECORE,sub_01436FA8,is_lws_fixed_point_mode,xff-symbol,high,recomp,
0x01436FD8,0x01437004,GAMECORE,sub_01436FD8,is_lws_movie_mode_game_camera,xff-symbol,high,recomp,
0x01437008,0x01437028,GAMECORE,sub_01437008,,reloc-jal,high,recomp,
0x01437028,0x01437030,GAMECORE,sub_01437028,,reloc-jal,high,recomp,
0x01437030,0x01437088,GAMECORE,sub_01437030,,reloc-jal,high,recomp,
0x01437088,0x01437100,GAMECORE,sub_01437088,,reloc-jal,high,recomp,
0x01437100,0x01437198,GAMECORE,sub_01437100,,reloc-jal,high,recomp,
0x01437198,0x01437238,GAMECORE,sub_01437198,,reloc-jal,high,recomp,
0x01437238,0x014372F0,GAMECORE,sub_01437238,,reloc-jal,high,recomp,
0x014372F0,0x01437310,GAMECORE,sub_014372F0,,reloc-jal,high,recomp,
0x01437310,0x01437328,GAMECORE,sub_01437310,,reloc-jal,high,recomp,
0x01437328,0x01437340,GAMECORE,sub_01437328,,reloc-jal,high,recomp,
0x01437340,0x01437380,GAMECORE,sub_01437340,,reloc-j,medium,recomp,
0x01437380,0x014373B8,GAMECORE,sub_01437380,,reloc-j,medium,recomp,
0x014373B8,0x014373F8,GAMECORE,sub_014373B8,,reloc-jal,high,recomp,
0x014373F8,0x01437438,GAMECORE,sub_014373F8,,reloc-jal,high,recomp,
0x01437438,0x014374A8,GAMECORE,sub_01437438,,reloc-jal,high,recomp,
0x014374A8,0x01437538,GAMECORE,sub_014374A8,,reloc-jal,high,recomp,
0x01437538,0x01437550,GAMECORE,sub_01437538,,reloc-jal,high,recomp,
0x01437550,0x014375A0,GAMECORE,sub_01437550,,reloc-jal,high,recomp,
0x014375A0,0x01437608,GAMECORE,sub_014375A0,,reloc-jal,high,recomp,
0x01437608,0x014376F0,GAMECORE,sub_01437608,,reloc-jal,high,recomp,
0x014376F0,0x014377F8,GAMECORE,sub_014376F0,,reloc-jal,high,recomp,
0x014377F8,0x01437868,GAMECORE,sub_014377F8,,reloc-jal,high,recomp,
0x01437868,0x01437980,GAMECORE,sub_01437868,,reloc-jal,high,recomp,
0x01437980,0x01437A98,GAMECORE,sub_01437980,,reloc-jal,high,recomp,
0x01437A98,0x01437AD0,GAMECORE,sub_01437A98,,reloc-jal,high,recomp,
0x01437AD0,0x01437AD8,GAMECORE,sub_01437AD0,,reloc-jal,high,recomp,
0x01437AD8,0x01437B20,GAMECORE,sub_01437AD8,,reloc-jal,high,recomp,
0x01437B20,0x01437B30,GAMECORE,sub_01437B20,,reloc-jal,high,recomp,
0x01437B30,0x01437B38,GAMECORE,sub_01437B30,,reloc-jal,high,recomp,
0x01437B38,0x01437B40,GAMECORE,sub_01437B38,,reloc-jal,high,recomp,
0x01437B40,0x01437BE8,GAMECORE,sub_01437B40,,reloc-jal,high,recomp,
0x01437BE8,0x01437BF0,GAMECORE,sub_01437BE8,,reloc-jal,high,recomp,
0x01437BF0,0x01437C98,GAMECORE,sub_01437BF0,,reloc-jal,high,recomp,
0x01437C98,0x01437D40,GAMECORE,sub_01437C98,,reloc-jal,high,recomp,
0x01437D40,0x01437DF0,GAMECORE,sub_01437D40,,reloc-j,medium,recomp,
0x01437DF0,0x01437E60,GAMECORE,sub_01437DF0,,reloc-j,medium,recomp,
0x01437E60,0x01437ED8,GAMECORE,sub_01437E60,,reloc-j,medium,recomp,
0x01437ED8,0x01437F78,GAMECORE,sub_01437ED8,,reloc-j,medium,recomp,
0x01437F78,0x01438090,GAMECORE,sub_01437F78,,reloc-j,medium,recomp,
0x01438090,0x01438198,GAMECORE,sub_01438090,,reloc-j,medium,recomp,
0x01438198,0x014381E0,GAMECORE,sub_01438198,,reloc-j,medium,recomp,
0x014381E0,0x01438228,GAMECORE,sub_014381E0,,reloc-j,medium,recomp,
0x01438228,0x01438250,GAMECORE,sub_01438228,,reloc-jal,high,recomp,
0x01438250,0x01438288,GAMECORE,sub_01438250,,reloc-jal,high,recomp,
0x01438288,0x014382B0,GAMECORE,sub_01438288,,reloc-jal,high,recomp,
0x014382B0,0x01438398,GAMECORE,sub_014382B0,,reloc-jal,high,recomp,
0x01438398,0x014383A0,GAMECORE,sub_01438398,,reloc-jal,high,recomp,
0x014383A0,0x014383A8,GAMECORE,sub_014383A0,,reloc-jal,high,recomp,
0x014383A8,0x01438460,GAMECORE,sub_014383A8,,reloc-jal,high,recomp,
0x01438460,0x014384D8,GAMECORE,sub_01438460,,reloc-jal,high,recomp,
0x014384D8,0x01438580,GAMECORE,sub_014384D8,,reloc-jal,high,recomp,
0x01438580,0x01438708,GAMECORE,sub_01438580,,reloc-jal,high,recomp,
0x01438708,0x014387C0,GAMECORE,sub_01438708,,reloc-jal,high,recomp,
0x014387C0,0x014388A8,GAMECORE,sub_014387C0,,reloc-jal,high,recomp,
0x014388A8,0x01438998,GAMECORE,sub_014388A8,,reloc-jal,high,recomp,
0x01438998,0x014389E0,GAMECORE,sub_01438998,,reloc-jal,high,recomp,
0x014389E0,0x01438A50,GAMECORE,sub_014389E0,,reloc-jal,high,recomp,
0x01438A50,0x01438AB0,GAMECORE,sub_01438A50,,reloc-jal,high,recomp,
0x01438AB0,0x01438AF0,GAMECORE,sub_01438AB0,,reloc-jal,high,recomp,
0x01438AF0,0x01438BE0,GAMECORE,sub_01438AF0,,reloc-jal,high,recomp,
0x01438BE0,0x01438C88,GAMECORE,sub_01438BE0,,reloc-jal,high,recomp,
0x01438C88,0x01438D28,GAMECORE,sub_01438C88,,reloc-jal,high,recomp,
0x01438D28,0x01439358,GAMECORE,sub_01438D28,,reloc-jal,high,recomp,
0x01439358,0x01439BF0,GAMECORE,sub_01439358,,reloc-jal+reloc-j,high,recomp,
0x01439BF0,0x01439DA0,GAMECORE,sub_01439BF0,doit_game_camera_param_manager,xff-symbol+reloc-jal,high,recomp,
0x01439DA0,0x0143A0D4,GAMECORE,sub_01439DA0,get_best_mode_manager,xff-symbol+reloc-jal,high,recomp,
0x0143A0D8,0x0143A3B0,GAMECORE,sub_0143A0D8,,reloc-jal,high,recomp,
0x0143A3B0,0x0143A550,GAMECORE,sub_0143A3B0,,reloc-jal,high,recomp,
0x0143A550,0x0143AF78,GAMECORE,sub_0143A550,,reloc-jal,high,recomp,
0x0143AF78,0x0143B440,GAMECORE,sub_0143AF78,,reloc-jal,high,recomp,
0x0143B440,0x0143B868,GAMECORE,sub_0143B440,,reloc-jal,high,recomp,
0x0143B868,0x0143C0D0,GAMECORE,sub_0143B868,,reloc-jal,high,recomp,
0x0143C0D0,0x0143C9A8,GAMECORE,sub_0143C0D0,,reloc-jal,high,recomp,
0x0143C9A8,0x0143D280,GAMECORE,sub_0143C9A8,,reloc-jal,high,recomp,
0x0143D280,0x0143D5F0,GAMECORE,sub_0143D280,,reloc-jal,high,recomp,
0x0143D5F0,0x0143D9D0,GAMECORE,sub_0143D5F0,get_game_camera_mode_local_parameter,xff-symbol+reloc-jal,high,recomp,
0x0143D9D0,0x0143DA1C,GAMECORE,sub_0143D9D0,constructor_game_camera_param_manager,xff-symbol+reloc-jal,high,recomp,
0x0143DA20,0x0143DA28,GAMECORE,sub_0143DA20,get_cur_base_mode_condition_game_camera_param_manager,xff-symbol+reloc-j,high,recomp,
0x0143DA28,0x0143DA30,GAMECORE,sub_0143DA28,get_cur_base_mode_manager_game_camera_param_manager,xff-symbol+reloc-j,high,recomp,
0x0143DA30,0x0143DA38,GAMECORE,sub_0143DA30,is_base_mode_manager_update_game_camera_param_manager,xff-symbol+reloc-jal,high,recomp,
0x0143DA38,0x0143DA40,GAMECORE,sub_0143DA38,get_interp_game_camera_param_game_camera_param_manager,xff-symbol+reloc-jal,high,recomp,
0x0143DA40,0x0143DA5C,GAMECORE,sub_0143DA40,get_interp_time_game_camera_param_manager,xff-symbol+reloc-jal,high,recomp,
0x0143DA60,0x0143DAB4,GAMECORE,sub_0143DA60,get_interp_ratio_game_camera_param_manager,xff-symbol+reloc-jal,high,recomp,
0x0143DAB8,0x0143DB60,GAMECORE,sub_0143DAB8,is_base_default_dir_attr_change_game_camera_param_manager,xff-symbol+reloc-jal,high,recomp,
0x0143DB60,0x0143DB84,GAMECORE,sub_0143DB60,act_camera_cutout_game_camera_param_manager,xff-symbol+reloc-jal,high,recomp,
0x0143DB88,0x0143DB90,GAMECORE,sub_0143DB88,drop_camera_cutout_flag_game_camera_param_manager,xff-symbol+reloc-jal,high,recomp,
0x0143DB90,0x0143DB9C,GAMECORE,sub_0143DB90,constructor_game_camera_param_update_data_manager,xff-symbol+reloc-jal,high,recomp,
0x0143DBA0,0x0143DC44,GAMECORE,sub_0143DBA0,reset_game_camera_param_update_data_manager,xff-symbol+reloc-jal,high,recomp,
0x0143DC48,0x0143DCB0,GAMECORE,sub_0143DC48,set_update_data_game_camera_param_update_data_manager,xff-symbol+reloc-jal,high,recomp,
0x0143DCB0,0x0143DCCC,GAMECORE,sub_0143DCB0,is_already_set_game_camera_param_update_data_manager,xff-symbol+reloc-jal,high,recomp,
0x0143DCD0,0x0143DD3C,GAMECORE,sub_0143DCD0,constructor_game_camera_mode_local_parameter,xff-symbol+reloc-jal,high,recomp,
0x0143DD40,0x0143DD54,GAMECORE,sub_0143DD40,get_mode_common_data_filter_base_dist_to_look_at,xff-symbol+reloc-jal,high,recomp,
0x0143DD58,0x0143DE48,GAMECORE,sub_0143DD58,,reloc-jal+reloc-j,high,recomp,
0x0143DE48,0x0143DEE8,GAMECORE,sub_0143DE48,,reloc-jal,high,recomp,
0x0143DEE8,0x0143E0B8,GAMECORE,sub_0143DEE8,,reloc-jal,high,recomp,
0x0143E0B8,0x0143E108,GAMECORE,sub_0143E0B8,,reloc-jal,high,recomp,
0x0143E108,0x0143E188,GAMECORE,sub_0143E108,,reloc-jal,high,recomp,
0x0143E188,0x0143E1C8,GAMECORE,sub_0143E188,,reloc-jal,high,recomp,
0x0143E1C8,0x0143E240,GAMECORE,sub_0143E1C8,,reloc-jal,high,recomp,
0x0143E240,0x0143E5DC,GAMECORE,sub_0143E240,initISysPathObj,xff-symbol+reloc-jal,high,recomp,
0x0143E5E0,0x0143E7AC,GAMECORE,sub_0143E5E0,createUserPathWork,xff-symbol+reloc-jal,high,recomp,
0x0143E7B0,0x0143EFC4,GAMECORE,sub_0143E7B0,updateUserPathWork,xff-symbol+reloc-jal,high,recomp,
0x0143EFC8,0x0143F35C,GAMECORE,sub_0143EFC8,chkAttainExecOffsetData,xff-symbol+reloc-jal+reloc-j,high,recomp,
0x0143F360,0x0143F5B4,GAMECORE,sub_0143F360,execPointListSort,xff-symbol+reloc-jal,high,recomp,
0x0143F5B8,0x0143F890,GAMECORE,sub_0143F5B8,getNearPoint,xff-symbol+reloc-jal,high,recomp,
0x0143F890,0x0143FE00,GAMECORE,sub_0143F890,,reloc-jal,high,recomp,
0x0143FE00,0x01440208,GAMECORE,sub_0143FE00,,reloc-jal,high,recomp,
0x01440208,0x01440660,GAMECORE,sub_01440208,,reloc-jal,high,recomp,
0x01440660,0x01440978,GAMECORE,sub_01440660,,reloc-jal,high,recomp,
0x01440978,0x01440E00,GAMECORE,sub_01440978,,reloc-jal,high,recomp,
0x01440E00,0x01441300,GAMECORE,sub_01440E00,,reloc-jal,high,recomp,
0x01441300,0x01441478,GAMECORE,sub_01441300,updatePathInfo,xff-symbol+reloc-jal,high,recomp,
0x01441478,0x014415A0,GAMECORE,sub_01441478,,reloc-jal,high,recomp,
0x014415A0,0x0144196C,GAMECORE,sub_014415A0,widePathCollisionDirect,xff-symbol+reloc-jal,high,recomp,
0x01441970,0x01441B60,GAMECORE,sub_01441970,,reloc-jal,high,recomp,
0x01441B60,0x01441CC0,GAMECORE,sub_01441B60,,reloc-jal,high,recomp,
0x01441CC0,0x01442100,GAMECORE,sub_01441CC0,getNearPointPosUserPathWork,xff-symbol+reloc-jal,high,recomp,
0x01442100,0x014429C0,GAMECORE,sub_01442100,,reloc-jal,high,recomp,
0x014429C0,0x01442D74,GAMECORE,sub_014429C0,getDeadPosAndQuaternion,xff-symbol+reloc-jal,high,recomp,
0x01442D78,0x01443050,GAMECORE,sub_01442D78,,reloc-jal,high,recomp,
0x01443050,0x01443548,GAMECORE,sub_01443050,,reloc-jal,high,recomp,
0x01443548,0x01443550,GAMECORE,sub_01443548,delISysPathObj,xff-symbol+reloc-la,high,recomp,
0x01443550,0x0144355C,GAMECORE,sub_01443550,setBossPathColiGroup,xff-symbol+reloc-jal,high,recomp,
0x01443560,0x0144356C,GAMECORE,sub_01443560,setHorsePathColiGroup,xff-symbol+reloc-jal,high,recomp,
0x01443570,0x01443588,GAMECORE,sub_01443570,getPathColiGroup,xff-symbol+reloc-jal,high,recomp,
0x01443588,0x014435B8,GAMECORE,sub_01443588,getPathColiGroupByType,xff-symbol+reloc-jal+reloc-j,high,recomp,
0x014435B8,0x014435F8,GAMECORE,sub_014435B8,getAimPosFromPathManager,xff-symbol,high,recomp,
0x014435F8,0x01443630,GAMECORE,sub_014435F8,getPassageWork,xff-symbol+reloc-jal,high,recomp,
0x01443630,0x01443638,GAMECORE,sub_01443630,getPassageNum,xff-symbol+reloc-jal,high,recomp,
0x01443638,0x014436B4,GAMECORE,sub_01443638,deletePassageWork,xff-symbol+reloc-jal,high,recomp,
0x014436B8,0x014436C0,GAMECORE,sub_014436B8,setDataHeaderFromAreaIdx,xff-symbol+reloc-jal+reloc-j,high,recomp,
0x014436C0,0x014437E4,GAMECORE,sub_014436C0,resetUserPathWork,xff-symbol+reloc-jal,high,recomp,
0x014437E8,0x014437F0,GAMECORE,sub_014437E8,setRealColJudgeFunc,xff-symbol+reloc-jal+reloc-j,high,recomp,
0x014437F0,0x014437F8,GAMECORE,sub_014437F0,getRealColJudgeFunc,xff-symbol+reloc-jal,high,recomp,
0x014437F8,0x01443804,GAMECORE,sub_014437F8,setSelfColAndNearMinDist,xff-symbol+reloc-jal,high,recomp,
0x01443808,0x0144384C,GAMECORE,sub_01443808,setLockPassageWork,xff-symbol+reloc-jal,high,recomp,
0x01443850,0x01443858,GAMECORE,sub_01443850,setStabilizeYPathWork,xff-symbol+reloc-jal,high,recomp,
0x01443858,0x01443860,GAMECORE,sub_01443858,setAngleStabilizeYPathWork,xff-symbol+reloc-jal,high,recomp,
0x01443860,0x01443868,GAMECORE,sub_01443860,setRayByRealColPathWork,xff-symbol+reloc-jal,high,recomp,
0x01443868,0x01443870,GAMECORE,sub_01443868,setPassageWideRayPathWork,xff-symbol+reloc-jal,high,recomp,
0x01443870,0x01443878,GAMECORE,sub_01443870,setExecRayChkPathWork,xff-symbol+reloc-jal,high,recomp,
0x01443878,0x014438BC,GAMECORE,sub_01443878,setRayCutPassageWork,xff-symbol+reloc-jal,high,recomp,
0x014438C0,0x014438C8,GAMECORE,sub_014438C0,setForceRouteAttrPathWork,xff-symbol+reloc-jal,high,recomp,
0x014438C8,0x014438D0,GAMECORE,sub_014438C8,setRouteColCheckPathWork,xff-symbol+reloc-jal,high,recomp,
0x014438D0,0x014438D8,GAMECORE,sub_014438D0,setRouteLockPathWork,xff-symbol+reloc-jal,high,recomp,
0x014438D8,0x014438E0,GAMECORE,sub_014438D8,setPlayerWayColCheckPathWork,xff-symbol+reloc-jal,high,recomp,
0x014438E0,0x014438E8,GAMECORE,sub_014438E0,setFollowModePathWork,xff-symbol+reloc-jal,high,recomp,
0x014438E8,0x014438F4,GAMECORE,sub_014438E8,setPassageCallBack,xff-symbol,high,recomp,
0x014438F8,0x0144392C,GAMECORE,sub_014438F8,deleteUserPathWork,xff-symbol+reloc-j+reloc-jal,high,recomp,
0x01443930,0x01443938,GAMECORE,sub_01443930,setUserPathMode,xff-symbol+reloc-jal,high,recomp,
0x01443938,0x01443944,GAMECORE,sub_01443938,setPassageRangeData,xff-symbol+reloc-jal+reloc-j,high,recomp,
0x01443948,0x01443964,GAMECORE,sub_01443948,setAttainRangeData,xff-symbol+reloc-jal,high,recomp,
0x01443968,0x0144398C,GAMECORE,sub_01443968,setAttainRangeStruct,xff-symbol+reloc-jal,high,recomp,
0x01443990,0x014439C8,GAMECORE,sub_01443990,setTmpBasePos,xff-symbol+reloc-jal,high,recomp,
0x014439C8,0x014439D0,GAMECORE,sub_014439C8,setCreateTempAttain,xff-symbol+reloc-jal+reloc-j,high,recomp,
0x014439D0,0x01443A5C,GAMECORE,sub_014439D0,setAttainmentPos,xff-symbol+reloc-jal+reloc-j,high,recomp,
0x01443A60,0x01443AEC,GAMECORE,sub_01443A60,setAttainmentObj,xff-symbol+reloc-jal,high,recomp,
0x01443AF0,0x01443B80,GAMECORE,sub_01443AF0,setAttainmentPosAndLock,xff-symbol+reloc-jal,high,recomp,
0x01443B80,0x01443C6C,GAMECORE,sub_01443B80,setAttainmentPosAndDirPos,xff-symbol+reloc-jal+reloc-j,high,recomp,
0x01443C70,0x01443D60,GAMECORE,sub_01443C70,setAttainmentPosAndDirPosAndLock,xff-symbol+reloc-jal,high,recomp,
0x01443D60,0x01443E10,GAMECORE,sub_01443D60,setAttainmentPosAndDir,xff-symbol+reloc-jal,high,recomp,
0x01443E10,0x01443EC4,GAMECORE,sub_01443E10,setAttainmentPosAndDirAndLock,xff-symbol+reloc-jal,high,recomp,
0x01443EC8,0x01443F88,GAMECORE,sub_01443EC8,setAttainmentObjAndDir,xff-symbol,high,recomp,
0x01443F88,0x01444018,GAMECORE,sub_01443F88,setAttainmentObjAndOffset,xff-symbol+reloc-jal,high,recomp,
0x01444018,0x01444020,GAMECORE,sub_01444018,setAttainModePathWork,xff-symbol+reloc-jal,high,recomp,
0x01444020,0x01444028,GAMECORE,sub_01444020,setAttainRadPathWork,xff-symbol+reloc-jal,high,recomp,
0x01444028,0x01444054,GAMECORE,sub_01444028,getPathInfo,xff-symbol+reloc-jal,high,recomp,
0x01444058,0x01444074,GAMECORE,sub_01444058,getWayFinish,xff-symbol+reloc-jal+reloc-j,high,recomp,
0x01444078,0x014440E8,GAMECORE,sub_01444078,getPathStatus,xff-symbol+reloc-j,high,recomp,
0x014440E8,0x0144410C,GAMECORE,sub_014440E8,useTempAttain,xff-symbol,high,recomp,
0x01444110,0x01444118,GAMECORE,sub_01444110,getWayForRoute,xff-symbol,high,recomp,
0x01444118,0x01444120,GAMECORE,sub_01444118,getLastAttainUpdate,xff-symbol,high,recomp,
0x01444120,0x01444128,GAMECORE,sub_01444120,getLastPassagePointIdx,xff-symbol+reloc-jal,high,recomp,
0x01444128,0x01444130,GAMECORE,sub_01444128,getLastPassageAreaIdx,xff-symbol+reloc-jal,high,recomp,
0x01444130,0x01444138,GAMECORE,sub_01444130,getNowPassagePointIdx,xff-symbol+reloc-jal,high,recomp,
0x01444138,0x01444140,GAMECORE,sub_01444138,getNowPassageAreaIdx,xff-symbol+reloc-jal,high,recomp,
0x01444140,0x01444168,GAMECORE,sub_01444140,setRouteMinAngle,xff-symbol+reloc-jal+reloc-j,high,recomp,
0x01444168,0x014441BC,GAMECORE,sub_01444168,setSearchRouteMaxAngle,xff-symbol+reloc-jal,high,recomp,
0x014441C0,0x014441E8,GAMECORE,sub_014441C0,setSearchRadius,xff-symbol+reloc-jal+reloc-j,high,recomp,
0x014441E8,0x01444200,GAMECORE,sub_014441E8,setSearchPointMax,xff-symbol+reloc-jal,high,recomp,
0x01444200,0x0144420C,GAMECORE,sub_01444200,setPathRayWideParam,xff-symbol+reloc-jal,high,recomp,
0x01444210,0x01444264,GAMECORE,sub_01444210,setReductionCosUserPathWork,xff-symbol+reloc-jal,high,recomp,
0x01444268,0x01444350,GAMECORE,sub_01444268,setEventLineAttr,xff-symbol+reloc-jal+reloc-j,high,recomp,
0x01444350,0x01444444,GAMECORE,sub_01444350,unsetEventLineAttr,xff-symbol+reloc-j,high,recomp,
0x01444448,0x01444520,GAMECORE,sub_01444448,resetEventLineAttr,xff-symbol,high,recomp,
0x01444520,0x014445D8,GAMECORE,sub_01444520,allResetLineAttr,xff-symbol+reloc-jal+reloc-j,high,recomp,
0x014445D8,0x014446B8,GAMECORE,sub_014445D8,setEventLinePrio,xff-symbol+reloc-jal+reloc-j,high,recomp,
0x014446B8,0x014447F8,GAMECORE,sub_014446B8,setEventLineDir,xff-symbol,high,recomp,
0x014447F8,0x0144481C,GAMECORE,sub_014447F8,chkAttainExecLayout,xff-symbol+reloc-jal,high,recomp,
0x01444820,0x01444840,GAMECORE,sub_01444820,chkAttainExecOffsetRadius,xff-symbol+reloc-jal,high,recomp,
0x01444840,0x01444858,GAMECORE,sub_01444840,chkAttainExecOffsetPos,xff-symbol,high,recomp,
0x01444858,0x01444A34,GAMECORE,sub_01444858,chkAttainExecColumn,xff-symbol+reloc-jal,high,recomp,
0x01444A38,0x01444A40,GAMECORE,sub_01444A38,resetPassageWork,xff-symbol+reloc-jal+reloc-j,high,recomp,
0x01444A40,0x01444B50,GAMECORE,sub_01444A40,pathDetectCollision,xff-symbol+reloc-jal,high,recomp,
0x01444B50,0x01444C58,GAMECORE,sub_01444B50,pathDetectCollision2,xff-symbol+reloc-jal,high,recomp,
0x01444C58,0x01444CC8,GAMECORE,sub_01444C58,getPathDataAddr,xff-symbol+reloc-jal,high,recomp,
0x01444CC8,0x01444D64,GAMECORE,sub_01444CC8,getLineDataByAreaIdx,xff-symbol+reloc-jal,high,recomp,
0x01444D68,0x01444E04,GAMECORE,sub_01444D68,getPointDataByAreaIdx,xff-symbol+reloc-jal,high,recomp,
0x01444E08,0x01444EA4,GAMECORE,sub_01444E08,getConnectLineArrayByAreaIdx,xff-symbol+reloc-jal,high,recomp,
0x01444EA8,0x01444FB4,GAMECORE,sub_01444EA8,getConnectPointData,xff-symbol+reloc-jal,high,recomp,
0x01444FB8,0x014450B0,GAMECORE,sub_01444FB8,pathJudgeFunc,xff-symbol+reloc-la,high,recomp,
0x014450B0,0x0144515C,GAMECORE,sub_014450B0,addPassageInsertPos,xff-symbol+reloc-jal,high,recomp,
0x01445160,0x014451B4,GAMECORE,sub_01445160,forceSetWayFinish,xff-symbol+reloc-jal,high,recomp,
0x014451B8,0x01445200,GAMECORE,sub_014451B8,forceAddPassageWork,xff-symbol+reloc-j,high,recomp,
0x01445200,0x014452F0,GAMECORE,sub_01445200,getPointDataFromEvent,xff-symbol+reloc-jal,high,recomp,
0x014452F0,0x014453E0,GAMECORE,sub_014452F0,getPointPosFromEvent,xff-symbol+reloc-jal,high,recomp,
0x014453E0,0x01445558,GAMECORE,sub_014453E0,getRootPointIdxForGroupID,xff-symbol+reloc-jal,high,recomp,
0x01445558,0x014455F4,GAMECORE,sub_01445558,getRootPointDataByAreaIdx,xff-symbol+reloc-jal,high,recomp,
0x014455F8,0x01445694,GAMECORE,sub_014455F8,getGoalPointDataByAreaIdx,xff-symbol+reloc-jal,high,recomp,
0x01445698,0x01445734,GAMECORE,sub_01445698,getSubPointDataByAreaIdx,xff-symbol+reloc-jal,high,recomp,
0x01445738,0x014457D4,GAMECORE,sub_01445738,getChildGoalPointIdxArrayByAreaIdx,xff-symbol+reloc-jal,high,recomp,
0x014457D8,0x01445874,GAMECORE,sub_014457D8,getChildSubPointIdxArrayByAreaIdx,xff-symbol+reloc-jal,high,recomp,
0x01445878,0x014458B0,GAMECORE,sub_01445878,getColiGroupByUserPathWork,xff-symbol+reloc-jal,high,recomp,
0x014458B0,0x01445918,GAMECORE,sub_014458B0,,reloc-jal,high,recomp,
0x01445918,0x01445A08,GAMECORE,sub_01445918,,reloc-jal,high,recomp,
0x01445A08,0x01445A20,GAMECORE,sub_01445A08,,reloc-jal,high,recomp,
0x01445A20,0x01445C48,GAMECORE,sub_01445A20,,reloc-jal,high,recomp,
0x01445C48,0x01445CD0,GAMECORE,sub_01445C48,,reloc-jal,high,recomp,
0x01445CD0,0x01445D58,GAMECORE,sub_01445CD0,,reloc-jal,high,recomp,
0x01445D58,0x01445DA0,GAMECORE,sub_01445D58,,reloc-j,medium,recomp,
0x01445DA0,0x01445E68,GAMECORE,sub_01445DA0,,reloc-jal,high,recomp,
0x01445E68,0x01445F28,GAMECORE,sub_01445E68,,reloc-jal,high,recomp,
0x01445F28,0x01445FB8,GAMECORE,sub_01445F28,,reloc-jal,high,recomp,
0x01445FB8,0x01446358,GAMECORE,sub_01445FB8,,reloc-jal,high,recomp,
0x01446358,0x014463F8,GAMECORE,sub_01446358,,reloc-jal,high,recomp,
0x014463F8,0x01446428,GAMECORE,sub_014463F8,,reloc-jal,high,recomp,
0x01446428,0x01446458,GAMECORE,sub_01446428,,reloc-jal,high,recomp,
0x01446458,0x014464D0,GAMECORE,sub_01446458,,reloc-jal,high,recomp,
0x014464D0,0x01446518,GAMECORE,sub_014464D0,,reloc-jal,high,recomp,
0x01446518,0x01446610,GAMECORE,sub_01446518,,reloc-la,high,recomp,
0x01446610,0x01446660,GAMECORE,sub_01446610,,reloc-jal,high,recomp,
0x01446660,0x014468A8,GAMECORE,sub_01446660,,reloc-jal,high,recomp,
0x014468A8,0x014468D8,GAMECORE,sub_014468A8,,reloc-jal,high,recomp,
0x014468D8,0x014468F0,GAMECORE,sub_014468D8,,reloc-la,high,recomp,
0x014468F0,0x01447070,GAMECORE,sub_014468F0,updateUserPathWorkEx,xff-symbol+reloc-j+reloc-jal,high,recomp,
0x01447070,0x01447200,GAMECORE,sub_01447070,,reloc-jal,high,recomp,
0x01447200,0x014472C8,GAMECORE,sub_01447200,createUserPathWorkEx,xff-symbol+reloc-jal,high,recomp,
0x014472C8,0x014472DC,GAMECORE,sub_014472C8,deleteUserPathWorkEx,xff-symbol,high,recomp,
0x014472E0,0x014472E8,GAMECORE,sub_014472E0,setUserPathExMode,xff-symbol+reloc-jal,high,recomp,
0x014472E8,0x014472F4,GAMECORE,sub_014472E8,setUserPathGroupID,xff-symbol+reloc-jal,high,recomp,
0x014472F8,0x01447300,GAMECORE,sub_014472F8,getUserPathExMode,xff-symbol,high,recomp,
0x01447300,0x01447348,GAMECORE,sub_01447300,getPathExFinish,xff-symbol+reloc-j,high,recomp,
0x01447348,0x01447368,GAMECORE,sub_01447348,getPPointPasasgeNum,xff-symbol+reloc-jal,high,recomp,
0x01447368,0x01447370,GAMECORE,sub_01447368,setGPSelectMode,xff-symbol+reloc-jal,high,recomp,
0x01447370,0x01447378,GAMECORE,sub_01447370,setForceInitPathEx,xff-symbol+reloc-jal,high,recomp,
0x01447378,0x01447380,GAMECORE,sub_01447378,setGpReferencePathEx,xff-symbol+reloc-jal,high,recomp,
0x01447380,0x014473F4,GAMECORE,sub_01447380,changedGPIndex,xff-symbol+reloc-j+reloc-jal,high,recomp,
0x014473F8,0x0144743C,GAMECORE,sub_014473F8,changedAPIndex,xff-symbol+reloc-j,high,recomp,
0x01447440,0x01447464,GAMECORE,sub_01447440,changedDPGroupID,xff-symbol+reloc-j+reloc-jal,high,recomp,
0x01447468,0x01447470,GAMECORE,sub_01447468,setGpCalcDist,xff-symbol+reloc-j,high,recomp,
0x01447470,0x0144753C,GAMECORE,sub_01447470,getConnectPPointIdx,xff-symbol+reloc-jal,high,recomp,
0x01447540,0x01447680,GAMECORE,sub_01447540,,reloc-jal,high,recomp,
0x01447680,0x014477B8,GAMECORE,sub_01447680,,reloc-jal,high,recomp,
0x014477B8,0x01447808,GAMECORE,sub_014477B8,,reloc-jal,high,recomp,
0x01447808,0x01447818,GAMECORE,sub_01447808,,reloc-jal,high,recomp,
0x01447818,0x014478E8,GAMECORE,sub_01447818,,reloc-jal,high,recomp,
0x014478E8,0x01447A58,GAMECORE,sub_014478E8,,reloc-jal,high,recomp,
0x01447A58,0x01447C00,GAMECORE,sub_01447A58,,reloc-jal,high,recomp,
0x01447C00,0x01447D08,GAMECORE,sub_01447C00,,reloc-j+reloc-jal,medium,recomp,
0x01447D08,0x01447FB4,GAMECORE,sub_01447D08,_sendProgramRotInput,xff-symbol+reloc-jal,high,recomp,
0x01447FB8,0x01448614,GAMECORE,sub_01447FB8,calcAttainPosForAttainRange,xff-symbol+reloc-jal,high,recomp,
0x01448618,0x014487A0,GAMECORE,sub_01448618,calcAttainRangeData,xff-symbol+reloc-jal,high,recomp,
0x014487A0,0x01448B88,GAMECORE,sub_014487A0,,reloc-jal,high,recomp,
0x01448B88,0x01448E48,GAMECORE,sub_01448B88,chkCurveCollision,xff-symbol+reloc-jal,high,recomp,
0x01448E48,0x01449374,GAMECORE,sub_01448E48,chkEstimatCollisionCore,xff-symbol+reloc-j,high,recomp,
0x01449378,0x01449380,GAMECORE,sub_01449378,_setExecBaseMoveWork,xff-symbol+reloc-jal,high,recomp,
0x01449380,0x01449388,GAMECORE,sub_01449380,_setStopCtrlModeBaseMoveWork,xff-symbol+reloc-jal,high,recomp,
0x01449388,0x01449390,GAMECORE,sub_01449388,_getStopCtrlModeBaseMoveWork,xff-symbol+reloc-jal,high,recomp,
0x01449390,0x01449398,GAMECORE,sub_01449390,_setBackVolumeBaseMoveWork,xff-symbol+reloc-jal,high,recomp,
0x01449398,0x014493A0,GAMECORE,sub_01449398,_setSlideVolumeBaseMoveWork,xff-symbol+reloc-jal,high,recomp,
0x014493A0,0x014493C0,GAMECORE,sub_014493A0,_resetBaseMoveWork,xff-symbol+reloc-jal,high,recomp,
0x014493C0,0x01449458,GAMECORE,sub_014493C0,_sendStopKeyMoveWork,xff-symbol+reloc-jal,high,recomp,
0x01449458,0x01449494,GAMECORE,sub_01449458,_compPassagePos,xff-symbol+reloc-jal,high,recomp,
0x01449498,0x014494A0,GAMECORE,sub_01449498,_getExecBaseMoveWork,xff-symbol,high,recomp,
0x014494A0,0x014494A8,GAMECORE,sub_014494A0,_setAttainFlagBaseMoveWork,xff-symbol+reloc-jal,high,recomp,
0x014494A8,0x014495D0,GAMECORE,sub_014494A8,_initBaseMoveTmpWork,xff-symbol+reloc-jal,high,recomp,
0x014495D0,0x01449678,GAMECORE,sub_014495D0,analyzeMotionPropertyFromKey2,xff-symbol+reloc-jal,high,recomp,
0x01449678,0x0144970C,GAMECORE,sub_01449678,estimateAttainPos2,xff-symbol+reloc-jal,high,recomp,
0x01449710,0x01449738,GAMECORE,sub_01449710,calcTurnTime2,xff-symbol+reloc-jal,high,recomp,
0x01449738,0x0144976C,GAMECORE,sub_01449738,calcMoveTurnAngle2,xff-symbol,high,recomp,
0x01449770,0x014497A0,GAMECORE,sub_01449770,calcProgRotRatioForMove2,xff-symbol+reloc-jal,high,recomp,
0x014497A0,0x0144983C,GAMECORE,sub_014497A0,adjustCurveAngleForCollision,xff-symbol+reloc-jal,high,recomp,
0x01449840,0x014498A4,GAMECORE,sub_01449840,calcDownSpeedRatio,xff-symbol+reloc-jal,high,recomp,
0x014498A8,0x01449AA0,GAMECORE,sub_014498A8,getHitPosWayCollision,xff-symbol+reloc-jal,high,recomp,
0x01449AA0,0x01449C04,GAMECORE,sub_01449AA0,moveCtrlClipCollisionDirect,xff-symbol+reloc-jal,high,recomp,
0x01449C08,0x01449D08,GAMECORE,sub_01449C08,_initMovePathWork,xff-symbol+reloc-jal,high,recomp,
0x01449D08,0x01449D5C,GAMECORE,sub_01449D08,moveCtrlWallJudgeFunc,xff-symbol+reloc-la,high,recomp,
0x01449D60,0x01449D88,GAMECORE,sub_01449D60,,reloc-j,medium,recomp,
0x01449D88,0x0144A598,GAMECORE,sub_01449D88,createBirdCtrlWork,xff-symbol+reloc-jal,high,recomp,
0x0144A598,0x0144B2C8,GAMECORE,sub_0144A598,updateBirdCtrlWork,xff-symbol+reloc-jal,high,recomp,
0x0144B2C8,0x0144B590,GAMECORE,sub_0144B2C8,,reloc-jal,high,recomp,
0x0144B590,0x0144B8E0,GAMECORE,sub_0144B590,,reloc-jal,high,recomp,
0x0144B8E0,0x0144BD58,GAMECORE,sub_0144B8E0,,reloc-jal,high,recomp,
0x0144BD58,0x0144C190,GAMECORE,sub_0144BD58,getCalcAttackPassagePoint2,xff-symbol+reloc-jal,high,recomp,
0x0144C190,0x0144C4C0,GAMECORE,sub_0144C190,,reloc-jal,high,recomp,
0x0144C4C0,0x0144C840,GAMECORE,sub_0144C4C0,,reloc-jal,high,recomp,
0x0144C840,0x0144D2A0,GAMECORE,sub_0144C840,,reloc-jal,high,recomp,
0x0144D2A0,0x0144E778,GAMECORE,sub_0144D2A0,,reloc-jal,high,recomp,
0x0144E778,0x0144EE68,GAMECORE,sub_0144E778,,reloc-jal,high,recomp,
0x0144EE68,0x0144EE70,GAMECORE,sub_0144EE68,deleteBirdCtrlWork,xff-symbol,high,recomp,
0x0144EE70,0x0144EE7C,GAMECORE,sub_0144EE70,getLandMotionOffset,xff-symbol,high,recomp,
0x0144EE80,0x0144EED0,GAMECORE,sub_0144EE80,setParamBirdCtrlWork,xff-symbol+reloc-jal,high,recomp,
0x0144EED0,0x0144EEE0,GAMECORE,sub_0144EED0,setRouteAttackBirdCtrlWork,xff-symbol+reloc-jal,high,recomp,
0x0144EEE0,0x0144EEEC,GAMECORE,sub_0144EEE0,resetRouteAttackBirdCtrlWork,xff-symbol+reloc-jal,high,recomp,
0x0144EEF0,0x0144EEF8,GAMECORE,sub_0144EEF0,setFlapWingBirdCtrlWork,xff-symbol+reloc-jal,high,recomp,
0x0144EEF8,0x0144EF00,GAMECORE,sub_0144EEF8,setHoveringBirdCtrlWork,xff-symbol+reloc-jal,high,recomp,
0x0144EF00,0x0144EF08,GAMECORE,sub_0144EF00,setHoverAttackBirdCtrlWork,xff-symbol+reloc-jal,high,recomp,
0x0144EF08,0x0144EF78,GAMECORE,sub_0144EF08,,reloc-jal,high,recomp,
0x0144EF78,0x0144EFA8,GAMECORE,sub_0144EF78,,reloc-jal+reloc-j,high,recomp,
0x0144EFA8,0x0144F010,GAMECORE,sub_0144EFA8,,reloc-jal,high,recomp,
0x0144F010,0x0144F030,GAMECORE,sub_0144F010,,reloc-jal,high,recomp,
0x0144F030,0x0144F060,GAMECORE,sub_0144F030,,reloc-jal,high,recomp,
0x0144F060,0x0144FA8C,GAMECORE,sub_0144F060,createFastLegCtrlWork,xff-symbol+reloc-jal,high,recomp,
0x0144FA90,0x01450668,GAMECORE,sub_0144FA90,updateFastLegCtrlWork,xff-symbol+reloc-jal,high,recomp,
0x01450668,0x01450BE0,GAMECORE,sub_01450668,,reloc-jal,high,recomp,
0x01450BE0,0x01451D18,GAMECORE,sub_01450BE0,,reloc-jal,high,recomp,
0x01451D18,0x014522B0,GAMECORE,sub_01451D18,,reloc-jal,high,recomp,
0x014522B0,0x014523C8,GAMECORE,sub_014522B0,,reloc-jal,high,recomp,
0x014523C8,0x01452578,GAMECORE,sub_014523C8,,reloc-jal+reloc-j,high,recomp,
0x01452578,0x01452800,GAMECORE,sub_01452578,sendStopKeyFastLegCtrlWork,xff-symbol,high,recomp,
0x01452800,0x01452808,GAMECORE,sub_01452800,deleteFastLegCtrlWork,xff-symbol,high,recomp,
0x01452808,0x01452810,GAMECORE,sub_01452808,setDashFastLegCtrlWork,xff-symbol+reloc-jal,high,recomp,
0x01452810,0x01452818,GAMECORE,sub_01452810,setFinalAttainWalkFastLegCtrlWork,xff-symbol+reloc-jal,high,recomp,
0x01452818,0x01452830,GAMECORE,sub_01452818,setAllowMaxSpeedFastLegCtrlWork,xff-symbol+reloc-jal,high,recomp,
0x01452830,0x01452838,GAMECORE,sub_01452830,setBackFastLegCtrlWork,xff-symbol+reloc-jal,high,recomp,
0x01452838,0x01452840,GAMECORE,sub_01452838,setNotFastTurnFastLegCtrlWork,xff-symbol+reloc-jal,high,recomp,
0x01452840,0x01452848,GAMECORE,sub_01452840,setRunStopTurnFastLegCtrlWork,xff-symbol+reloc-jal,high,recomp,
0x01452848,0x01452850,GAMECORE,sub_01452848,setWalkStopTurnFastLegCtrlWork,xff-symbol+reloc-jal,high,recomp,
0x01452850,0x01452858,GAMECORE,sub_01452850,setCurveCollisionFastLegCtrlWork,xff-symbol+reloc-jal,high,recomp,
0x01452858,0x01452860,GAMECORE,sub_01452858,getChkColWidth,xff-symbol,high,recomp,
0x01452860,0x01452878,GAMECORE,sub_01452860,setRunStopTurnAngleFastLegCtrlWork,xff-symbol+reloc-jal,high,recomp,
0x01452878,0x014528F8,GAMECORE,sub_01452878,,reloc-jal,high,recomp,
0x014528F8,0x01452938,GAMECORE,sub_014528F8,,reloc-jal+reloc-j,high,recomp,
0x01452938,0x01452998,GAMECORE,sub_01452938,,reloc-jal,high,recomp,
0x01452998,0x01452B28,GAMECORE,sub_01452998,,reloc-jal,high,recomp,
0x01452B28,0x01452C18,GAMECORE,sub_01452B28,,reloc-jal,high,recomp,
0x01452C18,0x01452C68,GAMECORE,sub_01452C18,,reloc-jal,high,recomp,
0x01452C68,0x01452CA0,GAMECORE,sub_01452C68,,reloc-la,high,recomp,
0x01452CA0,0x01453128,GAMECORE,sub_01452CA0,updateGazeCtrlWork,xff-symbol+reloc-jal,high,recomp,
0x01453128,0x014531AC,GAMECORE,sub_01453128,initGazeCtrlWork,xff-symbol+reloc-jal,high,recomp,
0x014531B0,0x014531E4,GAMECORE,sub_014531B0,deleteGazeCtrlWork,xff-symbol+reloc-j,high,recomp,
0x014531E8,0x014531F0,GAMECORE,sub_014531E8,setExecGazeCtrlWork,xff-symbol+reloc-jal,high,recomp,
0x014531F0,0x014531F8,GAMECORE,sub_014531F0,setViewJudgeGazeCtrlWork,xff-symbol+reloc-jal,high,recomp,
0x014531F8,0x01453200,GAMECORE,sub_014531F8,setNextDistGazeCtrlWork,xff-symbol+reloc-jal,high,recomp,
0x01453200,0x01453208,GAMECORE,sub_01453200,setValidPosGazeCtrlWork,xff-symbol+reloc-jal,high,recomp,
0x01453208,0x01453218,GAMECORE,sub_01453208,setPosGazeCtrlWork,xff-symbol+reloc-jal,high,recomp,
0x01453218,0x0145327C,GAMECORE,sub_01453218,setObjGazeCtrlWork,xff-symbol+reloc-jal,high,recomp,
0x01453280,0x01453288,GAMECORE,sub_01453280,setBirdModeGazeCtrlWork,xff-symbol+reloc-j+reloc-jal,high,recomp,
0x01453288,0x01453290,GAMECORE,sub_01453288,setGazeCoffGazeCtrlWork,xff-symbol+reloc-jal,high,recomp,
0x01453290,0x0145331C,GAMECORE,sub_01453290,initGazeTool,xff-symbol,high,recomp,
0x01453320,0x0145337C,GAMECORE,sub_01453320,drawGazeTool,xff-symbol+reloc-jal,high,recomp,
0x01453380,0x0145338C,GAMECORE,sub_01453380,chkGazeTool,xff-symbol,high,recomp,
0x01453390,0x014533A4,GAMECORE,sub_01453390,getGazeToolPos,xff-symbol,high,recomp,
0x014533A8,0x014533E8,GAMECORE,sub_014533A8,,reloc-data-ptr,high,recomp,
0x014533E8,0x01453460,GAMECORE,sub_014533E8,,reloc-data-ptr,high,recomp,
0x01453460,0x01453A64,GAMECORE,sub_01453460,createHorseCtrlWork,xff-symbol+reloc-jal,high,recomp,
0x01453A68,0x0145476C,GAMECORE,sub_01453A68,updateHorseCtrlWork,xff-symbol+reloc-jal,high,recomp,
0x01454770,0x01454B68,GAMECORE,sub_01454770,,reloc-jal,high,recomp,
0x01454B68,0x01455788,GAMECORE,sub_01454B68,,reloc-jal,high,recomp,
0x01455788,0x01455B40,GAMECORE,sub_01455788,,reloc-jal,high,recomp,
0x01455B40,0x01455C88,GAMECORE,sub_01455B40,,reloc-jal,high,recomp,
0x01455C88,0x01455DE0,GAMECORE,sub_01455C88,,reloc-jal,high,recomp,
0x01455DE0,0x01455DE8,GAMECORE,sub_01455DE0,deleteHorseCtrlWork,xff-symbol,high,recomp,
0x01455DE8,0x01455DF0,GAMECORE,sub_01455DE8,setDashHorseCtrlWork,xff-symbol+reloc-jal,high,recomp,
0x01455DF0,0x01455DF8,GAMECORE,sub_01455DF0,setWallStopHorseCtrlWork,xff-symbol+reloc-j,high,recomp,
0x01455DF8,0x01455E00,GAMECORE,sub_01455DF8,setLimitModeHorseCtrlWork,xff-symbol+reloc-jal,high,recomp,
0x01455E00,0x01455E08,GAMECORE,sub_01455E00,setFinalAttainWalkHorseCtrlWork,xff-symbol+reloc-jal,high,recomp,
0x01455E08,0x01455E24,GAMECORE,sub_01455E08,setAllowMaxSpeedHorseCtrlWork,xff-symbol+reloc-jal,high,recomp,
0x01455E28,0x01455E30,GAMECORE,sub_01455E28,setFreezeHorseCtrlWork,xff-symbol+reloc-jal,high,recomp,
0x01455E30,0x01455E80,GAMECORE,sub_01455E30,,reloc-jal,high,recomp,
0x01455E80,0x01455EC0,GAMECORE,sub_01455E80,,reloc-jal+reloc-j,high,recomp,
0x01455EC0,0x01456050,GAMECORE,sub_01455EC0,,reloc-jal,high,recomp,
0x01456050,0x01456078,GAMECORE,sub_01456050,,reloc-jal,high,recomp,
0x01456078,0x01456118,GAMECORE,sub_01456078,,reloc-jal+reloc-j,high,recomp,
0x01456118,0x01456168,GAMECORE,sub_01456118,,reloc-la,high,recomp,
0x01456168,0x01456580,GAMECORE,sub_01456168,updateHumanCtrlWork,xff-symbol+reloc-jal,high,recomp,
0x01456580,0x01456978,GAMECORE,sub_01456580,,reloc-jal,high,recomp,
0x01456978,0x01456CD0,GAMECORE,sub_01456978,,reloc-jal,high,recomp,
0x01456CD0,0x01456DE4,GAMECORE,sub_01456CD0,createHumanCtrlWork,xff-symbol+reloc-jal,high,recomp,
0x01456DE8,0x01456DF0,GAMECORE,sub_01456DE8,deleteHumanCtrlWork,xff-symbol,high,recomp,
0x01456DF0,0x01456DF8,GAMECORE,sub_01456DF0,setDashHumanCtrlWork,xff-symbol+reloc-jal,high,recomp,
0x01456DF8,0x01456E28,GAMECORE,sub_01456DF8,,reloc-jal,high,recomp,
0x01456E28,0x01456E30,GAMECORE,sub_01456E28,,reloc-jal+reloc-j,high,recomp,
0x01456E30,0x01456E90,GAMECORE,sub_01456E30,,reloc-jal,high,recomp,
0x01456E90,0x014570B8,GAMECORE,sub_01456E90,getAttainInversePos,xff-symbol,high,recomp,
0x014570B8,0x0145730C,GAMECORE,sub_014570B8,calcMoveQuaternion,xff-symbol+reloc-jal,high,recomp,
0x01457310,0x014574F8,GAMECORE,sub_01457310,calcNextMotRatio,xff-symbol+reloc-jal,high,recomp,
0x014574F8,0x014575D8,GAMECORE,sub_014574F8,calcAttainPosForDirExec,xff-symbol,high,recomp,
0x014575D8,0x01457718,GAMECORE,sub_014575D8,calcMoveAngle,xff-symbol+reloc-j+reloc-jal,high,recomp,
0x01457718,0x0145780C,GAMECORE,sub_01457718,calcAngleTime,xff-symbol+reloc-j+reloc-jal,high,recomp,
0x01457810,0x014579EC,GAMECORE,sub_01457810,calcProgRotRatio,xff-symbol+reloc-jal+reloc-j,high,recomp,
0x014579F0,0x01457A64,GAMECORE,sub_014579F0,chkMoveAngle,xff-symbol+reloc-jal,high,recomp,
0x01457A68,0x01457A94,GAMECORE,sub_01457A68,chkMoveAngle2,xff-symbol,high,recomp,
0x01457A98,0x01457C0C,GAMECORE,sub_01457A98,analyzeMotionProperty,xff-symbol+reloc-jal,high,recomp,
0x01457C10,0x01457D88,GAMECORE,sub_01457C10,analyzeMotionPropertyXZ,xff-symbol+reloc-jal,high,recomp,
0x01457D88,0x01457ED0,GAMECORE,sub_01457D88,analyzeMotionProperty2,xff-symbol+reloc-jal,high,recomp,
0x01457ED0,0x0145801C,GAMECORE,sub_01457ED0,analyzeMotionProperty2XZ,xff-symbol+reloc-jal,high,recomp,
0x01458020,0x014580E4,GAMECORE,sub_01458020,chkLeftPointForLineXZ,xff-symbol,high,recomp,
0x014580E8,0x014581AC,GAMECORE,sub_014580E8,chkUpPointForLineYZ,xff-symbol,high,recomp,
0x014581B0,0x014581D4,GAMECORE,sub_014581B0,adjustAngleForLimit,xff-symbol+reloc-jal,high,recomp,
0x014581D8,0x0145829C,GAMECORE,sub_014581D8,getTurnAndPitchFromDir,xff-symbol+reloc-jal,high,recomp,
0x014582A0,0x014583A0,GAMECORE,sub_014582A0,getTurnAndPitchFromQuaternion,xff-symbol+reloc-jal,high,recomp,
0x014583A0,0x01458468,GAMECORE,sub_014583A0,getBankAndPitchFromDir,xff-symbol,high,recomp,
0x01458468,0x014585CC,GAMECORE,sub_01458468,adjustQuaternionYXZForLimit,xff-symbol+reloc-jal,high,recomp,
0x014585D0,0x01458730,GAMECORE,sub_014585D0,adjustQuaternionZXYForLimit,xff-symbol,high,recomp,
0x01458730,0x014588C8,GAMECORE,sub_01458730,adjustQuaternionYXZForLimit2,xff-symbol+reloc-jal,high,recomp,
0x014588C8,0x01458960,GAMECORE,sub_014588C8,adjustAnglePI,xff-symbol+reloc-jal,high,recomp,
0x01458960,0x01458A20,GAMECORE,sub_01458960,GetAdjustQuaternion,xff-symbol+reloc-jal,high,recomp,
0x01458A20,0x01458AC0,GAMECORE,sub_01458A20,GetScaleQuaternion,xff-symbol+reloc-jal,high,recomp,
0x01458AC0,0x01458B10,GAMECORE,sub_01458AC0,getValueInterp,xff-symbol+reloc-jal,high,recomp,
0x01458B10,0x01459300,GAMECORE,sub_01458B10,createSlowLegCtrlWork,xff-symbol+reloc-jal,high,recomp,
0x01459300,0x01459704,GAMECORE,sub_01459300,updateSlowLegCtrlWork,xff-symbol+reloc-jal,high,recomp,
0x01459708,0x01459D20,GAMECORE,sub_01459708,,reloc-jal,high,recomp,
0x01459D20,0x0145A888,GAMECORE,sub_01459D20,,reloc-jal,high,recomp,
0x0145A888,0x0145AAB0,GAMECORE,sub_0145A888,,reloc-jal,high,recomp,
0x0145AAB0,0x0145AE88,GAMECORE,sub_0145AAB0,,reloc-jal,high,recomp,
0x0145AE88,0x0145B158,GAMECORE,sub_0145AE88,,reloc-jal,high,recomp,
0x0145B158,0x0145B160,GAMECORE,sub_0145B158,setDashSlowLegCtrlWork,xff-symbol+reloc-jal,high,recomp,
0x0145B160,0x0145B168,GAMECORE,sub_0145B160,setStabilizeYSlowLegCtrlWork,xff-symbol+reloc-jal,high,recomp,
0x0145B168,0x0145B170,GAMECORE,sub_0145B168,setMoveModeSlowLegCtrlWork,xff-symbol+reloc-jal,high,recomp,
0x0145B170,0x0145B178,GAMECORE,sub_0145B170,setMotScaleMaxSlowLegCtrlWork,xff-symbol+reloc-jal,high,recomp,
0x0145B178,0x0145B180,GAMECORE,sub_0145B178,setAttainMotScaleSlowLegCtrlWork,xff-symbol+reloc-jal,high,recomp,
0x0145B180,0x0145B188,GAMECORE,sub_0145B180,setGuardModeSlowLegCtrlWork,xff-symbol+reloc-jal,high,recomp,
0x0145B188,0x0145B190,GAMECORE,sub_0145B188,deleteSlowLegCtrlWork,xff-symbol,high,recomp,
0x0145B190,0x0145B200,GAMECORE,sub_0145B190,,reloc-jal,high,recomp,
0x0145B200,0x0145B208,GAMECORE,sub_0145B200,,reloc-jal,high,recomp,
0x0145B208,0x0145B2E8,GAMECORE,sub_0145B208,,reloc-jal,high,recomp,
0x0145B2E8,0x0145B310,GAMECORE,sub_0145B2E8,,reloc-jal,high,recomp,
0x0145B310,0x0145B3D8,GAMECORE,sub_0145B310,,reloc-jal,high,recomp,
0x0145B3D8,0x0145B668,GAMECORE,sub_0145B3D8,createWormCtrlWork,xff-symbol+reloc-jal,high,recomp,
0x0145B668,0x0145BE48,GAMECORE,sub_0145B668,updateWormCtrlWork,xff-symbol+reloc-jal,high,recomp,
0x0145BE48,0x0145C200,GAMECORE,sub_0145BE48,,reloc-jal,high,recomp,
0x0145C200,0x0145C550,GAMECORE,sub_0145C200,,reloc-jal,high,recomp,
0x0145C550,0x0145C990,GAMECORE,sub_0145C550,,reloc-jal,high,recomp,
0x0145C990,0x0145E2E0,GAMECORE,sub_0145C990,,reloc-jal,high,recomp,
0x0145E2E0,0x0145E600,GAMECORE,sub_0145E2E0,,reloc-jal,high,recomp,
0x0145E600,0x0145E608,GAMECORE,sub_0145E600,deleteWormCtrlWork,xff-symbol,high,recomp,
0x0145E608,0x0145E640,GAMECORE,sub_0145E608,setAttainSpeedWormCtrlWork,xff-symbol+reloc-jal,high,recomp,
0x0145E640,0x0145E648,GAMECORE,sub_0145E640,setAttackParamWormCtrlWork,xff-symbol+reloc-jal,high,recomp,
0x0145E648,0x0145E6BC,GAMECORE,sub_0145E648,setOffsetParamWormCtrlWork,xff-symbol+reloc-j+reloc-jal,high,recomp,
0x0145E6C0,0x0145E6DC,GAMECORE,sub_0145E6C0,setRotParamWormCtrlWork,xff-symbol+reloc-jal,high,recomp,
0x0145E6E0,0x0145E6E8,GAMECORE,sub_0145E6E0,setChkKeepHitWormCtrlWork,xff-symbol+reloc-jal,high,recomp,
0x0145E6E8,0x0145E6F0,GAMECORE,sub_0145E6E8,setRotColCheckWormCtrlWork,xff-symbol+reloc-jal+reloc-j,high,recomp,
0x0145E6F0,0x0145E6F8,GAMECORE,sub_0145E6F0,setMiddleTargetWormCtrlWork,xff-symbol+reloc-j,high,recomp,
0x0145E6F8,0x0145E700,GAMECORE,sub_0145E6F8,setObstacleWormCtrlWork,xff-symbol+reloc-jal+reloc-j,high,recomp,
0x0145E700,0x0145E708,GAMECORE,sub_0145E700,setSelfEvasionUpWormCtrlWork,xff-symbol+reloc-jal,high,recomp,
0x0145E708,0x0145E710,GAMECORE,sub_0145E708,setTypeWormCtrlWork,xff-symbol+reloc-jal,high,recomp,
0x0145E710,0x0145E718,GAMECORE,sub_0145E710,setFallGravCoffWormCtrlWork,xff-symbol+reloc-jal,high,recomp,
0x0145E718,0x0145E720,GAMECORE,sub_0145E718,setMaxFallSpeedWormCtrlWork,xff-symbol+reloc-jal,high,recomp,
0x0145E720,0x0145E728,GAMECORE,sub_0145E720,setGroundFrictionCoffWormCtrlWork,xff-symbol+reloc-jal,high,recomp,
0x0145E728,0x0145E730,GAMECORE,sub_0145E728,setUnderFrictionCoffWormCtrlWork,xff-symbol+reloc-jal,high,recomp,
0x0145E730,0x0145E75C,GAMECORE,sub_0145E730,setWorldPitchLimitWormCtrlWork,xff-symbol+reloc-jal,high,recomp,
0x0145E760,0x0145E77C,GAMECORE,sub_0145E760,resetVelocityWormCtrlWork,xff-symbol+reloc-jal+reloc-j,high,recomp,
0x0145E780,0x0145E78C,GAMECORE,sub_0145E780,setAcceleParamWormCtrlWork,xff-symbol+reloc-j,high,recomp,
0x0145E790,0x0145E798,GAMECORE,sub_0145E790,setColOffsetJudgeFunc,xff-symbol+reloc-jal,high,recomp,
0x0145E798,0x0145E7A0,GAMECORE,sub_0145E798,getBuryingWormCtrlWork,xff-symbol+reloc-j,high,recomp,
0x0145E7A0,0x0145E850,GAMECORE,sub_0145E7A0,,reloc-j,medium,recomp,
0x0145E850,0x0145E880,GAMECORE,sub_0145E850,,reloc-jal+reloc-j,high,recomp,
0x0145E880,0x0145E8F0,GAMECORE,sub_0145E880,,reloc-jal,high,recomp,
0x0145E8F0,0x0145E9C8,GAMECORE,sub_0145E8F0,,reloc-jal+reloc-j,high,recomp,
0x0145E9C8,0x0145EA3C,GAMECORE,sub_0145E9C8,createAngryWork,xff-symbol+reloc-jal,high,recomp,
0x0145EA40,0x0145EB58,GAMECORE,sub_0145EA40,updateAngryWork,xff-symbol+reloc-jal,high,recomp,
0x0145EB58,0x0145EB90,GAMECORE,sub_0145EB58,SCRConditionOverAngryValue,xff-symbol,high,recomp,
0x0145EB90,0x0145EBC8,GAMECORE,sub_0145EB90,SCRConditionLessAngryValue,xff-symbol,high,recomp,
0x0145EBC8,0x0145ED48,GAMECORE,sub_0145EBC8,updateArrowThrustWork,xff-symbol+reloc-jal,high,recomp,
0x0145ED48,0x0145ED54,GAMECORE,sub_0145ED48,createArrowThrustWork,xff-symbol+reloc-jal,high,recomp,
0x0145ED58,0x0145F6E8,GAMECORE,sub_0145ED58,updateAttackWork,xff-symbol+reloc-jal,high,recomp,
0x0145F6E8,0x0145F944,GAMECORE,sub_0145F6E8,updateAttackWork2,xff-symbol+reloc-jal,high,recomp,
0x0145F948,0x0145FC58,GAMECORE,sub_0145F948,,reloc-jal+reloc-j,high,recomp,
0x0145FC58,0x0145FDB8,GAMECORE,sub_0145FC58,,reloc-jal,high,recomp,
0x0145FDB8,0x0145FDEC,GAMECORE,sub_0145FDB8,createAttackWork,xff-symbol+reloc-j,high,recomp,
0x0145FDF0,0x0145FE84,GAMECORE,sub_0145FDF0,resetAttackWork,xff-symbol+reloc-jal+reloc-j,high,recomp,
0x0145FE88,0x0145FF84,GAMECORE,sub_0145FE88,setAttackHeadDataFormNewMode,xff-symbol+reloc-jal,high,recomp,
0x0145FF88,0x01460084,GAMECORE,sub_0145FF88,setAttackHeadDataFormNowMode,xff-symbol+reloc-jal,high,recomp,
0x01460088,0x014600D0,GAMECORE,sub_01460088,,reloc-la,high,recomp,
0x014600D0,0x01460220,GAMECORE,sub_014600D0,,reloc-la,high,recomp,
0x01460220,0x01460258,GAMECORE,sub_01460220,,reloc-la,high,recomp,
0x01460258,0x014602D0,GAMECORE,sub_01460258,,reloc-jal,high,recomp,
0x014602D0,0x014603D8,GAMECORE,sub_014602D0,,reloc-jal,high,recomp,
0x014603D8,0x014604F8,GAMECORE,sub_014603D8,,reloc-jal,high,recomp,
0x014604F8,0x01460A10,GAMECORE,sub_014604F8,SCRFuncProgramRotInputForGP,xff-symbol,high,recomp,
0x01460A10,0x01460E90,GAMECORE,sub_01460A10,SCRFuncCheckBoneColAndSendDamage,xff-symbol,high,recomp,
0x01460E90,0x01461278,GAMECORE,sub_01460E90,SCRFuncDamageSendFunc,xff-symbol,high,recomp,
0x01461278,0x014612BC,GAMECORE,sub_01461278,SCRFuncSetNextRouteMaxAngle,xff-symbol,high,recomp,
0x014612C0,0x014612F0,GAMECORE,sub_014612C0,SCRFuncLineCut,xff-symbol,high,recomp,
0x014612F0,0x01461320,GAMECORE,sub_014612F0,SCRFuncLineConnect,xff-symbol,high,recomp,
0x01461320,0x01461350,GAMECORE,sub_01461320,SCRFuncLineSetRoute,xff-symbol,high,recomp,
0x01461350,0x01461380,GAMECORE,sub_01461350,SCRFuncLineUnsetRoute,xff-symbol,high,recomp,
0x01461380,0x014613B0,GAMECORE,sub_01461380,SCRFuncLineSetForcePrio,xff-symbol,high,recomp,
0x014613B0,0x014613D0,GAMECORE,sub_014613B0,SCRFuncLineAllReset,xff-symbol,high,recomp,
0x014613D0,0x01461434,GAMECORE,sub_014613D0,SCRFuncSetDPGroupID,xff-symbol,high,recomp,
0x01461438,0x01461498,GAMECORE,sub_01461438,SCRFuncSetAttainPlayer,xff-symbol,high,recomp,
0x01461498,0x014614E4,GAMECORE,sub_01461498,SCRFuncSetAttainNowPlayerPos,xff-symbol,high,recomp,
0x014614E8,0x0146152C,GAMECORE,sub_014614E8,SCRFuncSetAttainLostPlayerPos,xff-symbol,high,recomp,
0x01461530,0x0146156C,GAMECORE,sub_01461530,SCRFuncSetAttainLostPlayerPosGlobalY,xff-symbol,high,recomp,
0x01461570,0x014615D0,GAMECORE,sub_01461570,SCRFuncSetAttainMyselfPosAndGlobalY,xff-symbol,high,recomp,
0x014615D0,0x01461614,GAMECORE,sub_014615D0,SCRFuncSetAttainPlayerPosAndGlobalY,xff-symbol,high,recomp,
0x01461618,0x014616D0,GAMECORE,sub_01461618,SCRFuncSetAttainPlayerGroundPos,xff-symbol,high,recomp,
0x014616D0,0x014617BC,GAMECORE,sub_014616D0,SCRFuncSetAttainMyselfFrontPos,xff-symbol,high,recomp,
0x014617C0,0x014617F0,GAMECORE,sub_014617C0,SCRFuncUpdatePathSystem,xff-symbol,high,recomp,
0x014617F0,0x0146185C,GAMECORE,sub_014617F0,SCRFuncSetAttainPointPosForLanding,xff-symbol,high,recomp,
0x01461860,0x014618D4,GAMECORE,sub_01461860,SCRFuncSetAttainNearPlayerPoint,xff-symbol,high,recomp,
0x014618D8,0x01461960,GAMECORE,sub_014618D8,SCRFuncSetAttainNearMyselfPoint,xff-symbol,high,recomp,
0x01461960,0x01461980,GAMECORE,sub_01461960,SCRFuncResetPathSystem,xff-symbol,high,recomp,
0x01461980,0x01461C84,GAMECORE,sub_01461980,SCRFuncRegressFromPlayer,xff-symbol,high,recomp,
0x01461C88,0x01461E14,GAMECORE,sub_01461C88,SCRFuncAttackCancelForTwoBoneRay,xff-symbol,high,recomp,
0x01461E18,0x01462090,GAMECORE,sub_01461E18,SCRFuncAttackCancelForOneBoneRay,xff-symbol,high,recomp,
0x01462090,0x014620B0,GAMECORE,sub_01462090,SCRFuncResetVolumeTime0,xff-symbol,high,recomp,
0x014620B0,0x01462194,GAMECORE,sub_014620B0,SCRFuncVolumeTime0Main,xff-symbol,high,recomp,
0x01462198,0x01462254,GAMECORE,sub_01462198,SCRFuncConditionSendKey,xff-symbol,high,recomp,
0x01462258,0x01462340,GAMECORE,sub_01462258,SCRFuncSendKeyToGameObj,xff-symbol,high,recomp,
0x01462340,0x014623B0,GAMECORE,sub_01462340,SCRFuncSetDispFlagGameObj,xff-symbol,high,recomp,
0x014623B0,0x01462498,GAMECORE,sub_014623B0,SCRFuncOutsideSendKeyToGameObj,xff-symbol,high,recomp,
0x01462498,0x01462508,GAMECORE,sub_01462498,SCRFuncResetKeyToGameObj,xff-symbol,high,recomp,
0x01462508,0x0146255C,GAMECORE,sub_01462508,SCRFuncConditionExecFunc,xff-symbol,high,recomp,
0x01462560,0x01462578,GAMECORE,sub_01462560,SCRFuncSubFunc,xff-symbol,high,recomp,
0x01462578,0x014625A4,GAMECORE,sub_01462578,SCRFuncSetGpCalcDist,xff-symbol,high,recomp,
0x014625A8,0x014627C0,GAMECORE,sub_014625A8,SCRFuncInputRotateMotionKey,xff-symbol,high,recomp,
0x014627C0,0x014629FC,GAMECORE,sub_014627C0,SCRFuncInputRotateMotionKeyToNextPoint,xff-symbol,high,recomp,
0x01462A00,0x01462AB8,GAMECORE,sub_01462A00,SCRFuncStartStageLayoutLWS,xff-symbol,high,recomp,
0x01462AB8,0x01462B58,GAMECORE,sub_01462AB8,SCRFuncStartGameObjectLWS,xff-symbol,high,recomp,
0x01462B58,0x01462C1C,GAMECORE,sub_01462B58,SCRFuncStartGameObjectLWSCheckStatus,xff-symbol,high,recomp,
0x01462C20,0x01462E0C,GAMECORE,sub_01462C20,SCRFuncStartEventDemo,xff-symbol,high,recomp,
0x01462E10,0x01462FE4,GAMECORE,sub_01462E10,SCRFuncStartEventDemoGameModeCheck,xff-symbol,high,recomp,
0x01462FE8,0x01462FFC,GAMECORE,sub_01462FE8,SCRFuncBootBoss,xff-symbol,high,recomp,
0x01463000,0x01463134,GAMECORE,sub_01463000,SCRFuncSetGameFlagByGameObj,xff-symbol,high,recomp,
0x01463138,0x01463150,GAMECORE,sub_01463138,SCRFuncSetGameFlag,xff-symbol,high,recomp,
0x01463150,0x01463168,GAMECORE,sub_01463150,SCRFuncClsGameFlag,xff-symbol,high,recomp,
0x01463168,0x0146317C,GAMECORE,sub_01463168,SCRFuncSetMyselfMotionSpeedRatio,xff-symbol,high,recomp,
0x01463180,0x01463234,GAMECORE,sub_01463180,SCRFuncSetAttakIKPosForMotionCheck,xff-symbol,high,recomp,
0x01463238,0x01463260,GAMECORE,sub_01463238,SCRFuncParentRelateInit,xff-symbol,high,recomp,
0x01463260,0x014633FC,GAMECORE,sub_01463260,SCRFuncParentRelateMain,xff-symbol,high,recomp,
0x01463400,0x01463554,GAMECORE,sub_01463400,SCRFuncSetGeoAndSendKey,xff-symbol,high,recomp,
0x01463558,0x01463730,GAMECORE,sub_01463558,SCRFuncCheckColAndSendKey,xff-symbol,high,recomp,
0x01463730,0x01463914,GAMECORE,sub_01463730,SCRFuncSetAttainForPreParallelTrans,xff-symbol,high,recomp,
0x01463918,0x01463ADC,GAMECORE,sub_01463918,SCRFuncSetAttainForParallelTrans,xff-symbol,high,recomp,
0x01463AE0,0x01463B3C,GAMECORE,sub_01463AE0,SCRFuncSetAttainHitPosByWayCollision,xff-symbol,high,recomp,
0x01463B40,0x01463B94,GAMECORE,sub_01463B40,SCRFuncSetAttainPointPosForEventID,xff-symbol,high,recomp,
0x01463B98,0x01463BC0,GAMECORE,sub_01463B98,SCRFuncSetAngryValue,xff-symbol,high,recomp,
0x01463BC0,0x01463BF0,GAMECORE,sub_01463BC0,SCRFuncAddAngryValue,xff-symbol,high,recomp,
0x01463BF0,0x01463CE4,GAMECORE,sub_01463BF0,SCRFuncSetOrientCheckWork,xff-symbol,high,recomp,
0x01463CE8,0x01463D00,GAMECORE,sub_01463CE8,SCRFuncSetAutoBossGazePos,xff-symbol,high,recomp,
0x01463D00,0x01463D2C,GAMECORE,sub_01463D00,SCRFuncForceSetPerceptionWork,xff-symbol,high,recomp,
0x01463D30,0x01463D5C,GAMECORE,sub_01463D30,SCRFuncForceRenewLastPos,xff-symbol,high,recomp,
0x01463D60,0x01463DA8,GAMECORE,sub_01463D60,SCRFuncResetWormCtrlParam,xff-symbol,high,recomp,
0x01463DA8,0x01463DF0,GAMECORE,sub_01463DA8,SCRFuncSetRotColCheckWormCtrlParam,xff-symbol,high,recomp,
0x01463DF0,0x01463E38,GAMECORE,sub_01463DF0,SCRFuncSetMiddleTargetWormCtrlParam,xff-symbol,high,recomp,
0x01463E38,0x01463EC4,GAMECORE,sub_01463E38,SCRFuncSetAcceleParamWormCtrlParam,xff-symbol,high,recomp,
0x01463EC8,0x01463F64,GAMECORE,sub_01463EC8,SCRFuncResetAcceleParamWormCtrlParam,xff-symbol,high,recomp,
0x01463F68,0x01463F94,GAMECORE,sub_01463F68,SCRFuncSetSearchRadius,xff-symbol,high,recomp,
0x01463F98,0x01463FC4,GAMECORE,sub_01463F98,SCRFuncResetSearchRadius,xff-symbol,high,recomp,
0x01463FC8,0x01464094,GAMECORE,sub_01463FC8,SCRFuncSetSpeedByHorseForWormCtrl,xff-symbol,high,recomp,
0x01464098,0x014640E0,GAMECORE,sub_01464098,SCRFuncSetObstacleWormCtrl,xff-symbol,high,recomp,
0x014640E0,0x014641FC,GAMECORE,sub_014640E0,SCRFuncSetWorkIKAttainVector,xff-symbol,high,recomp,
0x01464200,0x01464360,GAMECORE,sub_01464200,SCRFuncSetDistByHorseForWormCtrl,xff-symbol,high,recomp,
0x01464360,0x01464680,GAMECORE,sub_01464360,SCRFuncSetAttainPosForEscapeToPlayer,xff-symbol,high,recomp,
0x01464680,0x014646D4,GAMECORE,sub_01464680,SCRFuncSegmentLoadRequestByMyself,xff-symbol,high,recomp,
0x014646D8,0x01464718,GAMECORE,sub_014646D8,SCRFuncSegmentUnloadRequest,xff-symbol,high,recomp,
0x01464718,0x01464760,GAMECORE,sub_01464718,SCRFuncSegmentLoadWait,xff-symbol,high,recomp,
0x01464760,0x014647EC,GAMECORE,sub_01464760,SCRFuncSetPerceptionParam,xff-symbol,high,recomp,
0x014647F0,0x01464830,GAMECORE,sub_014647F0,SCRFuncChangeSegmentVariation,xff-symbol,high,recomp,
0x01464830,0x01464864,GAMECORE,sub_01464830,SCRFuncSetGripDamage,xff-symbol,high,recomp,
0x01464868,0x014648A4,GAMECORE,sub_01464868,SCRFuncSetPassageRangeData,xff-symbol,high,recomp,
0x014648A8,0x014648C8,GAMECORE,sub_014648A8,setConditionBoss,xff-symbol,high,recomp,
0x014648C8,0x014648E8,GAMECORE,sub_014648C8,setConditionHorse,xff-symbol,high,recomp,
0x014648E8,0x01464904,GAMECORE,sub_014648E8,SCRFuncSetGameWork,xff-symbol,high,recomp,
0x01464908,0x01464934,GAMECORE,sub_01464908,SCRFuncSetAttainRange,xff-symbol,high,recomp,
0x01464938,0x014649E4,GAMECORE,sub_01464938,SCRFuncChangedColDamageOn,xff-symbol,high,recomp,
0x014649E8,0x01464A94,GAMECORE,sub_014649E8,SCRFuncChangedColDamageOff,xff-symbol,high,recomp,
0x01464A98,0x01464AE0,GAMECORE,sub_01464A98,SCRFuncSetPlayerAttainDir,xff-symbol,high,recomp,
0x01464AE0,0x01464B0C,GAMECORE,sub_01464AE0,SCRFuncSetCreateTempAttain,xff-symbol,high,recomp,
0x01464B10,0x01464B50,GAMECORE,sub_01464B10,,reloc-la,high,recomp,
0x01464B50,0x01464B98,GAMECORE,sub_01464B50,,reloc-la,high,recomp,
0x01464B98,0x014657AC,GAMECORE,sub_01464B98,initScriptDataSystem,xff-symbol+reloc-jal,high,recomp,
0x014657B0,0x01467038,GAMECORE,sub_014657B0,updateScriptDataSystem,xff-symbol+reloc-jal,high,recomp,
0x01467038,0x014672D0,GAMECORE,sub_01467038,setSCRGazeStatus,xff-symbol+reloc-jal,high,recomp,
0x014672D0,0x014674F4,GAMECORE,sub_014672D0,getDPGroupID,xff-symbol+reloc-jal,high,recomp,
0x014674F8,0x01467680,GAMECORE,sub_014674F8,execCondition,xff-symbol+reloc-jal+reloc-j,high,recomp,
0x01467680,0x01467880,GAMECORE,sub_01467680,,reloc-la,high,recomp,
0x01467880,0x014679D4,GAMECORE,sub_01467880,checkDeadMotionLoadByScriptDataSystem,xff-symbol+reloc-jal,high,recomp,
0x014679D8,0x01467A00,GAMECORE,sub_014679D8,getSCRDataCtrlWork,xff-symbol+reloc-jal,high,recomp,
0x01467A00,0x01467AF0,GAMECORE,sub_01467A00,execSCRBaseFunc,xff-symbol+reloc-jal+reloc-j,high,recomp,
0x01467AF0,0x01467BC0,GAMECORE,sub_01467AF0,setSCRAttainRange,xff-symbol+reloc-jal+reloc-j,high,recomp,
0x01467BC0,0x01467CD4,GAMECORE,sub_01467BC0,loadRequestMotList,xff-symbol+reloc-jal,high,recomp,
0x01467CD8,0x01467DD0,GAMECORE,sub_01467CD8,finishLoadMotList,xff-symbol+reloc-jal+reloc-la,high,recomp,
0x01467DD0,0x01467DDC,GAMECORE,sub_01467DD0,setConditionResultBoss,xff-symbol+reloc-j,high,recomp,
0x01467DE0,0x01467DEC,GAMECORE,sub_01467DE0,setConditionResultHorse,xff-symbol+reloc-j,high,recomp,
0x01467DF0,0x01467DFC,GAMECORE,sub_01467DF0,SCRConditionResultBoss,xff-symbol,high,recomp,
0x01467E00,0x01467E0C,GAMECORE,sub_01467E00,SCRConditionResultHorse,xff-symbol,high,recomp,
0x01467E10,0x01467E18,GAMECORE,sub_01467E10,SCRConditionTrue,xff-symbol,high,recomp,
0x01467E18,0x01467E30,GAMECORE,sub_01467E18,SCRConditionSubFunc,xff-symbol,high,recomp,
0x01467E30,0x01467E44,GAMECORE,sub_01467E30,SCRConditionAttacked,xff-symbol,high,recomp,
0x01467E48,0x01467E94,GAMECORE,sub_01467E48,SCRConditionDamagedType,xff-symbol,high,recomp,
0x01467E98,0x01467F5C,GAMECORE,sub_01467E98,SCRConditionDamagedWeaponType,xff-symbol,high,recomp,
0x01467F60,0x01467FD0,GAMECORE,sub_01467F60,SCRConditionDamagedColType,xff-symbol,high,recomp,
0x01467FD0,0x01468038,GAMECORE,sub_01467FD0,SCRConditionDamagedPosRight,xff-symbol,high,recomp,
0x01468038,0x014680B0,GAMECORE,sub_01468038,SCRConditionLastPassagePointEventID,xff-symbol,high,recomp,
0x014680B0,0x0146811C,GAMECORE,sub_014680B0,SCRConditionNextPointEventID,xff-symbol,high,recomp,
0x01468120,0x01468198,GAMECORE,sub_01468120,SCRConditionNowPassagePointEventID,xff-symbol,high,recomp,
0x01468198,0x01468244,GAMECORE,sub_01468198,SCRConditionNowPassagePointEventIDRange,xff-symbol,high,recomp,
0x01468248,0x014682B8,GAMECORE,sub_01468248,SCRConditionCheckWayOrientAttainPlayer,xff-symbol,high,recomp,
0x014682B8,0x01468490,GAMECORE,sub_014682B8,SCRConditionCheckAngleToNextPoint,xff-symbol,high,recomp,
0x01468490,0x014685A8,GAMECORE,sub_01468490,SCRConditionPlayerParentColAttr,xff-symbol,high,recomp,
0x014685A8,0x0146866C,GAMECORE,sub_014685A8,SCRConditionPlayerParentRangeColAttr,xff-symbol,high,recomp,
0x01468670,0x014687A0,GAMECORE,sub_01468670,SCRConditionPlayerParentColAttrAndEquipmentCheck,xff-symbol,high,recomp,
0x014687A0,0x01468880,GAMECORE,sub_014687A0,SCRConditionPlayerParentRangeColAttrAndEquipmentCheck,xff-symbol,high,recomp,
0x01468880,0x014688A8,GAMECORE,sub_01468880,SCRConditionPlayerRidingHorse,xff-symbol,high,recomp,
0x014688A8,0x014688F0,GAMECORE,sub_014688A8,SCRConditionPlayerWaterIn,xff-symbol,high,recomp,
0x014688F0,0x0146891C,GAMECORE,sub_014688F0,SCRConditionDamagedPlayer,xff-symbol,high,recomp,
0x01468920,0x014689CC,GAMECORE,sub_01468920,SCRConditionPlayerDamagedType,xff-symbol,high,recomp,
0x014689D0,0x01468A50,GAMECORE,sub_014689D0,SCRConditionMyselfParentColAttr,xff-symbol,high,recomp,
0x01468A50,0x01468B28,GAMECORE,sub_01468A50,SCRConditionGameObjParentColAttr,xff-symbol,high,recomp,
0x01468B28,0x01468BC4,GAMECORE,sub_01468B28,SCRConditionHorseParentColAttr,xff-symbol,high,recomp,
0x01468BC8,0x01468C50,GAMECORE,sub_01468BC8,SCRConditionMyselfMotionCheck,xff-symbol,high,recomp,
0x01468C50,0x01468D08,GAMECORE,sub_01468C50,SCRConditionMyselfMotionShiftCheck,xff-symbol,high,recomp,
0x01468D08,0x01468DC0,GAMECORE,sub_01468D08,SCRConditionMyselfLastMotionShiftCheck,xff-symbol,high,recomp,
0x01468DC0,0x01468EBC,GAMECORE,sub_01468DC0,SCRConditionMyselfAddMotionCheck,xff-symbol,high,recomp,
0x01468EC0,0x01468F48,GAMECORE,sub_01468EC0,SCRConditionMyselfControlModeCheck,xff-symbol,high,recomp,
0x01468F48,0x01468FDC,GAMECORE,sub_01468F48,SCRConditionPlayerMotionCheck,xff-symbol,high,recomp,
0x01468FE0,0x0146909C,GAMECORE,sub_01468FE0,SCRConditionPlayerMotionShiftCheck,xff-symbol,high,recomp,
0x014690A0,0x0146915C,GAMECORE,sub_014690A0,SCRConditionPlayerLastMotionShiftCheck,xff-symbol,high,recomp,
0x01469160,0x014691F8,GAMECORE,sub_01469160,SCRConditionPlayerControlModeCheck,xff-symbol,high,recomp,
0x014691F8,0x01469234,GAMECORE,sub_014691F8,SCRConditionMyselfOverGlobalY,xff-symbol,high,recomp,
0x01469238,0x01469274,GAMECORE,sub_01469238,SCRConditionMyselfLessGlobalY,xff-symbol,high,recomp,
0x01469278,0x014692BC,GAMECORE,sub_01469278,SCRConditionPlayerLessGlobalY,xff-symbol,high,recomp,
0x014692C0,0x014692E0,GAMECORE,sub_014692C0,SCRConditionMyselfKeepHit,xff-symbol,high,recomp,
0x014692E0,0x01469300,GAMECORE,sub_014692E0,SCRConditionPlayerTorch,xff-symbol,high,recomp,
0x01469300,0x01469324,GAMECORE,sub_01469300,SCRConditionAPFinish,xff-symbol,high,recomp,
0x01469328,0x0146934C,GAMECORE,sub_01469328,SCRConditionGPFinish,xff-symbol,high,recomp,
0x01469350,0x01469374,GAMECORE,sub_01469350,SCRConditionPPFinish,xff-symbol,high,recomp,
0x01469378,0x014693AC,GAMECORE,sub_01469378,SCRConditionPPPassageNum,xff-symbol,high,recomp,
0x014693B0,0x014693E0,GAMECORE,sub_014693B0,SCRConditionGPChanged,xff-symbol,high,recomp,
0x014693E0,0x0146940C,GAMECORE,sub_014693E0,SCRConditionAPChanged,xff-symbol,high,recomp,
0x01469410,0x01469468,GAMECORE,sub_01469410,SCRConditionDPGroupIDChanged,xff-symbol,high,recomp,
0x01469468,0x014694FC,GAMECORE,sub_01469468,SCRConditionGPOrDPGroupIDChanged,xff-symbol,high,recomp,
0x01469500,0x01469520,GAMECORE,sub_01469500,SCRConditionWayFinish,xff-symbol,high,recomp,
0x01469520,0x01469540,GAMECORE,sub_01469520,SCRConditionPathStatus,xff-symbol,high,recomp,
0x01469540,0x01469574,GAMECORE,sub_01469540,SCRConditionPathPassageNum,xff-symbol,high,recomp,
0x01469578,0x014695AC,GAMECORE,sub_01469578,SCRConditionPathPassageNumOver,xff-symbol,high,recomp,
0x014695B0,0x014695D0,GAMECORE,sub_014695B0,SCRConditionPlayerInSight,xff-symbol,high,recomp,
0x014695D0,0x014695F4,GAMECORE,sub_014695D0,SCRConditionPlayerInLost,xff-symbol,high,recomp,
0x014695F8,0x0146961C,GAMECORE,sub_014695F8,SCRConditionInstantaneousPlayerInSight,xff-symbol,high,recomp,
0x01469620,0x01469658,GAMECORE,sub_01469620,SCRConditionOverDistanceToPlayerWorldXZ,xff-symbol,high,recomp,
0x01469658,0x01469690,GAMECORE,sub_01469658,SCRConditionLessDistanceToPlayerWorldXZ,xff-symbol,high,recomp,
0x01469690,0x014696C8,GAMECORE,sub_01469690,SCRConditionOverDistanceToPlayerWorld,xff-symbol,high,recomp,
0x014696C8,0x01469700,GAMECORE,sub_014696C8,SCRConditionLessDistanceToPlayerWorld,xff-symbol,high,recomp,
0x01469700,0x0146974C,GAMECORE,sub_01469700,SCRConditionAnglePlayerWorldXZ,xff-symbol,high,recomp,
0x01469750,0x01469944,GAMECORE,sub_01469750,SCRConditionRootAnglePlayerWorldXZ,xff-symbol,high,recomp,
0x01469948,0x014699E4,GAMECORE,sub_01469948,SCRConditionLessDistanceToBossWorldXZ,xff-symbol,high,recomp,
0x014699E8,0x01469A84,GAMECORE,sub_014699E8,SCRConditionOverDistanceToBossWorldXZ,xff-symbol,high,recomp,
0x01469A88,0x01469AC0,GAMECORE,sub_01469A88,SCRConditionModeLapsedTime,xff-symbol,high,recomp,
0x01469AC0,0x01469AF8,GAMECORE,sub_01469AC0,SCRConditionOrientLapsedTime,xff-symbol,high,recomp,
0x01469AF8,0x01469B30,GAMECORE,sub_01469AF8,SCRConditionVolumeTime0,xff-symbol,high,recomp,
0x01469B30,0x01469B90,GAMECORE,sub_01469B30,SCRConditionVolumeCheckForPlayerPos,xff-symbol,high,recomp,
0x01469B90,0x01469BFC,GAMECORE,sub_01469B90,SCRConditionVolumeCheckForPointPos,xff-symbol,high,recomp,
0x01469C00,0x01469D30,GAMECORE,sub_01469C00,SCRFuncVolumeCheckByGameObj,xff-symbol,high,recomp,
0x01469D30,0x01469E44,GAMECORE,sub_01469D30,SCRFuncVolumeCheckByGameObjForSelfPos,xff-symbol,high,recomp,
0x01469E48,0x01469EE8,GAMECORE,sub_01469E48,SCRConditionHorseMotionCheck,xff-symbol,high,recomp,
0x01469EE8,0x01469FF4,GAMECORE,sub_01469EE8,SCRConditionMotionCheck,xff-symbol,high,recomp,
0x01469FF8,0x0146A118,GAMECORE,sub_01469FF8,SCRConditionGameObjMotionShiftCheck,xff-symbol,high,recomp,
0x0146A118,0x0146A238,GAMECORE,sub_0146A118,SCRConditionGameObjLastMotionShiftCheck,xff-symbol,high,recomp,
0x0146A238,0x0146A3A8,GAMECORE,sub_0146A238,SCRConditionGameObjAddMotionCheck,xff-symbol,high,recomp,
0x0146A3A8,0x0146A448,GAMECORE,sub_0146A3A8,SCRConditionHorseControlModeCheck,xff-symbol,high,recomp,
0x0146A448,0x0146A554,GAMECORE,sub_0146A448,SCRConditionControlModeCheck,xff-symbol,high,recomp,
0x0146A558,0x0146A698,GAMECORE,sub_0146A558,SCRConditionGameFlagCheckByGameObj,xff-symbol,high,recomp,
0x0146A698,0x0146A6B0,GAMECORE,sub_0146A698,SCRConditionGameFlagCheck,xff-symbol,high,recomp,
0x0146A6B0,0x0146A6E8,GAMECORE,sub_0146A6B0,SCRConditionAttackPassageTime,xff-symbol,high,recomp,
0x0146A6E8,0x0146A740,GAMECORE,sub_0146A6E8,SCRConditionOverMyselfLife,xff-symbol,high,recomp,
0x0146A740,0x0146A798,GAMECORE,sub_0146A740,SCRConditionLessMyselfLife,xff-symbol,high,recomp,
0x0146A798,0x0146A7DC,GAMECORE,sub_0146A798,SCRConditionOverMyselfPartsLife,xff-symbol,high,recomp,
0x0146A7E0,0x0146A824,GAMECORE,sub_0146A7E0,SCRConditionLessMyselfPartsLife,xff-symbol,high,recomp,
0x0146A828,0x0146A86C,GAMECORE,sub_0146A828,SCRConditionOverMyselfWeakLife,xff-symbol,high,recomp,
0x0146A870,0x0146A8B4,GAMECORE,sub_0146A870,SCRConditionLessMyselfWeakLife,xff-symbol,high,recomp,
0x0146A8B8,0x0146A8E8,GAMECORE,sub_0146A8B8,SCRConditionMyselfPartsDamaged,xff-symbol,high,recomp,
0x0146A8E8,0x0146A918,GAMECORE,sub_0146A8E8,SCRConditionMyselfWeakDamaged,xff-symbol,high,recomp,
0x0146A918,0x0146A9AC,GAMECORE,sub_0146A918,SCRConditionExecGazeToPlayer,xff-symbol,high,recomp,
0x0146A9B0,0x0146A9F0,GAMECORE,sub_0146A9B0,SCRConditionOverPlayerLife,xff-symbol,high,recomp,
0x0146A9F0,0x0146AA30,GAMECORE,sub_0146A9F0,SCRConditionLessPlayerLife,xff-symbol,high,recomp,
0x0146AA30,0x0146AA64,GAMECORE,sub_0146AA30,SCRConditionOverPlayerGrip,xff-symbol,high,recomp,
0x0146AA68,0x0146AA9C,GAMECORE,sub_0146AA68,SCRConditionLessPlayerGrip,xff-symbol,high,recomp,
0x0146AAA0,0x0146AB38,GAMECORE,sub_0146AAA0,SCRConditionBossCheck,xff-symbol,high,recomp,
0x0146AB38,0x0146AB70,GAMECORE,sub_0146AB38,SCRConditionOverRandomVal,xff-symbol,high,recomp,
0x0146AB70,0x0146ABA8,GAMECORE,sub_0146AB70,SCRConditionLessRandomVal,xff-symbol,high,recomp,
0x0146ABA8,0x0146ABF8,GAMECORE,sub_0146ABA8,SCRConditionLessHorseSpeed,xff-symbol,high,recomp,
0x0146ABF8,0x0146AC84,GAMECORE,sub_0146ABF8,SCRConditionCheckGameObjLwsPlayMode,xff-symbol,high,recomp,
0x0146AC88,0x0146AD1C,GAMECORE,sub_0146AC88,SCRConditionOverLengthXZPlayerFromGp,xff-symbol,high,recomp,
0x0146AD20,0x0146ADB4,GAMECORE,sub_0146AD20,SCRConditionLessLengthXZPlayerFromGp,xff-symbol,high,recomp,
0x0146ADB8,0x0146AE14,GAMECORE,sub_0146ADB8,SCRConditionSwordFlareHitColAttr,xff-symbol,high,recomp,
0x0146AE18,0x0146AF34,GAMECORE,sub_0146AE18,SCRConditionUnderWaterByBone,xff-symbol,high,recomp,
0x0146AF38,0x0146B054,GAMECORE,sub_0146AF38,SCRConditionUnderWaterByBoneForHorse,xff-symbol,high,recomp,
0x0146B058,0x0146B08C,GAMECORE,sub_0146B058,SCRConditionPPCheck,xff-symbol,high,recomp,
0x0146B090,0x0146B0A8,GAMECORE,sub_0146B090,SCRConditionSegmentLoad,xff-symbol,high,recomp,
0x0146B0A8,0x0146B0C8,GAMECORE,sub_0146B0A8,SCRConditionLWSCameraPlay,xff-symbol,high,recomp,
0x0146B0C8,0x0146B100,GAMECORE,sub_0146B0C8,SCRConditionEyeModeLapsedTime,xff-symbol,high,recomp,
0x0146B100,0x0146B20C,GAMECORE,sub_0146B100,SCRConditionModeStatusByGameObj,xff-symbol,high,recomp,
0x0146B210,0x0146B224,GAMECORE,sub_0146B210,SCRConditionExistSoundBow,xff-symbol,high,recomp,
0x0146B228,0x0146B2B0,GAMECORE,sub_0146B228,SCRConditionModeStatusByMySelf,xff-symbol,high,recomp,
0x0146B2B0,0x0146B338,GAMECORE,sub_0146B2B0,SCRConditionOldModeStatusByMySelf,xff-symbol,high,recomp,
0x0146B338,0x0146B3D4,GAMECORE,sub_0146B338,SCRConditionSpecifiedModeByMySelf,xff-symbol,high,recomp,
0x0146B3D8,0x0146B474,GAMECORE,sub_0146B3D8,SCRConditionModeShiftByMySelf,xff-symbol,high,recomp,
0x0146B478,0x0146B490,GAMECORE,sub_0146B478,SCRConditionInvisibilityCloak,xff-symbol,high,recomp,
0x0146B490,0x0146B4A8,GAMECORE,sub_0146B490,SCRConditionGetOmakeFlag,xff-symbol,high,recomp,
0x0146B4A8,0x0146B4C8,GAMECORE,sub_0146B4A8,SCRConditionChkDisplayOmakeCompleteAlert,xff-symbol,high,recomp,
0x0146B4C8,0x0146B50C,GAMECORE,sub_0146B4C8,SCRConditionTargetAttrOfInside,xff-symbol,high,recomp,
0x0146B510,0x0146B53C,GAMECORE,sub_0146B510,SCRConditionCheckGameClearCnt,xff-symbol,high,recomp,
0x0146B540,0x0146B554,GAMECORE,sub_0146B540,SCRConditionHardMode,xff-symbol,high,recomp,
0x0146B558,0x0146B588,GAMECORE,sub_0146B558,SCRConditionOverGameWork,xff-symbol,high,recomp,
0x0146B588,0x0146B5B4,GAMECORE,sub_0146B588,SCRConditionArrowParentOverNum,xff-symbol,high,recomp,
0x0146B5B8,0x0146B624,GAMECORE,sub_0146B5B8,SCRConditionWeaponHitAttr,xff-symbol,high,recomp,
0x0146B628,0x0146B648,GAMECORE,sub_0146B628,SCRConditionReturnStartMyself,xff-symbol,high,recomp,
0x0146B648,0x0146B68C,GAMECORE,sub_0146B648,SCRConditionPlayerBossParentOverTime,xff-symbol,high,recomp,
0x0146B690,0x0146B6D4,GAMECORE,sub_0146B690,SCRConditionCheckBuryingWormCtrl,xff-symbol,high,recomp,
0x0146B6D8,0x0146B780,GAMECORE,sub_0146B6D8,SCRConditionAttainRange,xff-symbol,high,recomp,
0x0146B780,0x0146B894,GAMECORE,sub_0146B780,SCRConditionVolumeCheckForBoneByGameObj,xff-symbol,high,recomp,
0x0146B898,0x0146B924,GAMECORE,sub_0146B898,SCRConditionBossDeathStartMotion,xff-symbol,high,recomp,
0x0146B928,0x0146B99C,GAMECORE,sub_0146B928,SCRConditionBossDeathLoopMotion,xff-symbol,high,recomp,
0x0146B9A0,0x0146BBF4,GAMECORE,sub_0146B9A0,SCRConditionAtkChackThreeRaySector,xff-symbol,high,recomp,
0x0146BBF8,0x0146BE34,GAMECORE,sub_0146BBF8,SCRConditionAtkChackThreeRayParallel,xff-symbol,high,recomp,
0x0146BE38,0x0146BE78,GAMECORE,sub_0146BE38,,reloc-la,high,recomp,
0x0146BE78,0x0146C0E8,GAMECORE,sub_0146BE78,,reloc-la,high,recomp,
0x0146C0E8,0x0146C218,GAMECORE,sub_0146C0E8,,reloc-la,high,recomp,
0x0146C218,0x0146C898,GAMECORE,sub_0146C218,,reloc-la,high,recomp,
0x0146C898,0x0146C8D8,GAMECORE,sub_0146C898,createScrDemoManager,xff-symbol+reloc-jal,high,recomp,
0x0146C8D8,0x0146C8EC,GAMECORE,sub_0146C8D8,setScrDemoMangerFinishCallback,xff-symbol+reloc-jal,high,recomp,
0x0146C8F0,0x0146C920,GAMECORE,sub_0146C8F0,pauseEventDemoManger,xff-symbol+reloc-jal,high,recomp,
0x0146C920,0x0146C99C,GAMECORE,sub_0146C920,eventBgmAllClose,xff-symbol+reloc-jal,high,recomp,
0x0146C9A0,0x0146CB3C,GAMECORE,sub_0146C9A0,createScrEventDemoManager,xff-symbol+reloc-j+reloc-jal,high,recomp,
0x0146CB40,0x0146CB64,GAMECORE,sub_0146CB40,scrDemoInit,xff-symbol+reloc-jal,high,recomp,
0x0146CB68,0x0146CC30,GAMECORE,sub_0146CB68,,reloc-la,high,recomp,
0x0146CC30,0x0146CC78,GAMECORE,sub_0146CC30,,reloc-la,high,recomp,
0x0146CC78,0x0146D1CC,GAMECORE,sub_0146CC78,updateEyeWork,xff-symbol+reloc-jal,high,recomp,
0x0146D1D0,0x0146D284,GAMECORE,sub_0146D1D0,createEyeWork,xff-symbol+reloc-jal,high,recomp,
0x0146D288,0x0146D45C,GAMECORE,sub_0146D288,updateHintWork,xff-symbol+reloc-jal,high,recomp,
0x0146D460,0x0146D520,GAMECORE,sub_0146D460,createHintWork,xff-symbol+reloc-jal,high,recomp,
0x0146D520,0x0146D554,GAMECORE,sub_0146D520,startHintWork,xff-symbol+reloc-jal,high,recomp,
0x0146D558,0x0146D654,GAMECORE,sub_0146D558,SCRConditionHintPlayFunc,xff-symbol,high,recomp,
0x0146D658,0x0146D688,GAMECORE,sub_0146D658,SCRConditionHintOverPlayCount,xff-symbol,high,recomp,
0x0146D688,0x0146D6B8,GAMECORE,sub_0146D688,SCRConditionHintEqualPlayCount,xff-symbol,high,recomp,
0x0146D6B8,0x0146DB70,GAMECORE,sub_0146D6B8,updateInterestWork,xff-symbol+reloc-j,high,recomp,
0x0146DB70,0x0146DB88,GAMECORE,sub_0146DB70,initInterestWork,xff-symbol+reloc-j,high,recomp,
0x0146DB88,0x0146DB94,GAMECORE,sub_0146DB88,getInterestExec,xff-symbol+reloc-j,high,recomp,
0x0146DB98,0x0146DEAC,GAMECORE,sub_0146DB98,updatePerceptionWork,xff-symbol+reloc-jal,high,recomp,
0x0146DEB0,0x0146E384,GAMECORE,sub_0146DEB0,perceptionExec,xff-symbol+reloc-jal,high,recomp,
0x0146E388,0x0146E400,GAMECORE,sub_0146E388,createPerceptionWork,xff-symbol+reloc-jal,high,recomp,
0x0146E400,0x0146E408,GAMECORE,sub_0146E400,setPerceptionParam,xff-symbol+reloc-j+reloc-jal,high,recomp,
0x0146E408,0x0146E4D4,GAMECORE,sub_0146E408,perceptionExec2,xff-symbol,high,recomp,
0x0146E4D8,0x0146E51C,GAMECORE,sub_0146E4D8,forceSetPerceptionWork,xff-symbol+reloc-j,high,recomp,
0x0146E520,0x0146E540,GAMECORE,sub_0146E520,forceRenewLastPosPerceptionWork,xff-symbol+reloc-j,high,recomp,
0x0146E540,0x0146E558,GAMECORE,sub_0146E540,equipmentInvisibilityCloak,xff-symbol+reloc-jal,high,recomp,
0x0146E558,0x0146E630,GAMECORE,sub_0146E558,,reloc-la,high,recomp,
0x0146E630,0x0146F0A4,GAMECORE,sub_0146E630,nico_aimIK,xff-symbol,high,recomp,
0x0146F0A8,0x0146F0D8,GAMECORE,sub_0146F0A8,updateAimIKWork,xff-symbol+reloc-jal,high,recomp,
0x0146F0D8,0x0146F0F8,GAMECORE,sub_0146F0D8,getAimIKWork,xff-symbol+reloc-jal,high,recomp,
0x0146F0F8,0x0146F100,GAMECORE,sub_0146F0F8,getSizeAimIKWork,xff-symbol,high,recomp,
0x0146F100,0x0146F124,GAMECORE,sub_0146F100,initAimIKWork,xff-symbol,high,recomp,
0x0146F128,0x0146FA04,GAMECORE,sub_0146F128,nico_attackIK_waist,xff-symbol,high,recomp,
0x0146FA08,0x0146FA38,GAMECORE,sub_0146FA08,updateAttackWaistIKWork,xff-symbol+reloc-jal,high,recomp,
0x0146FA38,0x0146FA40,GAMECORE,sub_0146FA38,getSizeAttackIKWork,xff-symbol,high,recomp,
0x0146FA40,0x0146FA64,GAMECORE,sub_0146FA40,initAttackWaistIKWork,xff-symbol,high,recomp,
0x0146FA68,0x0146FA9C,GAMECORE,sub_0146FA68,nico_attackIK_optBone,xff-symbol,high,recomp,
0x0146FAA0,0x0146FB9C,GAMECORE,sub_0146FAA0,nico_BeardTop,xff-symbol,high,recomp,
0x0146FBA0,0x01470818,GAMECORE,sub_0146FBA0,nico_BeardNext,xff-symbol+reloc-jal,high,recomp,
0x01470818,0x014709C4,GAMECORE,sub_01470818,nico_BeardLast,xff-symbol,high,recomp,
0x014709C8,0x01470B18,GAMECORE,sub_014709C8,,reloc-jal,high,recomp,
0x01470B18,0x01470B50,GAMECORE,sub_01470B18,,reloc-la,high,recomp,
0x01470B50,0x01470B58,GAMECORE,sub_01470B50,getSizeBeardIKWork,xff-symbol,high,recomp,
0x01470B58,0x01470B84,GAMECORE,sub_01470B58,initBeardIKWork,xff-symbol,high,recomp,
0x01470B88,0x01470B90,GAMECORE,sub_01470B88,nico_BeardTest,xff-symbol,high,recomp,
0x01470B90,0x014713CC,GAMECORE,sub_01470B90,nico_Meet2Main,xff-symbol,high,recomp,
0x014713D0,0x01471408,GAMECORE,sub_014713D0,,reloc-la,high,recomp,
0x01471408,0x0147144C,GAMECORE,sub_01471408,getSizeBuriesIKWork,xff-symbol,high,recomp,
0x01471450,0x014714D4,GAMECORE,sub_01471450,initBuriesIKWork,xff-symbol,high,recomp,
0x014714D8,0x01471748,GAMECORE,sub_014714D8,,reloc-jal,high,recomp,
0x01471748,0x01471938,GAMECORE,sub_01471748,,reloc-jal,high,recomp,
0x01471938,0x014731C4,GAMECORE,sub_01471938,nico_gazeHeadIK4,xff-symbol,high,recomp,
0x014731C8,0x01473224,GAMECORE,sub_014731C8,setRatioGazeIKWork,xff-symbol+reloc-jal,high,recomp,
0x01473228,0x0147323C,GAMECORE,sub_01473228,setGoingAngleGazeIKWork,xff-symbol+reloc-jal,high,recomp,
0x01473240,0x0147325C,GAMECORE,sub_01473240,setGazeDirGazeIKWork,xff-symbol+reloc-jal,high,recomp,
0x01473260,0x01473274,GAMECORE,sub_01473260,setSubParamGazeIKWork,xff-symbol+reloc-jal,high,recomp,
0x01473278,0x0147328C,GAMECORE,sub_01473278,setGazeModeGazeIKWork,xff-symbol+reloc-jal,high,recomp,
0x01473290,0x014732A4,GAMECORE,sub_01473290,setExecRootQuatGazeIKWork,xff-symbol+reloc-jal,high,recomp,
0x014732A8,0x014732BC,GAMECORE,sub_014732A8,setExecGazeIKWork,xff-symbol+reloc-jal,high,recomp,
0x014732C0,0x014732E8,GAMECORE,sub_014732C0,updateGazeIKWork,xff-symbol+reloc-jal,high,recomp,
0x014732E8,0x01473368,GAMECORE,sub_014732E8,,reloc-jal,high,recomp,
0x01473368,0x014734C0,GAMECORE,sub_01473368,,reloc-jal,high,recomp,
0x014734C0,0x0147362C,GAMECORE,sub_014734C0,nico_calcTailGenealogicalNodeHead,xff-symbol,high,recomp,
0x01473630,0x01473C20,GAMECORE,sub_01473630,nico_calcTailGenealogicalNodeNext,xff-symbol+reloc-jal,high,recomp,
0x01473C20,0x01473C28,GAMECORE,sub_01473C20,getSizeTailIKWork,xff-symbol,high,recomp,
0x01473C28,0x01473C38,GAMECORE,sub_01473C28,initTailIKWork,xff-symbol,high,recomp,
0x01473C38,0x01473D7C,GAMECORE,sub_01473C38,nico_calcTailGenealogicalNodeTail,xff-symbol,high,recomp,
0x01473D80,0x01473DB0,GAMECORE,sub_01473D80,ReflectIK_initWormDynamics,xff-symbol+reloc-jal,high,recomp,
0x01473DB0,0x01474098,GAMECORE,sub_01473DB0,,reloc-jal,high,recomp,
0x01474098,0x01474258,GAMECORE,sub_01474098,,reloc-jal,high,recomp,
0x01474258,0x014743A0,GAMECORE,sub_01474258,,reloc-jal,high,recomp,
0x014743A0,0x0147459C,GAMECORE,sub_014743A0,initWormIKWork,xff-symbol+reloc-jal,high,recomp,
0x014745A0,0x01474988,GAMECORE,sub_014745A0,,reloc-jal,high,recomp,
0x01474988,0x01474EC0,GAMECORE,sub_01474988,nico_calcWormGenealogicalNodeHeadBase,xff-symbol+reloc-jal,high,recomp,
0x01474EC0,0x01475050,GAMECORE,sub_01474EC0,nico_restartWormGenealogicalNodeFromOtherIK,xff-symbol,high,recomp,
0x01475050,0x014752D8,GAMECORE,sub_01475050,nico_calcWormGenealogicalNodeNextBase,xff-symbol+reloc-jal,high,recomp,
0x014752D8,0x01475414,GAMECORE,sub_014752D8,nico_calcWormGenealogicalNodeHead,xff-symbol,high,recomp,
0x01475418,0x014756AC,GAMECORE,sub_01475418,nico_calcWormGenealogicalNodeTailBase,xff-symbol+reloc-jal,high,recomp,
0x014756B0,0x01475E58,GAMECORE,sub_014756B0,,reloc-jal,high,recomp,
0x01475E58,0x01476088,GAMECORE,sub_01475E58,nico_calcWormGenealogicalNodeDownHead,xff-symbol,high,recomp,
0x01476088,0x01476224,GAMECORE,sub_01476088,nico_calcWormGenealogicalNodeDownNext,xff-symbol+reloc-j,high,recomp,
0x01476228,0x01476250,GAMECORE,sub_01476228,getWormIKWork,xff-symbol+reloc-jal,high,recomp,
0x01476250,0x01476260,GAMECORE,sub_01476250,setWormIKBoundDynamics,xff-symbol+reloc-jal,high,recomp,
0x01476260,0x0147628C,GAMECORE,sub_01476260,setWormIKNodeLimit,xff-symbol+reloc-jal,high,recomp,
0x01476290,0x01476298,GAMECORE,sub_01476290,setWormIKBankInterpSec,xff-symbol+reloc-jal,high,recomp,
0x01476298,0x014762AC,GAMECORE,sub_01476298,setWormIKAttainXVector,xff-symbol+reloc-jal,high,recomp,
0x014762B0,0x014762DC,GAMECORE,sub_014762B0,coliJudgeNotWater,xff-symbol+reloc-la,high,recomp,
0x014762E0,0x0147630C,GAMECORE,sub_014762E0,nico_restartWormGenealogicalNodeFromDemo,xff-symbol,high,recomp,
0x01476310,0x014763B4,GAMECORE,sub_01476310,nico_calcWormGenealogicalNodeNext,xff-symbol,high,recomp,
0x014763B8,0x01476470,GAMECORE,sub_014763B8,nico_calcWormGenealogicalNodeTail,xff-symbol,high,recomp,
0x01476470,0x014764F8,GAMECORE,sub_01476470,nico_calcWormGenealogicalNodeDownTail,xff-symbol,high,recomp,
0x014764F8,0x0147650C,GAMECORE,sub_014764F8,nico_calcWormGenealogicalNodeDownNextLast,xff-symbol,high,recomp,
0x01476510,0x0147652C,GAMECORE,sub_01476510,getEventScriptClass,xff-symbol+reloc-jal,high,recomp,
0x01476530,0x01476544,GAMECORE,sub_01476530,flushEventScriptObjImmediate,xff-symbol,high,recomp,
0x01476548,0x0147655C,GAMECORE,sub_01476548,flushEventScriptObj,xff-symbol,high,recomp,
0x01476560,0x014765C4,GAMECORE,sub_01476560,initEventScriptObj,xff-symbol,high,recomp,
0x014765C8,0x014765F4,GAMECORE,sub_014765C8,getEventScriptObjWorkSize,xff-symbol,high,recomp,
0x014765F8,0x014766C4,GAMECORE,sub_014765F8,createEventScriptObj,xff-symbol+reloc-jal,high,recomp,
0x014766C8,0x014766E0,GAMECORE,sub_014766C8,,reloc-la,high,recomp,
0x014766E0,0x014766F8,GAMECORE,sub_014766E0,,reloc-la,high,recomp,
0x014766F8,0x0147672C,GAMECORE,sub_014766F8,SCREventFuncSetGripDamage,xff-symbol,high,recomp,
0x01476730,0x01476758,GAMECORE,sub_01476730,SCRFuncSoundResetPlayerAttrInfo,xff-symbol,high,recomp,
0x01476758,0x01476760,GAMECORE,sub_01476758,SCRFuncSoundSetDepth,xff-symbol,high,recomp,
0x01476760,0x014767D0,GAMECORE,sub_01476760,SCRFuncActiveDemoStandby,xff-symbol,high,recomp,
0x014767D0,0x01476840,GAMECORE,sub_014767D0,SCRFuncActiveDemoCancel,xff-symbol,high,recomp,
0x01476840,0x014768B0,GAMECORE,sub_01476840,SCRFuncActiveDemoStart,xff-symbol,high,recomp,
0x014768B0,0x01476938,GAMECORE,sub_014768B0,SCRFuncSoundPlay,xff-symbol,high,recomp,
0x01476938,0x01476960,GAMECORE,sub_01476938,,reloc-la,high,recomp,
0x01476960,0x01476978,GAMECORE,sub_01476960,SCRConditionSoundSignal,xff-symbol,high,recomp,
0x01476978,0x01476A90,GAMECORE,sub_01476978,SCRSoundConditionPlayerParentColAttr,xff-symbol,high,recomp,
0x01476A90,0x01476AC8,GAMECORE,sub_01476A90,SCREventConditionPlayerRidingHorse,xff-symbol,high,recomp,
0x01476AC8,0x01476BA8,GAMECORE,sub_01476AC8,SCREventConditionOverDistanceToPlayerWorldXZ,xff-symbol,high,recomp,
0x01476BA8,0x01476C94,GAMECORE,sub_01476BA8,SCREventConditionLessDistanceToPlayerWorldXZ,xff-symbol,high,recomp,
0x01476C98,0x01476DAC,GAMECORE,sub_01476C98,SCREventConditionVolumeCheckByGameObj,xff-symbol,high,recomp,
0x01476DB0,0x01476DBC,GAMECORE,sub_01476DB0,getSScriptWork,xff-symbol+reloc-jal,high,recomp,
0x01476DC0,0x01476DD8,GAMECORE,sub_01476DC0,initSScriptSystem,xff-symbol+reloc-jal,high,recomp,
0x01476DD8,0x01476E44,GAMECORE,sub_01476DD8,updateSScriptSystem,xff-symbol+reloc-jal,high,recomp,
0x01476E48,0x01476E90,GAMECORE,sub_01476E48,difftime,xff-symbol+reloc-jal,high,recomp,
